model_id,packet_id,target_flaw,route,detected,specialist_acquisitions,total_role_acquisitions,incremental_cost,total_role_cost,stop_reason,private_working_score,manuscript_eligible,dataset,corpus_id,evaluation_mode
gemma3:4b,PKT_002927260f3c7e30,unsupported_evidence,generalist,True,0,1,0.0,1.0,expected_gain_below_threshold,True,False,Dreaddit,dreaddit,five_fold_out_of_fold_development
gemma3:4b,PKT_079711d0d9c35d83,counterevidence_loss,generalist,True,0,1,0.0,1.0,expected_gain_below_threshold,True,False,Dreaddit,dreaddit,five_fold_out_of_fold_development
gemma3:4b,PKT_0ac0981facbf63f5,counterevidence_loss,generalist,True,0,1,0.0,1.0,expected_gain_below_threshold,True,False,Dreaddit,dreaddit,five_fold_out_of_fold_development
gemma3:4b,PKT_0ccc8940cd7630e7,counterevidence_loss,generalist,False,0,1,0.0,1.0,expected_gain_below_threshold,True,False,Dreaddit,dreaddit,five_fold_out_of_fold_development
gemma3:4b,PKT_0e5da0e8f05a3881,counterevidence_loss,generalist,True,0,1,0.0,1.0,expected_gain_below_threshold,True,False,Dreaddit,dreaddit,five_fold_out_of_fold_development
gemma3:4b,PKT_154362b83487672e,counterevidence_loss,generalist,True,0,1,0.0,1.0,expected_gain_below_threshold,True,False,Dreaddit,dreaddit,five_fold_out_of_fold_development
gemma3:4b,PKT_1b1c15a353db2043,unsupported_abstraction,generalist,True,0,1,0.0,1.0,expected_gain_below_threshold,True,False,Dreaddit,dreaddit,five_fold_out_of_fold_development
gemma3:4b,PKT_1c88945fb6db2727,unsupported_evidence,generalist,True,0,1,0.0,1.0,expected_gain_below_threshold,True,False,Dreaddit,dreaddit,five_fold_out_of_fold_development
gemma3:4b,PKT_1dcbc8e5d3b79b3f,source_concentration,generalist,False,0,1,0.0,1.0,expected_gain_below_threshold,True,False,Dreaddit,dreaddit,five_fold_out_of_fold_development
gemma3:4b,PKT_204f2168f98db763,unsupported_abstraction,generalist,False,0,1,0.0,1.0,expected_gain_below_threshold,True,False,Dreaddit,dreaddit,five_fold_out_of_fold_development
gemma3:4b,PKT_210446d17ec3dcd5,source_concentration,generalist,False,0,1,0.0,1.0,expected_gain_below_threshold,True,False,Dreaddit,dreaddit,five_fold_out_of_fold_development
gemma3:4b,PKT_211ca2f2916406e7,contextual_flattening,generalist,True,0,1,0.0,1.0,expected_gain_below_threshold,True,False,Dreaddit,dreaddit,five_fold_out_of_fold_development
gemma3:4b,PKT_236f92dec9f650d4,source_concentration,generalist,False,0,1,0.0,1.0,expected_gain_below_threshold,True,False,Dreaddit,dreaddit,five_fold_out_of_fold_development
gemma3:4b,PKT_237a6acc932b2f92,unsupported_evidence,generalist,True,0,1,0.0,1.0,expected_gain_below_threshold,True,False,Dreaddit,dreaddit,five_fold_out_of_fold_development
gemma3:4b,PKT_25549c6149f1494d,unsupported_abstraction,generalist,False,0,1,0.0,1.0,expected_gain_below_threshold,True,False,Dreaddit,dreaddit,five_fold_out_of_fold_development
gemma3:4b,PKT_27b664c7cb6875c0,unsupported_evidence,generalist,False,0,1,0.0,1.0,expected_gain_below_threshold,True,False,Dreaddit,dreaddit,five_fold_out_of_fold_development
gemma3:4b,PKT_28446e9c432eef08,unsupported_abstraction,generalist,True,0,1,0.0,1.0,expected_gain_below_threshold,True,False,Dreaddit,dreaddit,five_fold_out_of_fold_development
gemma3:4b,PKT_303c6362968864b3,source_concentration,generalist,False,0,1,0.0,1.0,expected_gain_below_threshold,True,False,Dreaddit,dreaddit,five_fold_out_of_fold_development
gemma3:4b,PKT_3290d62e739acc77,contextual_flattening,generalist,True,0,1,0.0,1.0,expected_gain_below_threshold,True,False,Dreaddit,dreaddit,five_fold_out_of_fold_development
gemma3:4b,PKT_364f4f10923c99a9,contextual_flattening,generalist,True,0,1,0.0,1.0,expected_gain_below_threshold,True,False,Dreaddit,dreaddit,five_fold_out_of_fold_development
llama3.1:8b,PKT_002927260f3c7e30,unsupported_evidence,both,True,2,3,2.25,3.25,both_specialists_acquired,True,False,Dreaddit,dreaddit,five_fold_out_of_fold_development
llama3.1:8b,PKT_079711d0d9c35d83,counterevidence_loss,both,True,2,3,2.25,3.25,both_specialists_acquired,True,False,Dreaddit,dreaddit,five_fold_out_of_fold_development
llama3.1:8b,PKT_0ac0981facbf63f5,counterevidence_loss,both,True,2,3,2.25,3.25,both_specialists_acquired,True,False,Dreaddit,dreaddit,five_fold_out_of_fold_development
llama3.1:8b,PKT_0ccc8940cd7630e7,counterevidence_loss,both,True,2,3,2.25,3.25,both_specialists_acquired,True,False,Dreaddit,dreaddit,five_fold_out_of_fold_development
llama3.1:8b,PKT_0e5da0e8f05a3881,counterevidence_loss,both,False,2,3,2.25,3.25,both_specialists_acquired,True,False,Dreaddit,dreaddit,five_fold_out_of_fold_development
llama3.1:8b,PKT_154362b83487672e,counterevidence_loss,generalist,True,0,1,0.0,1.0,expected_gain_below_threshold,True,False,Dreaddit,dreaddit,five_fold_out_of_fold_development
llama3.1:8b,PKT_1b1c15a353db2043,unsupported_abstraction,both,True,2,3,2.25,3.25,both_specialists_acquired,True,False,Dreaddit,dreaddit,five_fold_out_of_fold_development
llama3.1:8b,PKT_1c88945fb6db2727,unsupported_evidence,both,False,2,3,2.25,3.25,both_specialists_acquired,True,False,Dreaddit,dreaddit,five_fold_out_of_fold_development
llama3.1:8b,PKT_1dcbc8e5d3b79b3f,source_concentration,generalist,False,0,1,0.0,1.0,expected_gain_below_threshold,True,False,Dreaddit,dreaddit,five_fold_out_of_fold_development
llama3.1:8b,PKT_204f2168f98db763,unsupported_abstraction,generalist,True,0,1,0.0,1.0,expected_gain_below_threshold,True,False,Dreaddit,dreaddit,five_fold_out_of_fold_development
llama3.1:8b,PKT_210446d17ec3dcd5,source_concentration,generalist,False,0,1,0.0,1.0,expected_gain_below_threshold,True,False,Dreaddit,dreaddit,five_fold_out_of_fold_development
llama3.1:8b,PKT_211ca2f2916406e7,contextual_flattening,both,True,2,3,2.25,3.25,both_specialists_acquired,True,False,Dreaddit,dreaddit,five_fold_out_of_fold_development
llama3.1:8b,PKT_236f92dec9f650d4,source_concentration,generalist,False,0,1,0.0,1.0,expected_gain_below_threshold,True,False,Dreaddit,dreaddit,five_fold_out_of_fold_development
llama3.1:8b,PKT_237a6acc932b2f92,unsupported_evidence,both,False,2,3,2.25,3.25,both_specialists_acquired,True,False,Dreaddit,dreaddit,five_fold_out_of_fold_development
llama3.1:8b,PKT_25549c6149f1494d,unsupported_abstraction,both,False,2,3,2.25,3.25,both_specialists_acquired,True,False,Dreaddit,dreaddit,five_fold_out_of_fold_development
llama3.1:8b,PKT_27b664c7cb6875c0,unsupported_evidence,both,False,2,3,2.25,3.25,both_specialists_acquired,True,False,Dreaddit,dreaddit,five_fold_out_of_fold_development
llama3.1:8b,PKT_28446e9c432eef08,unsupported_abstraction,generalist,True,0,1,0.0,1.0,expected_gain_below_threshold,True,False,Dreaddit,dreaddit,five_fold_out_of_fold_development
llama3.1:8b,PKT_303c6362968864b3,source_concentration,generalist,False,0,1,0.0,1.0,expected_gain_below_threshold,True,False,Dreaddit,dreaddit,five_fold_out_of_fold_development
llama3.1:8b,PKT_3290d62e739acc77,contextual_flattening,both,False,2,3,2.25,3.25,both_specialists_acquired,True,False,Dreaddit,dreaddit,five_fold_out_of_fold_development
llama3.1:8b,PKT_364f4f10923c99a9,contextual_flattening,both,True,2,3,2.25,3.25,both_specialists_acquired,True,False,Dreaddit,dreaddit,five_fold_out_of_fold_development
qwen3:8b,PKT_002927260f3c7e30,unsupported_evidence,generalist,False,0,1,0.0,1.0,expected_gain_below_threshold,True,False,Dreaddit,dreaddit,five_fold_out_of_fold_development
qwen3:8b,PKT_079711d0d9c35d83,counterevidence_loss,generalist,True,0,1,0.0,1.0,expected_gain_below_threshold,True,False,Dreaddit,dreaddit,five_fold_out_of_fold_development
qwen3:8b,PKT_0ac0981facbf63f5,counterevidence_loss,generalist,True,0,1,0.0,1.0,expected_gain_below_threshold,True,False,Dreaddit,dreaddit,five_fold_out_of_fold_development
qwen3:8b,PKT_0ccc8940cd7630e7,counterevidence_loss,generalist,True,0,1,0.0,1.0,expected_gain_below_threshold,True,False,Dreaddit,dreaddit,five_fold_out_of_fold_development
qwen3:8b,PKT_0e5da0e8f05a3881,counterevidence_loss,generalist,True,0,1,0.0,1.0,expected_gain_below_threshold,True,False,Dreaddit,dreaddit,five_fold_out_of_fold_development
qwen3:8b,PKT_154362b83487672e,counterevidence_loss,generalist,True,0,1,0.0,1.0,expected_gain_below_threshold,True,False,Dreaddit,dreaddit,five_fold_out_of_fold_development
qwen3:8b,PKT_1b1c15a353db2043,unsupported_abstraction,generalist,True,0,1,0.0,1.0,expected_gain_below_threshold,True,False,Dreaddit,dreaddit,five_fold_out_of_fold_development
qwen3:8b,PKT_1c88945fb6db2727,unsupported_evidence,generalist,False,0,1,0.0,1.0,expected_gain_below_threshold,True,False,Dreaddit,dreaddit,five_fold_out_of_fold_development
qwen3:8b,PKT_1dcbc8e5d3b79b3f,source_concentration,qualitative_methods,True,1,2,1.0,2.0,expected_gain_below_threshold,True,False,Dreaddit,dreaddit,five_fold_out_of_fold_development
qwen3:8b,PKT_204f2168f98db763,unsupported_abstraction,generalist,True,0,1,0.0,1.0,expected_gain_below_threshold,True,False,Dreaddit,dreaddit,five_fold_out_of_fold_development
qwen3:8b,PKT_210446d17ec3dcd5,source_concentration,qualitative_methods,False,1,2,1.0,2.0,expected_gain_below_threshold,True,False,Dreaddit,dreaddit,five_fold_out_of_fold_development
qwen3:8b,PKT_211ca2f2916406e7,contextual_flattening,generalist,True,0,1,0.0,1.0,expected_gain_below_threshold,True,False,Dreaddit,dreaddit,five_fold_out_of_fold_development
qwen3:8b,PKT_236f92dec9f650d4,source_concentration,generalist,True,0,1,0.0,1.0,expected_gain_below_threshold,True,False,Dreaddit,dreaddit,five_fold_out_of_fold_development
qwen3:8b,PKT_237a6acc932b2f92,unsupported_evidence,generalist,False,0,1,0.0,1.0,expected_gain_below_threshold,True,False,Dreaddit,dreaddit,five_fold_out_of_fold_development
qwen3:8b,PKT_25549c6149f1494d,unsupported_abstraction,generalist,True,0,1,0.0,1.0,expected_gain_below_threshold,True,False,Dreaddit,dreaddit,five_fold_out_of_fold_development
qwen3:8b,PKT_27b664c7cb6875c0,unsupported_evidence,generalist,False,0,1,0.0,1.0,expected_gain_below_threshold,True,False,Dreaddit,dreaddit,five_fold_out_of_fold_development
qwen3:8b,PKT_28446e9c432eef08,unsupported_abstraction,generalist,True,0,1,0.0,1.0,expected_gain_below_threshold,True,False,Dreaddit,dreaddit,five_fold_out_of_fold_development
qwen3:8b,PKT_303c6362968864b3,source_concentration,qualitative_methods,True,1,2,1.0,2.0,expected_gain_below_threshold,True,False,Dreaddit,dreaddit,five_fold_out_of_fold_development
qwen3:8b,PKT_3290d62e739acc77,contextual_flattening,generalist,True,0,1,0.0,1.0,expected_gain_below_threshold,True,False,Dreaddit,dreaddit,five_fold_out_of_fold_development
qwen3:8b,PKT_364f4f10923c99a9,contextual_flattening,generalist,True,0,1,0.0,1.0,expected_gain_below_threshold,True,False,Dreaddit,dreaddit,five_fold_out_of_fold_development
gemma3:4b,PKT_02611900e846fc5e,unsupported_abstraction,generalist,True,0,1,0.0,1.0,expected_gain_below_threshold,True,False,Dreaddit,dreaddit,five_fold_out_of_fold_development
gemma3:4b,PKT_02982196a5e6d627,counterevidence_loss,generalist,True,0,1,0.0,1.0,expected_gain_below_threshold,True,False,Dreaddit,dreaddit,five_fold_out_of_fold_development
gemma3:4b,PKT_04cb0f041df4b4b9,source_concentration,both,False,2,3,2.25,3.25,both_specialists_acquired,True,False,Dreaddit,dreaddit,five_fold_out_of_fold_development
gemma3:4b,PKT_06d4ed823fbfbd6e,unsupported_evidence,generalist,True,0,1,0.0,1.0,expected_gain_below_threshold,True,False,Dreaddit,dreaddit,five_fold_out_of_fold_development
gemma3:4b,PKT_08af74cd3d94c59a,unsupported_evidence,generalist,True,0,1,0.0,1.0,expected_gain_below_threshold,True,False,Dreaddit,dreaddit,five_fold_out_of_fold_development
gemma3:4b,PKT_08fb5b07994ecf09,unsupported_abstraction,generalist,True,0,1,0.0,1.0,expected_gain_below_threshold,True,False,Dreaddit,dreaddit,five_fold_out_of_fold_development
gemma3:4b,PKT_0b5833a7479d18f5,unsupported_abstraction,generalist,True,0,1,0.0,1.0,expected_gain_below_threshold,True,False,Dreaddit,dreaddit,five_fold_out_of_fold_development
gemma3:4b,PKT_0d75310cb7e660a8,contextual_flattening,generalist,True,0,1,0.0,1.0,expected_gain_below_threshold,True,False,Dreaddit,dreaddit,five_fold_out_of_fold_development
gemma3:4b,PKT_1498bc634b878575,counterevidence_loss,generalist,False,0,1,0.0,1.0,expected_gain_below_threshold,True,False,Dreaddit,dreaddit,five_fold_out_of_fold_development
gemma3:4b,PKT_19696515db5ec8da,unsupported_evidence,generalist,True,0,1,0.0,1.0,expected_gain_below_threshold,True,False,Dreaddit,dreaddit,five_fold_out_of_fold_development
gemma3:4b,PKT_19deb593a23568e0,unsupported_abstraction,generalist,True,0,1,0.0,1.0,expected_gain_below_threshold,True,False,Dreaddit,dreaddit,five_fold_out_of_fold_development
gemma3:4b,PKT_1dc2aa9b1624a52e,source_concentration,generalist,False,0,1,0.0,1.0,expected_gain_below_threshold,True,False,Dreaddit,dreaddit,five_fold_out_of_fold_development
gemma3:4b,PKT_1f39b1118592a33d,unsupported_abstraction,generalist,True,0,1,0.0,1.0,expected_gain_below_threshold,True,False,Dreaddit,dreaddit,five_fold_out_of_fold_development
gemma3:4b,PKT_239a1386f7ac0fba,contextual_flattening,generalist,True,0,1,0.0,1.0,expected_gain_below_threshold,True,False,Dreaddit,dreaddit,five_fold_out_of_fold_development
gemma3:4b,PKT_23b3e036fcac30d1,unsupported_evidence,generalist,True,0,1,0.0,1.0,expected_gain_below_threshold,True,False,Dreaddit,dreaddit,five_fold_out_of_fold_development
gemma3:4b,PKT_2741a98406c18c41,counterevidence_loss,generalist,True,0,1,0.0,1.0,expected_gain_below_threshold,True,False,Dreaddit,dreaddit,five_fold_out_of_fold_development
gemma3:4b,PKT_277a42bbce3b60a6,unsupported_abstraction,generalist,True,0,1,0.0,1.0,expected_gain_below_threshold,True,False,Dreaddit,dreaddit,five_fold_out_of_fold_development
gemma3:4b,PKT_286f62f20535c226,unsupported_evidence,generalist,True,0,1,0.0,1.0,expected_gain_below_threshold,True,False,Dreaddit,dreaddit,five_fold_out_of_fold_development
gemma3:4b,PKT_3125010dca0b3a05,counterevidence_loss,generalist,True,0,1,0.0,1.0,expected_gain_below_threshold,True,False,Dreaddit,dreaddit,five_fold_out_of_fold_development
gemma3:4b,PKT_3e1980c9de371676,contextual_flattening,generalist,True,0,1,0.0,1.0,expected_gain_below_threshold,True,False,Dreaddit,dreaddit,five_fold_out_of_fold_development
llama3.1:8b,PKT_02611900e846fc5e,unsupported_abstraction,generalist,True,0,1,0.0,1.0,expected_gain_below_threshold,True,False,Dreaddit,dreaddit,five_fold_out_of_fold_development
llama3.1:8b,PKT_02982196a5e6d627,counterevidence_loss,generalist,False,0,1,0.0,1.0,expected_gain_below_threshold,True,False,Dreaddit,dreaddit,five_fold_out_of_fold_development
llama3.1:8b,PKT_04cb0f041df4b4b9,source_concentration,generalist,False,0,1,0.0,1.0,expected_gain_below_threshold,True,False,Dreaddit,dreaddit,five_fold_out_of_fold_development
llama3.1:8b,PKT_06d4ed823fbfbd6e,unsupported_evidence,generalist,False,0,1,0.0,1.0,expected_gain_below_threshold,True,False,Dreaddit,dreaddit,five_fold_out_of_fold_development
llama3.1:8b,PKT_08af74cd3d94c59a,unsupported_evidence,generalist,False,0,1,0.0,1.0,expected_gain_below_threshold,True,False,Dreaddit,dreaddit,five_fold_out_of_fold_development
llama3.1:8b,PKT_08fb5b07994ecf09,unsupported_abstraction,generalist,False,0,1,0.0,1.0,expected_gain_below_threshold,True,False,Dreaddit,dreaddit,five_fold_out_of_fold_development
llama3.1:8b,PKT_0b5833a7479d18f5,unsupported_abstraction,generalist,False,0,1,0.0,1.0,expected_gain_below_threshold,True,False,Dreaddit,dreaddit,five_fold_out_of_fold_development
llama3.1:8b,PKT_0d75310cb7e660a8,contextual_flattening,generalist,False,0,1,0.0,1.0,expected_gain_below_threshold,True,False,Dreaddit,dreaddit,five_fold_out_of_fold_development
llama3.1:8b,PKT_1498bc634b878575,counterevidence_loss,generalist,False,0,1,0.0,1.0,expected_gain_below_threshold,True,False,Dreaddit,dreaddit,five_fold_out_of_fold_development
llama3.1:8b,PKT_19696515db5ec8da,unsupported_evidence,generalist,False,0,1,0.0,1.0,expected_gain_below_threshold,True,False,Dreaddit,dreaddit,five_fold_out_of_fold_development
llama3.1:8b,PKT_19deb593a23568e0,unsupported_abstraction,generalist,False,0,1,0.0,1.0,expected_gain_below_threshold,True,False,Dreaddit,dreaddit,five_fold_out_of_fold_development
llama3.1:8b,PKT_1dc2aa9b1624a52e,source_concentration,generalist,False,0,1,0.0,1.0,expected_gain_below_threshold,True,False,Dreaddit,dreaddit,five_fold_out_of_fold_development
llama3.1:8b,PKT_1f39b1118592a33d,unsupported_abstraction,generalist,False,0,1,0.0,1.0,expected_gain_below_threshold,True,False,Dreaddit,dreaddit,five_fold_out_of_fold_development
llama3.1:8b,PKT_239a1386f7ac0fba,contextual_flattening,generalist,False,0,1,0.0,1.0,expected_gain_below_threshold,True,False,Dreaddit,dreaddit,five_fold_out_of_fold_development
llama3.1:8b,PKT_23b3e036fcac30d1,unsupported_evidence,generalist,False,0,1,0.0,1.0,expected_gain_below_threshold,True,False,Dreaddit,dreaddit,five_fold_out_of_fold_development
llama3.1:8b,PKT_2741a98406c18c41,counterevidence_loss,generalist,False,0,1,0.0,1.0,expected_gain_below_threshold,True,False,Dreaddit,dreaddit,five_fold_out_of_fold_development
llama3.1:8b,PKT_277a42bbce3b60a6,unsupported_abstraction,generalist,False,0,1,0.0,1.0,expected_gain_below_threshold,True,False,Dreaddit,dreaddit,five_fold_out_of_fold_development
llama3.1:8b,PKT_286f62f20535c226,unsupported_evidence,generalist,False,0,1,0.0,1.0,expected_gain_below_threshold,True,False,Dreaddit,dreaddit,five_fold_out_of_fold_development
llama3.1:8b,PKT_3125010dca0b3a05,counterevidence_loss,generalist,False,0,1,0.0,1.0,expected_gain_below_threshold,True,False,Dreaddit,dreaddit,five_fold_out_of_fold_development
llama3.1:8b,PKT_3e1980c9de371676,contextual_flattening,generalist,True,0,1,0.0,1.0,expected_gain_below_threshold,True,False,Dreaddit,dreaddit,five_fold_out_of_fold_development
qwen3:8b,PKT_02611900e846fc5e,unsupported_abstraction,generalist,True,0,1,0.0,1.0,expected_gain_below_threshold,True,False,Dreaddit,dreaddit,five_fold_out_of_fold_development
qwen3:8b,PKT_02982196a5e6d627,counterevidence_loss,generalist,True,0,1,0.0,1.0,expected_gain_below_threshold,True,False,Dreaddit,dreaddit,five_fold_out_of_fold_development
qwen3:8b,PKT_04cb0f041df4b4b9,source_concentration,generalist,True,0,1,0.0,1.0,expected_gain_below_threshold,True,False,Dreaddit,dreaddit,five_fold_out_of_fold_development
qwen3:8b,PKT_06d4ed823fbfbd6e,unsupported_evidence,generalist,False,0,1,0.0,1.0,expected_gain_below_threshold,True,False,Dreaddit,dreaddit,five_fold_out_of_fold_development
qwen3:8b,PKT_08af74cd3d94c59a,unsupported_evidence,generalist,False,0,1,0.0,1.0,expected_gain_below_threshold,True,False,Dreaddit,dreaddit,five_fold_out_of_fold_development
qwen3:8b,PKT_08fb5b07994ecf09,unsupported_abstraction,generalist,True,0,1,0.0,1.0,expected_gain_below_threshold,True,False,Dreaddit,dreaddit,five_fold_out_of_fold_development
qwen3:8b,PKT_0b5833a7479d18f5,unsupported_abstraction,generalist,True,0,1,0.0,1.0,expected_gain_below_threshold,True,False,Dreaddit,dreaddit,five_fold_out_of_fold_development
qwen3:8b,PKT_0d75310cb7e660a8,contextual_flattening,generalist,True,0,1,0.0,1.0,expected_gain_below_threshold,True,False,Dreaddit,dreaddit,five_fold_out_of_fold_development
qwen3:8b,PKT_1498bc634b878575,counterevidence_loss,generalist,True,0,1,0.0,1.0,expected_gain_below_threshold,True,False,Dreaddit,dreaddit,five_fold_out_of_fold_development
qwen3:8b,PKT_19696515db5ec8da,unsupported_evidence,generalist,False,0,1,0.0,1.0,expected_gain_below_threshold,True,False,Dreaddit,dreaddit,five_fold_out_of_fold_development
qwen3:8b,PKT_19deb593a23568e0,unsupported_abstraction,generalist,True,0,1,0.0,1.0,expected_gain_below_threshold,True,False,Dreaddit,dreaddit,five_fold_out_of_fold_development
qwen3:8b,PKT_1dc2aa9b1624a52e,source_concentration,generalist,False,0,1,0.0,1.0,expected_gain_below_threshold,True,False,Dreaddit,dreaddit,five_fold_out_of_fold_development
qwen3:8b,PKT_1f39b1118592a33d,unsupported_abstraction,generalist,True,0,1,0.0,1.0,expected_gain_below_threshold,True,False,Dreaddit,dreaddit,five_fold_out_of_fold_development
qwen3:8b,PKT_239a1386f7ac0fba,contextual_flattening,generalist,True,0,1,0.0,1.0,expected_gain_below_threshold,True,False,Dreaddit,dreaddit,five_fold_out_of_fold_development
qwen3:8b,PKT_23b3e036fcac30d1,unsupported_evidence,generalist,False,0,1,0.0,1.0,expected_gain_below_threshold,True,False,Dreaddit,dreaddit,five_fold_out_of_fold_development
qwen3:8b,PKT_2741a98406c18c41,counterevidence_loss,generalist,True,0,1,0.0,1.0,expected_gain_below_threshold,True,False,Dreaddit,dreaddit,five_fold_out_of_fold_development
qwen3:8b,PKT_277a42bbce3b60a6,unsupported_abstraction,generalist,True,0,1,0.0,1.0,expected_gain_below_threshold,True,False,Dreaddit,dreaddit,five_fold_out_of_fold_development
qwen3:8b,PKT_286f62f20535c226,unsupported_evidence,generalist,False,0,1,0.0,1.0,expected_gain_below_threshold,True,False,Dreaddit,dreaddit,five_fold_out_of_fold_development
qwen3:8b,PKT_3125010dca0b3a05,counterevidence_loss,generalist,True,0,1,0.0,1.0,expected_gain_below_threshold,True,False,Dreaddit,dreaddit,five_fold_out_of_fold_development
qwen3:8b,PKT_3e1980c9de371676,contextual_flattening,generalist,True,0,1,0.0,1.0,expected_gain_below_threshold,True,False,Dreaddit,dreaddit,five_fold_out_of_fold_development
gemma3:4b,PKT_026594c9b5bda243,unsupported_evidence,generalist,True,0,1,0.0,1.0,expected_gain_below_threshold,True,False,Dreaddit,dreaddit,five_fold_out_of_fold_development
gemma3:4b,PKT_0717647058cac0d0,unsupported_abstraction,generalist,True,0,1,0.0,1.0,expected_gain_below_threshold,True,False,Dreaddit,dreaddit,five_fold_out_of_fold_development
gemma3:4b,PKT_07d6ed65ee6547e8,contextual_flattening,generalist,True,0,1,0.0,1.0,expected_gain_below_threshold,True,False,Dreaddit,dreaddit,five_fold_out_of_fold_development
gemma3:4b,PKT_0809725644588bcb,contextual_flattening,generalist,True,0,1,0.0,1.0,expected_gain_below_threshold,True,False,Dreaddit,dreaddit,five_fold_out_of_fold_development
gemma3:4b,PKT_095ed03cf3ae1179,counterevidence_loss,generalist,True,0,1,0.0,1.0,expected_gain_below_threshold,True,False,Dreaddit,dreaddit,five_fold_out_of_fold_development
gemma3:4b,PKT_0be1e44cef7c8fde,source_concentration,both,True,2,3,2.25,3.25,both_specialists_acquired,True,False,Dreaddit,dreaddit,five_fold_out_of_fold_development
gemma3:4b,PKT_148310a7a26d58a5,unsupported_evidence,generalist,True,0,1,0.0,1.0,expected_gain_below_threshold,True,False,Dreaddit,dreaddit,five_fold_out_of_fold_development
gemma3:4b,PKT_162725a5e2166142,unsupported_evidence,generalist,True,0,1,0.0,1.0,expected_gain_below_threshold,True,False,Dreaddit,dreaddit,five_fold_out_of_fold_development
gemma3:4b,PKT_17956e7f667ff696,contextual_flattening,generalist,True,0,1,0.0,1.0,expected_gain_below_threshold,True,False,Dreaddit,dreaddit,five_fold_out_of_fold_development
gemma3:4b,PKT_17fb699e379c46c7,counterevidence_loss,generalist,True,0,1,0.0,1.0,expected_gain_below_threshold,True,False,Dreaddit,dreaddit,five_fold_out_of_fold_development
gemma3:4b,PKT_1917f595bc30a1e9,unsupported_evidence,generalist,True,0,1,0.0,1.0,expected_gain_below_threshold,True,False,Dreaddit,dreaddit,five_fold_out_of_fold_development
gemma3:4b,PKT_19a152fea37e23a7,source_concentration,both,False,2,3,2.25,3.25,both_specialists_acquired,True,False,Dreaddit,dreaddit,five_fold_out_of_fold_development
gemma3:4b,PKT_1a701194e07cb068,source_concentration,both,True,2,3,2.25,3.25,both_specialists_acquired,True,False,Dreaddit,dreaddit,five_fold_out_of_fold_development
gemma3:4b,PKT_1c19bf22eb3b346e,source_concentration,both,True,2,3,2.25,3.25,both_specialists_acquired,True,False,Dreaddit,dreaddit,five_fold_out_of_fold_development
gemma3:4b,PKT_23d82c81b9092735,unsupported_abstraction,generalist,True,0,1,0.0,1.0,expected_gain_below_threshold,True,False,Dreaddit,dreaddit,five_fold_out_of_fold_development
gemma3:4b,PKT_26e814ded58c5d65,unsupported_abstraction,generalist,True,0,1,0.0,1.0,expected_gain_below_threshold,True,False,Dreaddit,dreaddit,five_fold_out_of_fold_development
gemma3:4b,PKT_27be1aa2d7dda973,source_concentration,both,True,2,3,2.25,3.25,both_specialists_acquired,True,False,Dreaddit,dreaddit,five_fold_out_of_fold_development
gemma3:4b,PKT_2b0b2bb8e6e6b39f,source_concentration,both,False,2,3,2.25,3.25,both_specialists_acquired,True,False,Dreaddit,dreaddit,five_fold_out_of_fold_development
gemma3:4b,PKT_32fa4dfd5ad698e9,counterevidence_loss,generalist,True,0,1,0.0,1.0,expected_gain_below_threshold,True,False,Dreaddit,dreaddit,five_fold_out_of_fold_development
gemma3:4b,PKT_34786b81eafb56b2,counterevidence_loss,generalist,True,0,1,0.0,1.0,expected_gain_below_threshold,True,False,Dreaddit,dreaddit,five_fold_out_of_fold_development
llama3.1:8b,PKT_026594c9b5bda243,unsupported_evidence,generalist,False,0,1,0.0,1.0,expected_gain_below_threshold,True,False,Dreaddit,dreaddit,five_fold_out_of_fold_development
llama3.1:8b,PKT_0717647058cac0d0,unsupported_abstraction,generalist,False,0,1,0.0,1.0,expected_gain_below_threshold,True,False,Dreaddit,dreaddit,five_fold_out_of_fold_development
llama3.1:8b,PKT_07d6ed65ee6547e8,contextual_flattening,generalist,False,0,1,0.0,1.0,expected_gain_below_threshold,True,False,Dreaddit,dreaddit,five_fold_out_of_fold_development
llama3.1:8b,PKT_0809725644588bcb,contextual_flattening,generalist,True,0,1,0.0,1.0,expected_gain_below_threshold,True,False,Dreaddit,dreaddit,five_fold_out_of_fold_development
llama3.1:8b,PKT_095ed03cf3ae1179,counterevidence_loss,generalist,False,0,1,0.0,1.0,expected_gain_below_threshold,True,False,Dreaddit,dreaddit,five_fold_out_of_fold_development
llama3.1:8b,PKT_0be1e44cef7c8fde,source_concentration,generalist,False,0,1,0.0,1.0,expected_gain_below_threshold,True,False,Dreaddit,dreaddit,five_fold_out_of_fold_development
llama3.1:8b,PKT_148310a7a26d58a5,unsupported_evidence,generalist,False,0,1,0.0,1.0,expected_gain_below_threshold,True,False,Dreaddit,dreaddit,five_fold_out_of_fold_development
llama3.1:8b,PKT_162725a5e2166142,unsupported_evidence,generalist,False,0,1,0.0,1.0,expected_gain_below_threshold,True,False,Dreaddit,dreaddit,five_fold_out_of_fold_development
llama3.1:8b,PKT_17956e7f667ff696,contextual_flattening,generalist,False,0,1,0.0,1.0,expected_gain_below_threshold,True,False,Dreaddit,dreaddit,five_fold_out_of_fold_development
llama3.1:8b,PKT_17fb699e379c46c7,counterevidence_loss,generalist,False,0,1,0.0,1.0,expected_gain_below_threshold,True,False,Dreaddit,dreaddit,five_fold_out_of_fold_development
llama3.1:8b,PKT_1917f595bc30a1e9,unsupported_evidence,generalist,False,0,1,0.0,1.0,expected_gain_below_threshold,True,False,Dreaddit,dreaddit,five_fold_out_of_fold_development
llama3.1:8b,PKT_19a152fea37e23a7,source_concentration,generalist,False,0,1,0.0,1.0,expected_gain_below_threshold,True,False,Dreaddit,dreaddit,five_fold_out_of_fold_development
llama3.1:8b,PKT_1a701194e07cb068,source_concentration,generalist,False,0,1,0.0,1.0,expected_gain_below_threshold,True,False,Dreaddit,dreaddit,five_fold_out_of_fold_development
llama3.1:8b,PKT_1c19bf22eb3b346e,source_concentration,generalist,False,0,1,0.0,1.0,expected_gain_below_threshold,True,False,Dreaddit,dreaddit,five_fold_out_of_fold_development
llama3.1:8b,PKT_23d82c81b9092735,unsupported_abstraction,generalist,False,0,1,0.0,1.0,expected_gain_below_threshold,True,False,Dreaddit,dreaddit,five_fold_out_of_fold_development
llama3.1:8b,PKT_26e814ded58c5d65,unsupported_abstraction,generalist,True,0,1,0.0,1.0,expected_gain_below_threshold,True,False,Dreaddit,dreaddit,five_fold_out_of_fold_development
llama3.1:8b,PKT_27be1aa2d7dda973,source_concentration,generalist,False,0,1,0.0,1.0,expected_gain_below_threshold,True,False,Dreaddit,dreaddit,five_fold_out_of_fold_development
llama3.1:8b,PKT_2b0b2bb8e6e6b39f,source_concentration,generalist,False,0,1,0.0,1.0,expected_gain_below_threshold,True,False,Dreaddit,dreaddit,five_fold_out_of_fold_development
llama3.1:8b,PKT_32fa4dfd5ad698e9,counterevidence_loss,generalist,False,0,1,0.0,1.0,expected_gain_below_threshold,True,False,Dreaddit,dreaddit,five_fold_out_of_fold_development
llama3.1:8b,PKT_34786b81eafb56b2,counterevidence_loss,generalist,False,0,1,0.0,1.0,expected_gain_below_threshold,True,False,Dreaddit,dreaddit,five_fold_out_of_fold_development
qwen3:8b,PKT_026594c9b5bda243,unsupported_evidence,generalist,False,0,1,0.0,1.0,expected_gain_below_threshold,True,False,Dreaddit,dreaddit,five_fold_out_of_fold_development
qwen3:8b,PKT_0717647058cac0d0,unsupported_abstraction,generalist,True,0,1,0.0,1.0,expected_gain_below_threshold,True,False,Dreaddit,dreaddit,five_fold_out_of_fold_development
qwen3:8b,PKT_07d6ed65ee6547e8,contextual_flattening,generalist,True,0,1,0.0,1.0,expected_gain_below_threshold,True,False,Dreaddit,dreaddit,five_fold_out_of_fold_development
qwen3:8b,PKT_0809725644588bcb,contextual_flattening,generalist,True,0,1,0.0,1.0,expected_gain_below_threshold,True,False,Dreaddit,dreaddit,five_fold_out_of_fold_development
qwen3:8b,PKT_095ed03cf3ae1179,counterevidence_loss,generalist,True,0,1,0.0,1.0,expected_gain_below_threshold,True,False,Dreaddit,dreaddit,five_fold_out_of_fold_development
qwen3:8b,PKT_0be1e44cef7c8fde,source_concentration,generalist,False,0,1,0.0,1.0,expected_gain_below_threshold,True,False,Dreaddit,dreaddit,five_fold_out_of_fold_development
qwen3:8b,PKT_148310a7a26d58a5,unsupported_evidence,generalist,False,0,1,0.0,1.0,expected_gain_below_threshold,True,False,Dreaddit,dreaddit,five_fold_out_of_fold_development
qwen3:8b,PKT_162725a5e2166142,unsupported_evidence,generalist,False,0,1,0.0,1.0,expected_gain_below_threshold,True,False,Dreaddit,dreaddit,five_fold_out_of_fold_development
qwen3:8b,PKT_17956e7f667ff696,contextual_flattening,generalist,True,0,1,0.0,1.0,expected_gain_below_threshold,True,False,Dreaddit,dreaddit,five_fold_out_of_fold_development
qwen3:8b,PKT_17fb699e379c46c7,counterevidence_loss,generalist,True,0,1,0.0,1.0,expected_gain_below_threshold,True,False,Dreaddit,dreaddit,five_fold_out_of_fold_development
qwen3:8b,PKT_1917f595bc30a1e9,unsupported_evidence,generalist,False,0,1,0.0,1.0,expected_gain_below_threshold,True,False,Dreaddit,dreaddit,five_fold_out_of_fold_development
qwen3:8b,PKT_19a152fea37e23a7,source_concentration,generalist,True,0,1,0.0,1.0,expected_gain_below_threshold,True,False,Dreaddit,dreaddit,five_fold_out_of_fold_development
qwen3:8b,PKT_1a701194e07cb068,source_concentration,qualitative_methods,True,1,2,1.0,2.0,expected_gain_below_threshold,True,False,Dreaddit,dreaddit,five_fold_out_of_fold_development
qwen3:8b,PKT_1c19bf22eb3b346e,source_concentration,qualitative_methods,True,1,2,1.0,2.0,expected_gain_below_threshold,True,False,Dreaddit,dreaddit,five_fold_out_of_fold_development
qwen3:8b,PKT_23d82c81b9092735,unsupported_abstraction,generalist,True,0,1,0.0,1.0,expected_gain_below_threshold,True,False,Dreaddit,dreaddit,five_fold_out_of_fold_development
qwen3:8b,PKT_26e814ded58c5d65,unsupported_abstraction,generalist,True,0,1,0.0,1.0,expected_gain_below_threshold,True,False,Dreaddit,dreaddit,five_fold_out_of_fold_development
qwen3:8b,PKT_27be1aa2d7dda973,source_concentration,generalist,False,0,1,0.0,1.0,expected_gain_below_threshold,True,False,Dreaddit,dreaddit,five_fold_out_of_fold_development
qwen3:8b,PKT_2b0b2bb8e6e6b39f,source_concentration,generalist,True,0,1,0.0,1.0,expected_gain_below_threshold,True,False,Dreaddit,dreaddit,five_fold_out_of_fold_development
qwen3:8b,PKT_32fa4dfd5ad698e9,counterevidence_loss,generalist,True,0,1,0.0,1.0,expected_gain_below_threshold,True,False,Dreaddit,dreaddit,five_fold_out_of_fold_development
qwen3:8b,PKT_34786b81eafb56b2,counterevidence_loss,generalist,True,0,1,0.0,1.0,expected_gain_below_threshold,True,False,Dreaddit,dreaddit,five_fold_out_of_fold_development
gemma3:4b,PKT_02fa37b3926f1ee9,contextual_flattening,both,True,2,3,2.25,3.25,both_specialists_acquired,True,False,Dreaddit,dreaddit,five_fold_out_of_fold_development
gemma3:4b,PKT_041cea171447058c,unsupported_abstraction,generalist,True,0,1,0.0,1.0,expected_gain_below_threshold,True,False,Dreaddit,dreaddit,five_fold_out_of_fold_development
gemma3:4b,PKT_05ff02fa2d67a288,unsupported_evidence,both,True,2,3,2.25,3.25,both_specialists_acquired,True,False,Dreaddit,dreaddit,five_fold_out_of_fold_development
gemma3:4b,PKT_0d539c3ac0764425,counterevidence_loss,both,False,2,3,2.25,3.25,both_specialists_acquired,True,False,Dreaddit,dreaddit,five_fold_out_of_fold_development
gemma3:4b,PKT_0f6f8b1921d4d48d,contextual_flattening,generalist,False,0,1,0.0,1.0,expected_gain_below_threshold,True,False,Dreaddit,dreaddit,five_fold_out_of_fold_development
gemma3:4b,PKT_1740280f38d19bcf,unsupported_evidence,generalist,True,0,1,0.0,1.0,expected_gain_below_threshold,True,False,Dreaddit,dreaddit,five_fold_out_of_fold_development
gemma3:4b,PKT_17724e3dbb48b71a,unsupported_evidence,generalist,True,0,1,0.0,1.0,expected_gain_below_threshold,True,False,Dreaddit,dreaddit,five_fold_out_of_fold_development
gemma3:4b,PKT_1804f0bc0f997637,unsupported_evidence,generalist,True,0,1,0.0,1.0,expected_gain_below_threshold,True,False,Dreaddit,dreaddit,five_fold_out_of_fold_development
gemma3:4b,PKT_18dc085c03f2dde2,unsupported_evidence,generalist,True,0,1,0.0,1.0,expected_gain_below_threshold,True,False,Dreaddit,dreaddit,five_fold_out_of_fold_development
gemma3:4b,PKT_1d6c2d83d3798306,contextual_flattening,generalist,True,0,1,0.0,1.0,expected_gain_below_threshold,True,False,Dreaddit,dreaddit,five_fold_out_of_fold_development
gemma3:4b,PKT_200655fab0bf10cb,unsupported_abstraction,generalist,True,0,1,0.0,1.0,expected_gain_below_threshold,True,False,Dreaddit,dreaddit,five_fold_out_of_fold_development
gemma3:4b,PKT_22a2566b09784516,unsupported_abstraction,generalist,True,0,1,0.0,1.0,expected_gain_below_threshold,True,False,Dreaddit,dreaddit,five_fold_out_of_fold_development
gemma3:4b,PKT_253ca33cd73b3cfe,source_concentration,both,False,2,3,2.25,3.25,both_specialists_acquired,True,False,Dreaddit,dreaddit,five_fold_out_of_fold_development
gemma3:4b,PKT_26cf4b1b17ae57b9,source_concentration,both,True,2,3,2.25,3.25,both_specialists_acquired,True,False,Dreaddit,dreaddit,five_fold_out_of_fold_development
gemma3:4b,PKT_27fee0048c1606a3,unsupported_abstraction,generalist,True,0,1,0.0,1.0,expected_gain_below_threshold,True,False,Dreaddit,dreaddit,five_fold_out_of_fold_development
gemma3:4b,PKT_2eb69978fe864857,contextual_flattening,generalist,True,0,1,0.0,1.0,expected_gain_below_threshold,True,False,Dreaddit,dreaddit,five_fold_out_of_fold_development
gemma3:4b,PKT_32a10e24dd89afdc,source_concentration,both,False,2,3,2.25,3.25,both_specialists_acquired,True,False,Dreaddit,dreaddit,five_fold_out_of_fold_development
gemma3:4b,PKT_32ce9f57605dc6ea,source_concentration,both,True,2,3,2.25,3.25,both_specialists_acquired,True,False,Dreaddit,dreaddit,five_fold_out_of_fold_development
gemma3:4b,PKT_33bf731e88c988a1,contextual_flattening,both,True,2,3,2.25,3.25,both_specialists_acquired,True,False,Dreaddit,dreaddit,five_fold_out_of_fold_development
gemma3:4b,PKT_3cf26fa33d8cd7db,contextual_flattening,both,True,2,3,2.25,3.25,both_specialists_acquired,True,False,Dreaddit,dreaddit,five_fold_out_of_fold_development
llama3.1:8b,PKT_02fa37b3926f1ee9,contextual_flattening,generalist,True,0,1,0.0,1.0,expected_gain_below_threshold,True,False,Dreaddit,dreaddit,five_fold_out_of_fold_development
llama3.1:8b,PKT_041cea171447058c,unsupported_abstraction,generalist,True,0,1,0.0,1.0,expected_gain_below_threshold,True,False,Dreaddit,dreaddit,five_fold_out_of_fold_development
llama3.1:8b,PKT_05ff02fa2d67a288,unsupported_evidence,generalist,False,0,1,0.0,1.0,expected_gain_below_threshold,True,False,Dreaddit,dreaddit,five_fold_out_of_fold_development
llama3.1:8b,PKT_0d539c3ac0764425,counterevidence_loss,generalist,False,0,1,0.0,1.0,expected_gain_below_threshold,True,False,Dreaddit,dreaddit,five_fold_out_of_fold_development
llama3.1:8b,PKT_0f6f8b1921d4d48d,contextual_flattening,generalist,False,0,1,0.0,1.0,expected_gain_below_threshold,True,False,Dreaddit,dreaddit,five_fold_out_of_fold_development
llama3.1:8b,PKT_1740280f38d19bcf,unsupported_evidence,generalist,False,0,1,0.0,1.0,expected_gain_below_threshold,True,False,Dreaddit,dreaddit,five_fold_out_of_fold_development
llama3.1:8b,PKT_17724e3dbb48b71a,unsupported_evidence,generalist,False,0,1,0.0,1.0,expected_gain_below_threshold,True,False,Dreaddit,dreaddit,five_fold_out_of_fold_development
llama3.1:8b,PKT_1804f0bc0f997637,unsupported_evidence,generalist,False,0,1,0.0,1.0,expected_gain_below_threshold,True,False,Dreaddit,dreaddit,five_fold_out_of_fold_development
llama3.1:8b,PKT_18dc085c03f2dde2,unsupported_evidence,generalist,False,0,1,0.0,1.0,expected_gain_below_threshold,True,False,Dreaddit,dreaddit,five_fold_out_of_fold_development
llama3.1:8b,PKT_1d6c2d83d3798306,contextual_flattening,generalist,True,0,1,0.0,1.0,expected_gain_below_threshold,True,False,Dreaddit,dreaddit,five_fold_out_of_fold_development
llama3.1:8b,PKT_200655fab0bf10cb,unsupported_abstraction,generalist,False,0,1,0.0,1.0,expected_gain_below_threshold,True,False,Dreaddit,dreaddit,five_fold_out_of_fold_development
llama3.1:8b,PKT_22a2566b09784516,unsupported_abstraction,generalist,True,0,1,0.0,1.0,expected_gain_below_threshold,True,False,Dreaddit,dreaddit,five_fold_out_of_fold_development
llama3.1:8b,PKT_253ca33cd73b3cfe,source_concentration,generalist,False,0,1,0.0,1.0,expected_gain_below_threshold,True,False,Dreaddit,dreaddit,five_fold_out_of_fold_development
llama3.1:8b,PKT_26cf4b1b17ae57b9,source_concentration,generalist,False,0,1,0.0,1.0,expected_gain_below_threshold,True,False,Dreaddit,dreaddit,five_fold_out_of_fold_development
llama3.1:8b,PKT_27fee0048c1606a3,unsupported_abstraction,generalist,False,0,1,0.0,1.0,expected_gain_below_threshold,True,False,Dreaddit,dreaddit,five_fold_out_of_fold_development
llama3.1:8b,PKT_2eb69978fe864857,contextual_flattening,generalist,True,0,1,0.0,1.0,expected_gain_below_threshold,True,False,Dreaddit,dreaddit,five_fold_out_of_fold_development
llama3.1:8b,PKT_32a10e24dd89afdc,source_concentration,generalist,False,0,1,0.0,1.0,expected_gain_below_threshold,True,False,Dreaddit,dreaddit,five_fold_out_of_fold_development
llama3.1:8b,PKT_32ce9f57605dc6ea,source_concentration,generalist,False,0,1,0.0,1.0,expected_gain_below_threshold,True,False,Dreaddit,dreaddit,five_fold_out_of_fold_development
llama3.1:8b,PKT_33bf731e88c988a1,contextual_flattening,generalist,True,0,1,0.0,1.0,expected_gain_below_threshold,True,False,Dreaddit,dreaddit,five_fold_out_of_fold_development
llama3.1:8b,PKT_3cf26fa33d8cd7db,contextual_flattening,generalist,False,0,1,0.0,1.0,expected_gain_below_threshold,True,False,Dreaddit,dreaddit,five_fold_out_of_fold_development
qwen3:8b,PKT_02fa37b3926f1ee9,contextual_flattening,generalist,True,0,1,0.0,1.0,expected_gain_below_threshold,True,False,Dreaddit,dreaddit,five_fold_out_of_fold_development
qwen3:8b,PKT_041cea171447058c,unsupported_abstraction,generalist,True,0,1,0.0,1.0,expected_gain_below_threshold,True,False,Dreaddit,dreaddit,five_fold_out_of_fold_development
qwen3:8b,PKT_05ff02fa2d67a288,unsupported_evidence,generalist,False,0,1,0.0,1.0,expected_gain_below_threshold,True,False,Dreaddit,dreaddit,five_fold_out_of_fold_development
qwen3:8b,PKT_0d539c3ac0764425,counterevidence_loss,generalist,True,0,1,0.0,1.0,expected_gain_below_threshold,True,False,Dreaddit,dreaddit,five_fold_out_of_fold_development
qwen3:8b,PKT_0f6f8b1921d4d48d,contextual_flattening,generalist,True,0,1,0.0,1.0,expected_gain_below_threshold,True,False,Dreaddit,dreaddit,five_fold_out_of_fold_development
qwen3:8b,PKT_1740280f38d19bcf,unsupported_evidence,generalist,False,0,1,0.0,1.0,expected_gain_below_threshold,True,False,Dreaddit,dreaddit,five_fold_out_of_fold_development
qwen3:8b,PKT_17724e3dbb48b71a,unsupported_evidence,generalist,False,0,1,0.0,1.0,expected_gain_below_threshold,True,False,Dreaddit,dreaddit,five_fold_out_of_fold_development
qwen3:8b,PKT_1804f0bc0f997637,unsupported_evidence,generalist,False,0,1,0.0,1.0,expected_gain_below_threshold,True,False,Dreaddit,dreaddit,five_fold_out_of_fold_development
qwen3:8b,PKT_18dc085c03f2dde2,unsupported_evidence,generalist,False,0,1,0.0,1.0,expected_gain_below_threshold,True,False,Dreaddit,dreaddit,five_fold_out_of_fold_development
qwen3:8b,PKT_1d6c2d83d3798306,contextual_flattening,generalist,True,0,1,0.0,1.0,expected_gain_below_threshold,True,False,Dreaddit,dreaddit,five_fold_out_of_fold_development
qwen3:8b,PKT_200655fab0bf10cb,unsupported_abstraction,generalist,True,0,1,0.0,1.0,expected_gain_below_threshold,True,False,Dreaddit,dreaddit,five_fold_out_of_fold_development
qwen3:8b,PKT_22a2566b09784516,unsupported_abstraction,generalist,True,0,1,0.0,1.0,expected_gain_below_threshold,True,False,Dreaddit,dreaddit,five_fold_out_of_fold_development
qwen3:8b,PKT_253ca33cd73b3cfe,source_concentration,qualitative_methods,True,1,2,1.0,2.0,expected_gain_below_threshold,True,False,Dreaddit,dreaddit,five_fold_out_of_fold_development
qwen3:8b,PKT_26cf4b1b17ae57b9,source_concentration,generalist,True,0,1,0.0,1.0,expected_gain_below_threshold,True,False,Dreaddit,dreaddit,five_fold_out_of_fold_development
qwen3:8b,PKT_27fee0048c1606a3,unsupported_abstraction,generalist,True,0,1,0.0,1.0,expected_gain_below_threshold,True,False,Dreaddit,dreaddit,five_fold_out_of_fold_development
qwen3:8b,PKT_2eb69978fe864857,contextual_flattening,generalist,True,0,1,0.0,1.0,expected_gain_below_threshold,True,False,Dreaddit,dreaddit,five_fold_out_of_fold_development
qwen3:8b,PKT_32a10e24dd89afdc,source_concentration,generalist,True,0,1,0.0,1.0,expected_gain_below_threshold,True,False,Dreaddit,dreaddit,five_fold_out_of_fold_development
qwen3:8b,PKT_32ce9f57605dc6ea,source_concentration,qualitative_methods,True,1,2,1.0,2.0,expected_gain_below_threshold,True,False,Dreaddit,dreaddit,five_fold_out_of_fold_development
qwen3:8b,PKT_33bf731e88c988a1,contextual_flattening,generalist,True,0,1,0.0,1.0,expected_gain_below_threshold,True,False,Dreaddit,dreaddit,five_fold_out_of_fold_development
qwen3:8b,PKT_3cf26fa33d8cd7db,contextual_flattening,generalist,True,0,1,0.0,1.0,expected_gain_below_threshold,True,False,Dreaddit,dreaddit,five_fold_out_of_fold_development
gemma3:4b,PKT_000374ae8904b116,counterevidence_loss,both,True,2,3,2.25,3.25,both_specialists_acquired,True,False,Dreaddit,dreaddit,five_fold_out_of_fold_development
gemma3:4b,PKT_00de2c8ec6fcc29f,unsupported_evidence,generalist,True,0,1,0.0,1.0,expected_gain_below_threshold,True,False,Dreaddit,dreaddit,five_fold_out_of_fold_development
gemma3:4b,PKT_0194ef0861d28c67,unsupported_abstraction,generalist,True,0,1,0.0,1.0,expected_gain_below_threshold,True,False,Dreaddit,dreaddit,five_fold_out_of_fold_development
gemma3:4b,PKT_0288d7e71b77b6fa,contextual_flattening,generalist,True,0,1,0.0,1.0,expected_gain_below_threshold,True,False,Dreaddit,dreaddit,five_fold_out_of_fold_development
gemma3:4b,PKT_09edc5cd9992dede,source_concentration,both,False,2,3,2.25,3.25,both_specialists_acquired,True,False,Dreaddit,dreaddit,five_fold_out_of_fold_development
gemma3:4b,PKT_0c340299f535b76d,contextual_flattening,generalist,True,0,1,0.0,1.0,expected_gain_below_threshold,True,False,Dreaddit,dreaddit,five_fold_out_of_fold_development
gemma3:4b,PKT_10b2a571ca9bacbc,counterevidence_loss,both,True,2,3,2.25,3.25,both_specialists_acquired,True,False,Dreaddit,dreaddit,five_fold_out_of_fold_development
gemma3:4b,PKT_110a19fbe088636a,counterevidence_loss,both,True,2,3,2.25,3.25,both_specialists_acquired,True,False,Dreaddit,dreaddit,five_fold_out_of_fold_development
gemma3:4b,PKT_1280d14a5540e37d,counterevidence_loss,both,True,2,3,2.25,3.25,both_specialists_acquired,True,False,Dreaddit,dreaddit,five_fold_out_of_fold_development
gemma3:4b,PKT_17d10eeb08782653,unsupported_abstraction,generalist,True,0,1,0.0,1.0,expected_gain_below_threshold,True,False,Dreaddit,dreaddit,five_fold_out_of_fold_development
gemma3:4b,PKT_186a2a64e1a2ca1d,unsupported_abstraction,generalist,True,0,1,0.0,1.0,expected_gain_below_threshold,True,False,Dreaddit,dreaddit,five_fold_out_of_fold_development
gemma3:4b,PKT_199c2142456372cd,counterevidence_loss,generalist,True,0,1,0.0,1.0,expected_gain_below_threshold,True,False,Dreaddit,dreaddit,five_fold_out_of_fold_development
gemma3:4b,PKT_1a8815a06d4185cb,source_concentration,both,True,2,3,2.25,3.25,both_specialists_acquired,True,False,Dreaddit,dreaddit,five_fold_out_of_fold_development
gemma3:4b,PKT_1ac9ff8e01926465,contextual_flattening,both,True,2,3,2.25,3.25,both_specialists_acquired,True,False,Dreaddit,dreaddit,five_fold_out_of_fold_development
gemma3:4b,PKT_1ec0203de08f8c87,source_concentration,both,False,2,3,2.25,3.25,both_specialists_acquired,True,False,Dreaddit,dreaddit,five_fold_out_of_fold_development
gemma3:4b,PKT_1fdca3dad9dd41ef,source_concentration,both,True,2,3,2.25,3.25,both_specialists_acquired,True,False,Dreaddit,dreaddit,five_fold_out_of_fold_development
gemma3:4b,PKT_21c769f4cacc4f21,unsupported_evidence,generalist,True,0,1,0.0,1.0,expected_gain_below_threshold,True,False,Dreaddit,dreaddit,five_fold_out_of_fold_development
gemma3:4b,PKT_25c892cfd147933a,counterevidence_loss,both,True,2,3,2.25,3.25,both_specialists_acquired,True,False,Dreaddit,dreaddit,five_fold_out_of_fold_development
gemma3:4b,PKT_2ad24f613de01914,contextual_flattening,generalist,True,0,1,0.0,1.0,expected_gain_below_threshold,True,False,Dreaddit,dreaddit,five_fold_out_of_fold_development
gemma3:4b,PKT_350cf88b637e96ac,contextual_flattening,both,True,2,3,2.25,3.25,both_specialists_acquired,True,False,Dreaddit,dreaddit,five_fold_out_of_fold_development
llama3.1:8b,PKT_000374ae8904b116,counterevidence_loss,generalist,False,0,1,0.0,1.0,expected_gain_below_threshold,True,False,Dreaddit,dreaddit,five_fold_out_of_fold_development
llama3.1:8b,PKT_00de2c8ec6fcc29f,unsupported_evidence,generalist,False,0,1,0.0,1.0,expected_gain_below_threshold,True,False,Dreaddit,dreaddit,five_fold_out_of_fold_development
llama3.1:8b,PKT_0194ef0861d28c67,unsupported_abstraction,generalist,True,0,1,0.0,1.0,expected_gain_below_threshold,True,False,Dreaddit,dreaddit,five_fold_out_of_fold_development
llama3.1:8b,PKT_0288d7e71b77b6fa,contextual_flattening,generalist,False,0,1,0.0,1.0,expected_gain_below_threshold,True,False,Dreaddit,dreaddit,five_fold_out_of_fold_development
llama3.1:8b,PKT_09edc5cd9992dede,source_concentration,generalist,False,0,1,0.0,1.0,expected_gain_below_threshold,True,False,Dreaddit,dreaddit,five_fold_out_of_fold_development
llama3.1:8b,PKT_0c340299f535b76d,contextual_flattening,generalist,False,0,1,0.0,1.0,expected_gain_below_threshold,True,False,Dreaddit,dreaddit,five_fold_out_of_fold_development
llama3.1:8b,PKT_10b2a571ca9bacbc,counterevidence_loss,generalist,False,0,1,0.0,1.0,expected_gain_below_threshold,True,False,Dreaddit,dreaddit,five_fold_out_of_fold_development
llama3.1:8b,PKT_110a19fbe088636a,counterevidence_loss,generalist,True,0,1,0.0,1.0,expected_gain_below_threshold,True,False,Dreaddit,dreaddit,five_fold_out_of_fold_development
llama3.1:8b,PKT_1280d14a5540e37d,counterevidence_loss,generalist,False,0,1,0.0,1.0,expected_gain_below_threshold,True,False,Dreaddit,dreaddit,five_fold_out_of_fold_development
llama3.1:8b,PKT_17d10eeb08782653,unsupported_abstraction,generalist,False,0,1,0.0,1.0,expected_gain_below_threshold,True,False,Dreaddit,dreaddit,five_fold_out_of_fold_development
llama3.1:8b,PKT_186a2a64e1a2ca1d,unsupported_abstraction,generalist,True,0,1,0.0,1.0,expected_gain_below_threshold,True,False,Dreaddit,dreaddit,five_fold_out_of_fold_development
llama3.1:8b,PKT_199c2142456372cd,counterevidence_loss,generalist,False,0,1,0.0,1.0,expected_gain_below_threshold,True,False,Dreaddit,dreaddit,five_fold_out_of_fold_development
llama3.1:8b,PKT_1a8815a06d4185cb,source_concentration,generalist,False,0,1,0.0,1.0,expected_gain_below_threshold,True,False,Dreaddit,dreaddit,five_fold_out_of_fold_development
llama3.1:8b,PKT_1ac9ff8e01926465,contextual_flattening,generalist,False,0,1,0.0,1.0,expected_gain_below_threshold,True,False,Dreaddit,dreaddit,five_fold_out_of_fold_development
llama3.1:8b,PKT_1ec0203de08f8c87,source_concentration,generalist,False,0,1,0.0,1.0,expected_gain_below_threshold,True,False,Dreaddit,dreaddit,five_fold_out_of_fold_development
llama3.1:8b,PKT_1fdca3dad9dd41ef,source_concentration,generalist,False,0,1,0.0,1.0,expected_gain_below_threshold,True,False,Dreaddit,dreaddit,five_fold_out_of_fold_development
llama3.1:8b,PKT_21c769f4cacc4f21,unsupported_evidence,generalist,False,0,1,0.0,1.0,expected_gain_below_threshold,True,False,Dreaddit,dreaddit,five_fold_out_of_fold_development
llama3.1:8b,PKT_25c892cfd147933a,counterevidence_loss,generalist,False,0,1,0.0,1.0,expected_gain_below_threshold,True,False,Dreaddit,dreaddit,five_fold_out_of_fold_development
llama3.1:8b,PKT_2ad24f613de01914,contextual_flattening,generalist,False,0,1,0.0,1.0,expected_gain_below_threshold,True,False,Dreaddit,dreaddit,five_fold_out_of_fold_development
llama3.1:8b,PKT_350cf88b637e96ac,contextual_flattening,generalist,False,0,1,0.0,1.0,expected_gain_below_threshold,True,False,Dreaddit,dreaddit,five_fold_out_of_fold_development
qwen3:8b,PKT_000374ae8904b116,counterevidence_loss,generalist,True,0,1,0.0,1.0,expected_gain_below_threshold,True,False,Dreaddit,dreaddit,five_fold_out_of_fold_development
qwen3:8b,PKT_00de2c8ec6fcc29f,unsupported_evidence,generalist,False,0,1,0.0,1.0,expected_gain_below_threshold,True,False,Dreaddit,dreaddit,five_fold_out_of_fold_development
qwen3:8b,PKT_0194ef0861d28c67,unsupported_abstraction,generalist,True,0,1,0.0,1.0,expected_gain_below_threshold,True,False,Dreaddit,dreaddit,five_fold_out_of_fold_development
qwen3:8b,PKT_0288d7e71b77b6fa,contextual_flattening,generalist,True,0,1,0.0,1.0,expected_gain_below_threshold,True,False,Dreaddit,dreaddit,five_fold_out_of_fold_development
qwen3:8b,PKT_09edc5cd9992dede,source_concentration,generalist,True,0,1,0.0,1.0,expected_gain_below_threshold,True,False,Dreaddit,dreaddit,five_fold_out_of_fold_development
qwen3:8b,PKT_0c340299f535b76d,contextual_flattening,generalist,True,0,1,0.0,1.0,expected_gain_below_threshold,True,False,Dreaddit,dreaddit,five_fold_out_of_fold_development
qwen3:8b,PKT_10b2a571ca9bacbc,counterevidence_loss,generalist,True,0,1,0.0,1.0,expected_gain_below_threshold,True,False,Dreaddit,dreaddit,five_fold_out_of_fold_development
qwen3:8b,PKT_110a19fbe088636a,counterevidence_loss,generalist,True,0,1,0.0,1.0,expected_gain_below_threshold,True,False,Dreaddit,dreaddit,five_fold_out_of_fold_development
qwen3:8b,PKT_1280d14a5540e37d,counterevidence_loss,generalist,True,0,1,0.0,1.0,expected_gain_below_threshold,True,False,Dreaddit,dreaddit,five_fold_out_of_fold_development
qwen3:8b,PKT_17d10eeb08782653,unsupported_abstraction,generalist,True,0,1,0.0,1.0,expected_gain_below_threshold,True,False,Dreaddit,dreaddit,five_fold_out_of_fold_development
qwen3:8b,PKT_186a2a64e1a2ca1d,unsupported_abstraction,generalist,True,0,1,0.0,1.0,expected_gain_below_threshold,True,False,Dreaddit,dreaddit,five_fold_out_of_fold_development
qwen3:8b,PKT_199c2142456372cd,counterevidence_loss,generalist,True,0,1,0.0,1.0,expected_gain_below_threshold,True,False,Dreaddit,dreaddit,five_fold_out_of_fold_development
qwen3:8b,PKT_1a8815a06d4185cb,source_concentration,generalist,False,0,1,0.0,1.0,expected_gain_below_threshold,True,False,Dreaddit,dreaddit,five_fold_out_of_fold_development
qwen3:8b,PKT_1ac9ff8e01926465,contextual_flattening,generalist,True,0,1,0.0,1.0,expected_gain_below_threshold,True,False,Dreaddit,dreaddit,five_fold_out_of_fold_development
qwen3:8b,PKT_1ec0203de08f8c87,source_concentration,generalist,False,0,1,0.0,1.0,expected_gain_below_threshold,True,False,Dreaddit,dreaddit,five_fold_out_of_fold_development
qwen3:8b,PKT_1fdca3dad9dd41ef,source_concentration,generalist,False,0,1,0.0,1.0,expected_gain_below_threshold,True,False,Dreaddit,dreaddit,five_fold_out_of_fold_development
qwen3:8b,PKT_21c769f4cacc4f21,unsupported_evidence,generalist,False,0,1,0.0,1.0,expected_gain_below_threshold,True,False,Dreaddit,dreaddit,five_fold_out_of_fold_development
qwen3:8b,PKT_25c892cfd147933a,counterevidence_loss,generalist,True,0,1,0.0,1.0,expected_gain_below_threshold,True,False,Dreaddit,dreaddit,five_fold_out_of_fold_development
qwen3:8b,PKT_2ad24f613de01914,contextual_flattening,generalist,True,0,1,0.0,1.0,expected_gain_below_threshold,True,False,Dreaddit,dreaddit,five_fold_out_of_fold_development
qwen3:8b,PKT_350cf88b637e96ac,contextual_flattening,generalist,True,0,1,0.0,1.0,expected_gain_below_threshold,True,False,Dreaddit,dreaddit,five_fold_out_of_fold_development
gemma3:4b,PKT_00005d167f87fb17,source_concentration,generalist,False,0,1,0.0,1.0,expected_gain_below_threshold,True,False,GoEmotion,goemotions,dreaddit_policy_transfer_working
gemma3:4b,PKT_0010ecd8fd3eca60,contextual_flattening,generalist,True,0,1,0.0,1.0,expected_gain_below_threshold,True,False,GoEmotion,goemotions,dreaddit_policy_transfer_working
gemma3:4b,PKT_001596e290026e08,unsupported_abstraction,generalist,True,0,1,0.0,1.0,expected_gain_below_threshold,True,False,GoEmotion,goemotions,dreaddit_policy_transfer_working
gemma3:4b,PKT_0017e5c3903b9ad4,contextual_flattening,generalist,True,0,1,0.0,1.0,expected_gain_below_threshold,True,False,GoEmotion,goemotions,dreaddit_policy_transfer_working
gemma3:4b,PKT_0026a48e20161b6f,unsupported_evidence,generalist,True,0,1,0.0,1.0,expected_gain_below_threshold,True,False,GoEmotion,goemotions,dreaddit_policy_transfer_working
gemma3:4b,PKT_00433099784ffadb,counterevidence_loss,generalist,False,0,1,0.0,1.0,expected_gain_below_threshold,True,False,GoEmotion,goemotions,dreaddit_policy_transfer_working
gemma3:4b,PKT_005093a0fddff098,source_concentration,generalist,False,0,1,0.0,1.0,expected_gain_below_threshold,True,False,GoEmotion,goemotions,dreaddit_policy_transfer_working
gemma3:4b,PKT_0055c57ac3d69401,unsupported_evidence,generalist,True,0,1,0.0,1.0,expected_gain_below_threshold,True,False,GoEmotion,goemotions,dreaddit_policy_transfer_working
gemma3:4b,PKT_0056d5f31cab3583,counterevidence_loss,generalist,False,0,1,0.0,1.0,expected_gain_below_threshold,True,False,GoEmotion,goemotions,dreaddit_policy_transfer_working
gemma3:4b,PKT_005b67a97bcb5979,contextual_flattening,generalist,True,0,1,0.0,1.0,expected_gain_below_threshold,True,False,GoEmotion,goemotions,dreaddit_policy_transfer_working
gemma3:4b,PKT_005e65fd7f7074cb,unsupported_evidence,generalist,True,0,1,0.0,1.0,expected_gain_below_threshold,True,False,GoEmotion,goemotions,dreaddit_policy_transfer_working
gemma3:4b,PKT_006d2babce7c21c3,unsupported_evidence,generalist,True,0,1,0.0,1.0,expected_gain_below_threshold,True,False,GoEmotion,goemotions,dreaddit_policy_transfer_working
gemma3:4b,PKT_00718eb46b52df49,source_concentration,generalist,False,0,1,0.0,1.0,expected_gain_below_threshold,True,False,GoEmotion,goemotions,dreaddit_policy_transfer_working
gemma3:4b,PKT_008417d0761ed618,unsupported_abstraction,generalist,True,0,1,0.0,1.0,expected_gain_below_threshold,True,False,GoEmotion,goemotions,dreaddit_policy_transfer_working
gemma3:4b,PKT_008a039a6610db69,unsupported_evidence,generalist,True,0,1,0.0,1.0,expected_gain_below_threshold,True,False,GoEmotion,goemotions,dreaddit_policy_transfer_working
gemma3:4b,PKT_0091d5eccea35fb4,contextual_flattening,generalist,True,0,1,0.0,1.0,expected_gain_below_threshold,True,False,GoEmotion,goemotions,dreaddit_policy_transfer_working
gemma3:4b,PKT_0092d303126ba068,unsupported_evidence,generalist,True,0,1,0.0,1.0,expected_gain_below_threshold,True,False,GoEmotion,goemotions,dreaddit_policy_transfer_working
gemma3:4b,PKT_009c2ee513296351,unsupported_abstraction,generalist,True,0,1,0.0,1.0,expected_gain_below_threshold,True,False,GoEmotion,goemotions,dreaddit_policy_transfer_working
gemma3:4b,PKT_00a398a6e7072686,unsupported_evidence,generalist,True,0,1,0.0,1.0,expected_gain_below_threshold,True,False,GoEmotion,goemotions,dreaddit_policy_transfer_working
gemma3:4b,PKT_00a4a122feec7645,unsupported_evidence,generalist,True,0,1,0.0,1.0,expected_gain_below_threshold,True,False,GoEmotion,goemotions,dreaddit_policy_transfer_working
gemma3:4b,PKT_00a4f8a32802907f,contextual_flattening,generalist,True,0,1,0.0,1.0,expected_gain_below_threshold,True,False,GoEmotion,goemotions,dreaddit_policy_transfer_working
gemma3:4b,PKT_00b836ae022278cc,counterevidence_loss,generalist,False,0,1,0.0,1.0,expected_gain_below_threshold,True,False,GoEmotion,goemotions,dreaddit_policy_transfer_working
gemma3:4b,PKT_00bf672224e98002,contextual_flattening,generalist,True,0,1,0.0,1.0,expected_gain_below_threshold,True,False,GoEmotion,goemotions,dreaddit_policy_transfer_working
gemma3:4b,PKT_00c12d0366996e50,unsupported_evidence,generalist,True,0,1,0.0,1.0,expected_gain_below_threshold,True,False,GoEmotion,goemotions,dreaddit_policy_transfer_working
gemma3:4b,PKT_00c1bf38e75c46fd,counterevidence_loss,generalist,False,0,1,0.0,1.0,expected_gain_below_threshold,True,False,GoEmotion,goemotions,dreaddit_policy_transfer_working
gemma3:4b,PKT_00ca29dabb31c5dd,counterevidence_loss,generalist,False,0,1,0.0,1.0,expected_gain_below_threshold,True,False,GoEmotion,goemotions,dreaddit_policy_transfer_working
gemma3:4b,PKT_00ca3c08c22e6626,contextual_flattening,generalist,True,0,1,0.0,1.0,expected_gain_below_threshold,True,False,GoEmotion,goemotions,dreaddit_policy_transfer_working
gemma3:4b,PKT_00caa4dc4336ec99,unsupported_abstraction,generalist,True,0,1,0.0,1.0,expected_gain_below_threshold,True,False,GoEmotion,goemotions,dreaddit_policy_transfer_working
gemma3:4b,PKT_00cf774b6a88aa26,unsupported_abstraction,generalist,True,0,1,0.0,1.0,expected_gain_below_threshold,True,False,GoEmotion,goemotions,dreaddit_policy_transfer_working
gemma3:4b,PKT_00dbff09dd40ac96,unsupported_evidence,generalist,True,0,1,0.0,1.0,expected_gain_below_threshold,True,False,GoEmotion,goemotions,dreaddit_policy_transfer_working
gemma3:4b,PKT_00df1ff4209f58fd,counterevidence_loss,generalist,False,0,1,0.0,1.0,expected_gain_below_threshold,True,False,GoEmotion,goemotions,dreaddit_policy_transfer_working
gemma3:4b,PKT_00e2aa7e06a2cc18,contextual_flattening,generalist,True,0,1,0.0,1.0,expected_gain_below_threshold,True,False,GoEmotion,goemotions,dreaddit_policy_transfer_working
gemma3:4b,PKT_00e64d53d8ad922c,contextual_flattening,generalist,True,0,1,0.0,1.0,expected_gain_below_threshold,True,False,GoEmotion,goemotions,dreaddit_policy_transfer_working
gemma3:4b,PKT_00eed6398f7d64d9,unsupported_evidence,generalist,True,0,1,0.0,1.0,expected_gain_below_threshold,True,False,GoEmotion,goemotions,dreaddit_policy_transfer_working
gemma3:4b,PKT_00f10e3fd53ee0ab,unsupported_abstraction,generalist,True,0,1,0.0,1.0,expected_gain_below_threshold,True,False,GoEmotion,goemotions,dreaddit_policy_transfer_working
gemma3:4b,PKT_010189f8da439eb4,unsupported_abstraction,generalist,True,0,1,0.0,1.0,expected_gain_below_threshold,True,False,GoEmotion,goemotions,dreaddit_policy_transfer_working
gemma3:4b,PKT_0114161b87c47333,contextual_flattening,generalist,True,0,1,0.0,1.0,expected_gain_below_threshold,True,False,GoEmotion,goemotions,dreaddit_policy_transfer_working
gemma3:4b,PKT_0114b902a8695d11,unsupported_abstraction,generalist,True,0,1,0.0,1.0,expected_gain_below_threshold,True,False,GoEmotion,goemotions,dreaddit_policy_transfer_working
gemma3:4b,PKT_01173b64772c494d,unsupported_abstraction,generalist,True,0,1,0.0,1.0,expected_gain_below_threshold,True,False,GoEmotion,goemotions,dreaddit_policy_transfer_working
gemma3:4b,PKT_01190686ff80d28e,unsupported_evidence,generalist,True,0,1,0.0,1.0,expected_gain_below_threshold,True,False,GoEmotion,goemotions,dreaddit_policy_transfer_working
gemma3:4b,PKT_011f8ee86e97218d,unsupported_abstraction,generalist,True,0,1,0.0,1.0,expected_gain_below_threshold,True,False,GoEmotion,goemotions,dreaddit_policy_transfer_working
gemma3:4b,PKT_011ff59ef6ec40ba,contextual_flattening,generalist,True,0,1,0.0,1.0,expected_gain_below_threshold,True,False,GoEmotion,goemotions,dreaddit_policy_transfer_working
gemma3:4b,PKT_01225f9ea4591ecb,counterevidence_loss,generalist,True,0,1,0.0,1.0,expected_gain_below_threshold,True,False,GoEmotion,goemotions,dreaddit_policy_transfer_working
gemma3:4b,PKT_0129f6438df68cb1,counterevidence_loss,generalist,False,0,1,0.0,1.0,expected_gain_below_threshold,True,False,GoEmotion,goemotions,dreaddit_policy_transfer_working
gemma3:4b,PKT_012a892af8ab07b2,counterevidence_loss,generalist,True,0,1,0.0,1.0,expected_gain_below_threshold,True,False,GoEmotion,goemotions,dreaddit_policy_transfer_working
gemma3:4b,PKT_012b5f36ac59d296,source_concentration,generalist,False,0,1,0.0,1.0,expected_gain_below_threshold,True,False,GoEmotion,goemotions,dreaddit_policy_transfer_working
gemma3:4b,PKT_0140642cdc127af3,counterevidence_loss,generalist,False,0,1,0.0,1.0,expected_gain_below_threshold,True,False,GoEmotion,goemotions,dreaddit_policy_transfer_working
gemma3:4b,PKT_0141243c61be6d35,unsupported_abstraction,generalist,True,0,1,0.0,1.0,expected_gain_below_threshold,True,False,GoEmotion,goemotions,dreaddit_policy_transfer_working
gemma3:4b,PKT_014907b640301302,contextual_flattening,generalist,False,0,1,0.0,1.0,expected_gain_below_threshold,True,False,GoEmotion,goemotions,dreaddit_policy_transfer_working
gemma3:4b,PKT_014ba6a5ab27073f,source_concentration,generalist,False,0,1,0.0,1.0,expected_gain_below_threshold,True,False,GoEmotion,goemotions,dreaddit_policy_transfer_working
gemma3:4b,PKT_014ed29fd632d69d,unsupported_abstraction,generalist,True,0,1,0.0,1.0,expected_gain_below_threshold,True,False,GoEmotion,goemotions,dreaddit_policy_transfer_working
gemma3:4b,PKT_014f863a5357dad9,counterevidence_loss,generalist,False,0,1,0.0,1.0,expected_gain_below_threshold,True,False,GoEmotion,goemotions,dreaddit_policy_transfer_working
gemma3:4b,PKT_01504567dc114f63,source_concentration,generalist,False,0,1,0.0,1.0,expected_gain_below_threshold,True,False,GoEmotion,goemotions,dreaddit_policy_transfer_working
gemma3:4b,PKT_015a446078b3ad1a,source_concentration,generalist,False,0,1,0.0,1.0,expected_gain_below_threshold,True,False,GoEmotion,goemotions,dreaddit_policy_transfer_working
gemma3:4b,PKT_016561ebeb8bfde2,source_concentration,generalist,False,0,1,0.0,1.0,expected_gain_below_threshold,True,False,GoEmotion,goemotions,dreaddit_policy_transfer_working
gemma3:4b,PKT_0167c66ee79066fb,contextual_flattening,generalist,True,0,1,0.0,1.0,expected_gain_below_threshold,True,False,GoEmotion,goemotions,dreaddit_policy_transfer_working
gemma3:4b,PKT_01718de685b1fd5f,unsupported_abstraction,generalist,True,0,1,0.0,1.0,expected_gain_below_threshold,True,False,GoEmotion,goemotions,dreaddit_policy_transfer_working
gemma3:4b,PKT_017449cee52eebde,unsupported_evidence,generalist,True,0,1,0.0,1.0,expected_gain_below_threshold,True,False,GoEmotion,goemotions,dreaddit_policy_transfer_working
gemma3:4b,PKT_0183d464274c6638,counterevidence_loss,generalist,False,0,1,0.0,1.0,expected_gain_below_threshold,True,False,GoEmotion,goemotions,dreaddit_policy_transfer_working
gemma3:4b,PKT_018a3d52fcce28ed,unsupported_abstraction,generalist,True,0,1,0.0,1.0,expected_gain_below_threshold,True,False,GoEmotion,goemotions,dreaddit_policy_transfer_working
gemma3:4b,PKT_018c68be09b20b9f,counterevidence_loss,generalist,False,0,1,0.0,1.0,expected_gain_below_threshold,True,False,GoEmotion,goemotions,dreaddit_policy_transfer_working
gemma3:4b,PKT_018e6fc12bd9e0ac,unsupported_abstraction,generalist,True,0,1,0.0,1.0,expected_gain_below_threshold,True,False,GoEmotion,goemotions,dreaddit_policy_transfer_working
gemma3:4b,PKT_01906b452d3a0088,contextual_flattening,generalist,True,0,1,0.0,1.0,expected_gain_below_threshold,True,False,GoEmotion,goemotions,dreaddit_policy_transfer_working
gemma3:4b,PKT_01941e397d9a4d2a,source_concentration,generalist,False,0,1,0.0,1.0,expected_gain_below_threshold,True,False,GoEmotion,goemotions,dreaddit_policy_transfer_working
gemma3:4b,PKT_01a014b0777209a7,contextual_flattening,generalist,True,0,1,0.0,1.0,expected_gain_below_threshold,True,False,GoEmotion,goemotions,dreaddit_policy_transfer_working
gemma3:4b,PKT_01ab5ee2a10e6271,counterevidence_loss,generalist,False,0,1,0.0,1.0,expected_gain_below_threshold,True,False,GoEmotion,goemotions,dreaddit_policy_transfer_working
gemma3:4b,PKT_01ac39b72feeb919,contextual_flattening,generalist,True,0,1,0.0,1.0,expected_gain_below_threshold,True,False,GoEmotion,goemotions,dreaddit_policy_transfer_working
gemma3:4b,PKT_01ac7a8f4dc9767b,unsupported_evidence,generalist,True,0,1,0.0,1.0,expected_gain_below_threshold,True,False,GoEmotion,goemotions,dreaddit_policy_transfer_working
gemma3:4b,PKT_01acee65328ca30c,unsupported_abstraction,generalist,True,0,1,0.0,1.0,expected_gain_below_threshold,True,False,GoEmotion,goemotions,dreaddit_policy_transfer_working
gemma3:4b,PKT_01ae758a48f01868,source_concentration,generalist,False,0,1,0.0,1.0,expected_gain_below_threshold,True,False,GoEmotion,goemotions,dreaddit_policy_transfer_working
gemma3:4b,PKT_01c8d1f29e51e32a,counterevidence_loss,generalist,False,0,1,0.0,1.0,expected_gain_below_threshold,True,False,GoEmotion,goemotions,dreaddit_policy_transfer_working
gemma3:4b,PKT_01d0f4cd0379b123,unsupported_abstraction,generalist,True,0,1,0.0,1.0,expected_gain_below_threshold,True,False,GoEmotion,goemotions,dreaddit_policy_transfer_working
gemma3:4b,PKT_01d4e31b5e335054,source_concentration,generalist,False,0,1,0.0,1.0,expected_gain_below_threshold,True,False,GoEmotion,goemotions,dreaddit_policy_transfer_working
gemma3:4b,PKT_01dc6e9edf37123a,source_concentration,generalist,False,0,1,0.0,1.0,expected_gain_below_threshold,True,False,GoEmotion,goemotions,dreaddit_policy_transfer_working
gemma3:4b,PKT_01df0589e9ed87c7,contextual_flattening,generalist,True,0,1,0.0,1.0,expected_gain_below_threshold,True,False,GoEmotion,goemotions,dreaddit_policy_transfer_working
gemma3:4b,PKT_01e0b758a7343e4e,source_concentration,generalist,False,0,1,0.0,1.0,expected_gain_below_threshold,True,False,GoEmotion,goemotions,dreaddit_policy_transfer_working
gemma3:4b,PKT_01f73c69b0539cf9,source_concentration,generalist,False,0,1,0.0,1.0,expected_gain_below_threshold,True,False,GoEmotion,goemotions,dreaddit_policy_transfer_working
gemma3:4b,PKT_01fbe83f43b5f960,unsupported_abstraction,generalist,True,0,1,0.0,1.0,expected_gain_below_threshold,True,False,GoEmotion,goemotions,dreaddit_policy_transfer_working
gemma3:4b,PKT_01fd14a7328b2988,contextual_flattening,generalist,True,0,1,0.0,1.0,expected_gain_below_threshold,True,False,GoEmotion,goemotions,dreaddit_policy_transfer_working
gemma3:4b,PKT_020c29c44869cab9,contextual_flattening,generalist,True,0,1,0.0,1.0,expected_gain_below_threshold,True,False,GoEmotion,goemotions,dreaddit_policy_transfer_working
gemma3:4b,PKT_021d1ef35686eeee,source_concentration,generalist,False,0,1,0.0,1.0,expected_gain_below_threshold,True,False,GoEmotion,goemotions,dreaddit_policy_transfer_working
gemma3:4b,PKT_022322af119a7731,contextual_flattening,generalist,True,0,1,0.0,1.0,expected_gain_below_threshold,True,False,GoEmotion,goemotions,dreaddit_policy_transfer_working
gemma3:4b,PKT_0228c973a230dd6c,counterevidence_loss,generalist,False,0,1,0.0,1.0,expected_gain_below_threshold,True,False,GoEmotion,goemotions,dreaddit_policy_transfer_working
gemma3:4b,PKT_022a11d4f4861770,unsupported_abstraction,generalist,True,0,1,0.0,1.0,expected_gain_below_threshold,True,False,GoEmotion,goemotions,dreaddit_policy_transfer_working
gemma3:4b,PKT_022bd4e543446c85,unsupported_evidence,generalist,True,0,1,0.0,1.0,expected_gain_below_threshold,True,False,GoEmotion,goemotions,dreaddit_policy_transfer_working
gemma3:4b,PKT_023432d7aeab4a5e,source_concentration,generalist,False,0,1,0.0,1.0,expected_gain_below_threshold,True,False,GoEmotion,goemotions,dreaddit_policy_transfer_working
gemma3:4b,PKT_02391ca58ecf506b,unsupported_evidence,generalist,True,0,1,0.0,1.0,expected_gain_below_threshold,True,False,GoEmotion,goemotions,dreaddit_policy_transfer_working
gemma3:4b,PKT_024a1d8bde2829ef,source_concentration,generalist,False,0,1,0.0,1.0,expected_gain_below_threshold,True,False,GoEmotion,goemotions,dreaddit_policy_transfer_working
gemma3:4b,PKT_0255af118aa35285,unsupported_abstraction,generalist,True,0,1,0.0,1.0,expected_gain_below_threshold,True,False,GoEmotion,goemotions,dreaddit_policy_transfer_working
gemma3:4b,PKT_026ff420eddebd10,unsupported_evidence,generalist,True,0,1,0.0,1.0,expected_gain_below_threshold,True,False,GoEmotion,goemotions,dreaddit_policy_transfer_working
gemma3:4b,PKT_0276acac69fd8cbb,source_concentration,generalist,False,0,1,0.0,1.0,expected_gain_below_threshold,True,False,GoEmotion,goemotions,dreaddit_policy_transfer_working
gemma3:4b,PKT_0288397ea2c10469,unsupported_evidence,generalist,True,0,1,0.0,1.0,expected_gain_below_threshold,True,False,GoEmotion,goemotions,dreaddit_policy_transfer_working
gemma3:4b,PKT_02a6e39e4b37f78f,unsupported_evidence,generalist,True,0,1,0.0,1.0,expected_gain_below_threshold,True,False,GoEmotion,goemotions,dreaddit_policy_transfer_working
gemma3:4b,PKT_02b3259b89a737f2,unsupported_evidence,generalist,True,0,1,0.0,1.0,expected_gain_below_threshold,True,False,GoEmotion,goemotions,dreaddit_policy_transfer_working
gemma3:4b,PKT_02b91c02b41bdf68,counterevidence_loss,generalist,False,0,1,0.0,1.0,expected_gain_below_threshold,True,False,GoEmotion,goemotions,dreaddit_policy_transfer_working
gemma3:4b,PKT_02bface836cf5283,source_concentration,generalist,False,0,1,0.0,1.0,expected_gain_below_threshold,True,False,GoEmotion,goemotions,dreaddit_policy_transfer_working
gemma3:4b,PKT_02c8fa3f58678a9a,counterevidence_loss,generalist,False,0,1,0.0,1.0,expected_gain_below_threshold,True,False,GoEmotion,goemotions,dreaddit_policy_transfer_working
gemma3:4b,PKT_02def0ab542325cc,source_concentration,generalist,False,0,1,0.0,1.0,expected_gain_below_threshold,True,False,GoEmotion,goemotions,dreaddit_policy_transfer_working
gemma3:4b,PKT_030d198bd1972a7c,counterevidence_loss,generalist,False,0,1,0.0,1.0,expected_gain_below_threshold,True,False,GoEmotion,goemotions,dreaddit_policy_transfer_working
gemma3:4b,PKT_0333d1d7aa1779b8,counterevidence_loss,generalist,False,0,1,0.0,1.0,expected_gain_below_threshold,True,False,GoEmotion,goemotions,dreaddit_policy_transfer_working
llama3.1:8b,PKT_00005d167f87fb17,source_concentration,generalist,False,0,1,0.0,1.0,expected_gain_below_threshold,True,False,GoEmotion,goemotions,dreaddit_policy_transfer_working
llama3.1:8b,PKT_0010ecd8fd3eca60,contextual_flattening,both,True,2,3,2.25,3.25,both_specialists_acquired,True,False,GoEmotion,goemotions,dreaddit_policy_transfer_working
llama3.1:8b,PKT_001596e290026e08,unsupported_abstraction,generalist,True,0,1,0.0,1.0,expected_gain_below_threshold,True,False,GoEmotion,goemotions,dreaddit_policy_transfer_working
llama3.1:8b,PKT_0017e5c3903b9ad4,contextual_flattening,both,True,2,3,2.25,3.25,both_specialists_acquired,True,False,GoEmotion,goemotions,dreaddit_policy_transfer_working
llama3.1:8b,PKT_0026a48e20161b6f,unsupported_evidence,generalist,True,0,1,0.0,1.0,expected_gain_below_threshold,True,False,GoEmotion,goemotions,dreaddit_policy_transfer_working
llama3.1:8b,PKT_00433099784ffadb,counterevidence_loss,both,True,2,3,2.25,3.25,both_specialists_acquired,True,False,GoEmotion,goemotions,dreaddit_policy_transfer_working
llama3.1:8b,PKT_005093a0fddff098,source_concentration,generalist,False,0,1,0.0,1.0,expected_gain_below_threshold,True,False,GoEmotion,goemotions,dreaddit_policy_transfer_working
llama3.1:8b,PKT_0055c57ac3d69401,unsupported_evidence,generalist,True,0,1,0.0,1.0,expected_gain_below_threshold,True,False,GoEmotion,goemotions,dreaddit_policy_transfer_working
llama3.1:8b,PKT_0056d5f31cab3583,counterevidence_loss,generalist,True,0,1,0.0,1.0,expected_gain_below_threshold,True,False,GoEmotion,goemotions,dreaddit_policy_transfer_working
llama3.1:8b,PKT_005b67a97bcb5979,contextual_flattening,both,True,2,3,2.25,3.25,both_specialists_acquired,True,False,GoEmotion,goemotions,dreaddit_policy_transfer_working
llama3.1:8b,PKT_005e65fd7f7074cb,unsupported_evidence,both,True,2,3,2.25,3.25,both_specialists_acquired,True,False,GoEmotion,goemotions,dreaddit_policy_transfer_working
llama3.1:8b,PKT_006d2babce7c21c3,unsupported_evidence,generalist,True,0,1,0.0,1.0,expected_gain_below_threshold,True,False,GoEmotion,goemotions,dreaddit_policy_transfer_working
llama3.1:8b,PKT_00718eb46b52df49,source_concentration,generalist,False,0,1,0.0,1.0,expected_gain_below_threshold,True,False,GoEmotion,goemotions,dreaddit_policy_transfer_working
llama3.1:8b,PKT_008417d0761ed618,unsupported_abstraction,generalist,True,0,1,0.0,1.0,expected_gain_below_threshold,True,False,GoEmotion,goemotions,dreaddit_policy_transfer_working
llama3.1:8b,PKT_008a039a6610db69,unsupported_evidence,generalist,True,0,1,0.0,1.0,expected_gain_below_threshold,True,False,GoEmotion,goemotions,dreaddit_policy_transfer_working
llama3.1:8b,PKT_0091d5eccea35fb4,contextual_flattening,both,True,2,3,2.25,3.25,both_specialists_acquired,True,False,GoEmotion,goemotions,dreaddit_policy_transfer_working
llama3.1:8b,PKT_0092d303126ba068,unsupported_evidence,generalist,True,0,1,0.0,1.0,expected_gain_below_threshold,True,False,GoEmotion,goemotions,dreaddit_policy_transfer_working
llama3.1:8b,PKT_009c2ee513296351,unsupported_abstraction,both,True,2,3,2.25,3.25,both_specialists_acquired,True,False,GoEmotion,goemotions,dreaddit_policy_transfer_working
llama3.1:8b,PKT_00a398a6e7072686,unsupported_evidence,generalist,True,0,1,0.0,1.0,expected_gain_below_threshold,True,False,GoEmotion,goemotions,dreaddit_policy_transfer_working
llama3.1:8b,PKT_00a4a122feec7645,unsupported_evidence,generalist,True,0,1,0.0,1.0,expected_gain_below_threshold,True,False,GoEmotion,goemotions,dreaddit_policy_transfer_working
llama3.1:8b,PKT_00a4f8a32802907f,contextual_flattening,generalist,False,0,1,0.0,1.0,expected_gain_below_threshold,True,False,GoEmotion,goemotions,dreaddit_policy_transfer_working
llama3.1:8b,PKT_00b836ae022278cc,counterevidence_loss,generalist,True,0,1,0.0,1.0,expected_gain_below_threshold,True,False,GoEmotion,goemotions,dreaddit_policy_transfer_working
llama3.1:8b,PKT_00bf672224e98002,contextual_flattening,generalist,True,0,1,0.0,1.0,expected_gain_below_threshold,True,False,GoEmotion,goemotions,dreaddit_policy_transfer_working
llama3.1:8b,PKT_00c12d0366996e50,unsupported_evidence,generalist,True,0,1,0.0,1.0,expected_gain_below_threshold,True,False,GoEmotion,goemotions,dreaddit_policy_transfer_working
llama3.1:8b,PKT_00c1bf38e75c46fd,counterevidence_loss,generalist,True,0,1,0.0,1.0,expected_gain_below_threshold,True,False,GoEmotion,goemotions,dreaddit_policy_transfer_working
llama3.1:8b,PKT_00ca29dabb31c5dd,counterevidence_loss,both,False,2,3,2.25,3.25,both_specialists_acquired,True,False,GoEmotion,goemotions,dreaddit_policy_transfer_working
llama3.1:8b,PKT_00ca3c08c22e6626,contextual_flattening,generalist,True,0,1,0.0,1.0,expected_gain_below_threshold,True,False,GoEmotion,goemotions,dreaddit_policy_transfer_working
llama3.1:8b,PKT_00caa4dc4336ec99,unsupported_abstraction,generalist,True,0,1,0.0,1.0,expected_gain_below_threshold,True,False,GoEmotion,goemotions,dreaddit_policy_transfer_working
llama3.1:8b,PKT_00cf774b6a88aa26,unsupported_abstraction,generalist,True,0,1,0.0,1.0,expected_gain_below_threshold,True,False,GoEmotion,goemotions,dreaddit_policy_transfer_working
llama3.1:8b,PKT_00dbff09dd40ac96,unsupported_evidence,generalist,True,0,1,0.0,1.0,expected_gain_below_threshold,True,False,GoEmotion,goemotions,dreaddit_policy_transfer_working
llama3.1:8b,PKT_00df1ff4209f58fd,counterevidence_loss,generalist,True,0,1,0.0,1.0,expected_gain_below_threshold,True,False,GoEmotion,goemotions,dreaddit_policy_transfer_working
llama3.1:8b,PKT_00e2aa7e06a2cc18,contextual_flattening,generalist,True,0,1,0.0,1.0,expected_gain_below_threshold,True,False,GoEmotion,goemotions,dreaddit_policy_transfer_working
llama3.1:8b,PKT_00e64d53d8ad922c,contextual_flattening,generalist,True,0,1,0.0,1.0,expected_gain_below_threshold,True,False,GoEmotion,goemotions,dreaddit_policy_transfer_working
llama3.1:8b,PKT_00eed6398f7d64d9,unsupported_evidence,generalist,True,0,1,0.0,1.0,expected_gain_below_threshold,True,False,GoEmotion,goemotions,dreaddit_policy_transfer_working
llama3.1:8b,PKT_00f10e3fd53ee0ab,unsupported_abstraction,generalist,True,0,1,0.0,1.0,expected_gain_below_threshold,True,False,GoEmotion,goemotions,dreaddit_policy_transfer_working
llama3.1:8b,PKT_010189f8da439eb4,unsupported_abstraction,generalist,True,0,1,0.0,1.0,expected_gain_below_threshold,True,False,GoEmotion,goemotions,dreaddit_policy_transfer_working
llama3.1:8b,PKT_0114161b87c47333,contextual_flattening,both,True,2,3,2.25,3.25,both_specialists_acquired,True,False,GoEmotion,goemotions,dreaddit_policy_transfer_working
llama3.1:8b,PKT_0114b902a8695d11,unsupported_abstraction,generalist,True,0,1,0.0,1.0,expected_gain_below_threshold,True,False,GoEmotion,goemotions,dreaddit_policy_transfer_working
llama3.1:8b,PKT_01173b64772c494d,unsupported_abstraction,generalist,True,0,1,0.0,1.0,expected_gain_below_threshold,True,False,GoEmotion,goemotions,dreaddit_policy_transfer_working
llama3.1:8b,PKT_01190686ff80d28e,unsupported_evidence,generalist,True,0,1,0.0,1.0,expected_gain_below_threshold,True,False,GoEmotion,goemotions,dreaddit_policy_transfer_working
llama3.1:8b,PKT_011f8ee86e97218d,unsupported_abstraction,generalist,True,0,1,0.0,1.0,expected_gain_below_threshold,True,False,GoEmotion,goemotions,dreaddit_policy_transfer_working
llama3.1:8b,PKT_011ff59ef6ec40ba,contextual_flattening,generalist,True,0,1,0.0,1.0,expected_gain_below_threshold,True,False,GoEmotion,goemotions,dreaddit_policy_transfer_working
llama3.1:8b,PKT_01225f9ea4591ecb,counterevidence_loss,generalist,True,0,1,0.0,1.0,expected_gain_below_threshold,True,False,GoEmotion,goemotions,dreaddit_policy_transfer_working
llama3.1:8b,PKT_0129f6438df68cb1,counterevidence_loss,generalist,True,0,1,0.0,1.0,expected_gain_below_threshold,True,False,GoEmotion,goemotions,dreaddit_policy_transfer_working
llama3.1:8b,PKT_012a892af8ab07b2,counterevidence_loss,generalist,True,0,1,0.0,1.0,expected_gain_below_threshold,True,False,GoEmotion,goemotions,dreaddit_policy_transfer_working
llama3.1:8b,PKT_012b5f36ac59d296,source_concentration,generalist,False,0,1,0.0,1.0,expected_gain_below_threshold,True,False,GoEmotion,goemotions,dreaddit_policy_transfer_working
llama3.1:8b,PKT_0140642cdc127af3,counterevidence_loss,both,False,2,3,2.25,3.25,both_specialists_acquired,True,False,GoEmotion,goemotions,dreaddit_policy_transfer_working
llama3.1:8b,PKT_0141243c61be6d35,unsupported_abstraction,generalist,True,0,1,0.0,1.0,expected_gain_below_threshold,True,False,GoEmotion,goemotions,dreaddit_policy_transfer_working
llama3.1:8b,PKT_014907b640301302,contextual_flattening,both,True,2,3,2.25,3.25,both_specialists_acquired,True,False,GoEmotion,goemotions,dreaddit_policy_transfer_working
llama3.1:8b,PKT_014ba6a5ab27073f,source_concentration,generalist,False,0,1,0.0,1.0,expected_gain_below_threshold,True,False,GoEmotion,goemotions,dreaddit_policy_transfer_working
llama3.1:8b,PKT_014ed29fd632d69d,unsupported_abstraction,generalist,True,0,1,0.0,1.0,expected_gain_below_threshold,True,False,GoEmotion,goemotions,dreaddit_policy_transfer_working
llama3.1:8b,PKT_014f863a5357dad9,counterevidence_loss,generalist,True,0,1,0.0,1.0,expected_gain_below_threshold,True,False,GoEmotion,goemotions,dreaddit_policy_transfer_working
llama3.1:8b,PKT_01504567dc114f63,source_concentration,generalist,False,0,1,0.0,1.0,expected_gain_below_threshold,True,False,GoEmotion,goemotions,dreaddit_policy_transfer_working
llama3.1:8b,PKT_015a446078b3ad1a,source_concentration,generalist,False,0,1,0.0,1.0,expected_gain_below_threshold,True,False,GoEmotion,goemotions,dreaddit_policy_transfer_working
llama3.1:8b,PKT_016561ebeb8bfde2,source_concentration,generalist,False,0,1,0.0,1.0,expected_gain_below_threshold,True,False,GoEmotion,goemotions,dreaddit_policy_transfer_working
llama3.1:8b,PKT_0167c66ee79066fb,contextual_flattening,both,True,2,3,2.25,3.25,both_specialists_acquired,True,False,GoEmotion,goemotions,dreaddit_policy_transfer_working
llama3.1:8b,PKT_01718de685b1fd5f,unsupported_abstraction,generalist,True,0,1,0.0,1.0,expected_gain_below_threshold,True,False,GoEmotion,goemotions,dreaddit_policy_transfer_working
llama3.1:8b,PKT_017449cee52eebde,unsupported_evidence,both,True,2,3,2.25,3.25,both_specialists_acquired,True,False,GoEmotion,goemotions,dreaddit_policy_transfer_working
llama3.1:8b,PKT_0183d464274c6638,counterevidence_loss,generalist,True,0,1,0.0,1.0,expected_gain_below_threshold,True,False,GoEmotion,goemotions,dreaddit_policy_transfer_working
llama3.1:8b,PKT_018a3d52fcce28ed,unsupported_abstraction,both,False,2,3,2.25,3.25,both_specialists_acquired,True,False,GoEmotion,goemotions,dreaddit_policy_transfer_working
llama3.1:8b,PKT_018c68be09b20b9f,counterevidence_loss,both,True,2,3,2.25,3.25,both_specialists_acquired,True,False,GoEmotion,goemotions,dreaddit_policy_transfer_working
llama3.1:8b,PKT_018e6fc12bd9e0ac,unsupported_abstraction,generalist,True,0,1,0.0,1.0,expected_gain_below_threshold,True,False,GoEmotion,goemotions,dreaddit_policy_transfer_working
llama3.1:8b,PKT_01906b452d3a0088,contextual_flattening,generalist,True,0,1,0.0,1.0,expected_gain_below_threshold,True,False,GoEmotion,goemotions,dreaddit_policy_transfer_working
llama3.1:8b,PKT_01941e397d9a4d2a,source_concentration,generalist,False,0,1,0.0,1.0,expected_gain_below_threshold,True,False,GoEmotion,goemotions,dreaddit_policy_transfer_working
llama3.1:8b,PKT_01a014b0777209a7,contextual_flattening,generalist,True,0,1,0.0,1.0,expected_gain_below_threshold,True,False,GoEmotion,goemotions,dreaddit_policy_transfer_working
llama3.1:8b,PKT_01ab5ee2a10e6271,counterevidence_loss,generalist,True,0,1,0.0,1.0,expected_gain_below_threshold,True,False,GoEmotion,goemotions,dreaddit_policy_transfer_working
llama3.1:8b,PKT_01ac39b72feeb919,contextual_flattening,generalist,True,0,1,0.0,1.0,expected_gain_below_threshold,True,False,GoEmotion,goemotions,dreaddit_policy_transfer_working
llama3.1:8b,PKT_01ac7a8f4dc9767b,unsupported_evidence,both,True,2,3,2.25,3.25,both_specialists_acquired,True,False,GoEmotion,goemotions,dreaddit_policy_transfer_working
llama3.1:8b,PKT_01acee65328ca30c,unsupported_abstraction,generalist,True,0,1,0.0,1.0,expected_gain_below_threshold,True,False,GoEmotion,goemotions,dreaddit_policy_transfer_working
llama3.1:8b,PKT_01ae758a48f01868,source_concentration,generalist,False,0,1,0.0,1.0,expected_gain_below_threshold,True,False,GoEmotion,goemotions,dreaddit_policy_transfer_working
llama3.1:8b,PKT_01c8d1f29e51e32a,counterevidence_loss,both,True,2,3,2.25,3.25,both_specialists_acquired,True,False,GoEmotion,goemotions,dreaddit_policy_transfer_working
llama3.1:8b,PKT_01d0f4cd0379b123,unsupported_abstraction,generalist,True,0,1,0.0,1.0,expected_gain_below_threshold,True,False,GoEmotion,goemotions,dreaddit_policy_transfer_working
llama3.1:8b,PKT_01d4e31b5e335054,source_concentration,generalist,False,0,1,0.0,1.0,expected_gain_below_threshold,True,False,GoEmotion,goemotions,dreaddit_policy_transfer_working
llama3.1:8b,PKT_01dc6e9edf37123a,source_concentration,generalist,False,0,1,0.0,1.0,expected_gain_below_threshold,True,False,GoEmotion,goemotions,dreaddit_policy_transfer_working
llama3.1:8b,PKT_01df0589e9ed87c7,contextual_flattening,both,True,2,3,2.25,3.25,both_specialists_acquired,True,False,GoEmotion,goemotions,dreaddit_policy_transfer_working
llama3.1:8b,PKT_01e0b758a7343e4e,source_concentration,generalist,False,0,1,0.0,1.0,expected_gain_below_threshold,True,False,GoEmotion,goemotions,dreaddit_policy_transfer_working
llama3.1:8b,PKT_01f73c69b0539cf9,source_concentration,generalist,False,0,1,0.0,1.0,expected_gain_below_threshold,True,False,GoEmotion,goemotions,dreaddit_policy_transfer_working
llama3.1:8b,PKT_01fbe83f43b5f960,unsupported_abstraction,generalist,True,0,1,0.0,1.0,expected_gain_below_threshold,True,False,GoEmotion,goemotions,dreaddit_policy_transfer_working
llama3.1:8b,PKT_01fd14a7328b2988,contextual_flattening,both,True,2,3,2.25,3.25,both_specialists_acquired,True,False,GoEmotion,goemotions,dreaddit_policy_transfer_working
llama3.1:8b,PKT_020c29c44869cab9,contextual_flattening,generalist,True,0,1,0.0,1.0,expected_gain_below_threshold,True,False,GoEmotion,goemotions,dreaddit_policy_transfer_working
llama3.1:8b,PKT_021d1ef35686eeee,source_concentration,generalist,False,0,1,0.0,1.0,expected_gain_below_threshold,True,False,GoEmotion,goemotions,dreaddit_policy_transfer_working
llama3.1:8b,PKT_022322af119a7731,contextual_flattening,generalist,True,0,1,0.0,1.0,expected_gain_below_threshold,True,False,GoEmotion,goemotions,dreaddit_policy_transfer_working
llama3.1:8b,PKT_0228c973a230dd6c,counterevidence_loss,generalist,True,0,1,0.0,1.0,expected_gain_below_threshold,True,False,GoEmotion,goemotions,dreaddit_policy_transfer_working
llama3.1:8b,PKT_022a11d4f4861770,unsupported_abstraction,generalist,True,0,1,0.0,1.0,expected_gain_below_threshold,True,False,GoEmotion,goemotions,dreaddit_policy_transfer_working
llama3.1:8b,PKT_022bd4e543446c85,unsupported_evidence,generalist,True,0,1,0.0,1.0,expected_gain_below_threshold,True,False,GoEmotion,goemotions,dreaddit_policy_transfer_working
llama3.1:8b,PKT_023432d7aeab4a5e,source_concentration,generalist,False,0,1,0.0,1.0,expected_gain_below_threshold,True,False,GoEmotion,goemotions,dreaddit_policy_transfer_working
llama3.1:8b,PKT_02391ca58ecf506b,unsupported_evidence,generalist,True,0,1,0.0,1.0,expected_gain_below_threshold,True,False,GoEmotion,goemotions,dreaddit_policy_transfer_working
llama3.1:8b,PKT_024a1d8bde2829ef,source_concentration,generalist,False,0,1,0.0,1.0,expected_gain_below_threshold,True,False,GoEmotion,goemotions,dreaddit_policy_transfer_working
llama3.1:8b,PKT_0255af118aa35285,unsupported_abstraction,generalist,True,0,1,0.0,1.0,expected_gain_below_threshold,True,False,GoEmotion,goemotions,dreaddit_policy_transfer_working
llama3.1:8b,PKT_026ff420eddebd10,unsupported_evidence,generalist,True,0,1,0.0,1.0,expected_gain_below_threshold,True,False,GoEmotion,goemotions,dreaddit_policy_transfer_working
llama3.1:8b,PKT_0276acac69fd8cbb,source_concentration,generalist,False,0,1,0.0,1.0,expected_gain_below_threshold,True,False,GoEmotion,goemotions,dreaddit_policy_transfer_working
llama3.1:8b,PKT_0288397ea2c10469,unsupported_evidence,both,True,2,3,2.25,3.25,both_specialists_acquired,True,False,GoEmotion,goemotions,dreaddit_policy_transfer_working
llama3.1:8b,PKT_02a6e39e4b37f78f,unsupported_evidence,both,True,2,3,2.25,3.25,both_specialists_acquired,True,False,GoEmotion,goemotions,dreaddit_policy_transfer_working
llama3.1:8b,PKT_02b3259b89a737f2,unsupported_evidence,generalist,True,0,1,0.0,1.0,expected_gain_below_threshold,True,False,GoEmotion,goemotions,dreaddit_policy_transfer_working
llama3.1:8b,PKT_02b91c02b41bdf68,counterevidence_loss,both,False,2,3,2.25,3.25,both_specialists_acquired,True,False,GoEmotion,goemotions,dreaddit_policy_transfer_working
llama3.1:8b,PKT_02bface836cf5283,source_concentration,generalist,False,0,1,0.0,1.0,expected_gain_below_threshold,True,False,GoEmotion,goemotions,dreaddit_policy_transfer_working
llama3.1:8b,PKT_02c8fa3f58678a9a,counterevidence_loss,generalist,True,0,1,0.0,1.0,expected_gain_below_threshold,True,False,GoEmotion,goemotions,dreaddit_policy_transfer_working
llama3.1:8b,PKT_02def0ab542325cc,source_concentration,generalist,False,0,1,0.0,1.0,expected_gain_below_threshold,True,False,GoEmotion,goemotions,dreaddit_policy_transfer_working
llama3.1:8b,PKT_030d198bd1972a7c,counterevidence_loss,generalist,True,0,1,0.0,1.0,expected_gain_below_threshold,True,False,GoEmotion,goemotions,dreaddit_policy_transfer_working
llama3.1:8b,PKT_0333d1d7aa1779b8,counterevidence_loss,both,False,2,3,2.25,3.25,both_specialists_acquired,True,False,GoEmotion,goemotions,dreaddit_policy_transfer_working
qwen3:8b,PKT_00005d167f87fb17,source_concentration,generalist,False,0,1,0.0,1.0,expected_gain_below_threshold,True,False,GoEmotion,goemotions,dreaddit_policy_transfer_working
qwen3:8b,PKT_0010ecd8fd3eca60,contextual_flattening,generalist,True,0,1,0.0,1.0,expected_gain_below_threshold,True,False,GoEmotion,goemotions,dreaddit_policy_transfer_working
qwen3:8b,PKT_001596e290026e08,unsupported_abstraction,generalist,True,0,1,0.0,1.0,expected_gain_below_threshold,True,False,GoEmotion,goemotions,dreaddit_policy_transfer_working
qwen3:8b,PKT_0017e5c3903b9ad4,contextual_flattening,generalist,True,0,1,0.0,1.0,expected_gain_below_threshold,True,False,GoEmotion,goemotions,dreaddit_policy_transfer_working
qwen3:8b,PKT_0026a48e20161b6f,unsupported_evidence,generalist,False,0,1,0.0,1.0,expected_gain_below_threshold,True,False,GoEmotion,goemotions,dreaddit_policy_transfer_working
qwen3:8b,PKT_00433099784ffadb,counterevidence_loss,generalist,True,0,1,0.0,1.0,expected_gain_below_threshold,True,False,GoEmotion,goemotions,dreaddit_policy_transfer_working
qwen3:8b,PKT_005093a0fddff098,source_concentration,generalist,False,0,1,0.0,1.0,expected_gain_below_threshold,True,False,GoEmotion,goemotions,dreaddit_policy_transfer_working
qwen3:8b,PKT_0055c57ac3d69401,unsupported_evidence,generalist,False,0,1,0.0,1.0,expected_gain_below_threshold,True,False,GoEmotion,goemotions,dreaddit_policy_transfer_working
qwen3:8b,PKT_0056d5f31cab3583,counterevidence_loss,generalist,True,0,1,0.0,1.0,expected_gain_below_threshold,True,False,GoEmotion,goemotions,dreaddit_policy_transfer_working
qwen3:8b,PKT_005b67a97bcb5979,contextual_flattening,generalist,True,0,1,0.0,1.0,expected_gain_below_threshold,True,False,GoEmotion,goemotions,dreaddit_policy_transfer_working
qwen3:8b,PKT_005e65fd7f7074cb,unsupported_evidence,generalist,False,0,1,0.0,1.0,expected_gain_below_threshold,True,False,GoEmotion,goemotions,dreaddit_policy_transfer_working
qwen3:8b,PKT_006d2babce7c21c3,unsupported_evidence,generalist,False,0,1,0.0,1.0,expected_gain_below_threshold,True,False,GoEmotion,goemotions,dreaddit_policy_transfer_working
qwen3:8b,PKT_00718eb46b52df49,source_concentration,generalist,True,0,1,0.0,1.0,expected_gain_below_threshold,True,False,GoEmotion,goemotions,dreaddit_policy_transfer_working
qwen3:8b,PKT_008417d0761ed618,unsupported_abstraction,generalist,True,0,1,0.0,1.0,expected_gain_below_threshold,True,False,GoEmotion,goemotions,dreaddit_policy_transfer_working
qwen3:8b,PKT_008a039a6610db69,unsupported_evidence,generalist,False,0,1,0.0,1.0,expected_gain_below_threshold,True,False,GoEmotion,goemotions,dreaddit_policy_transfer_working
qwen3:8b,PKT_0091d5eccea35fb4,contextual_flattening,generalist,True,0,1,0.0,1.0,expected_gain_below_threshold,True,False,GoEmotion,goemotions,dreaddit_policy_transfer_working
qwen3:8b,PKT_0092d303126ba068,unsupported_evidence,generalist,False,0,1,0.0,1.0,expected_gain_below_threshold,True,False,GoEmotion,goemotions,dreaddit_policy_transfer_working
qwen3:8b,PKT_009c2ee513296351,unsupported_abstraction,generalist,True,0,1,0.0,1.0,expected_gain_below_threshold,True,False,GoEmotion,goemotions,dreaddit_policy_transfer_working
qwen3:8b,PKT_00a398a6e7072686,unsupported_evidence,generalist,False,0,1,0.0,1.0,expected_gain_below_threshold,True,False,GoEmotion,goemotions,dreaddit_policy_transfer_working
qwen3:8b,PKT_00a4a122feec7645,unsupported_evidence,generalist,False,0,1,0.0,1.0,expected_gain_below_threshold,True,False,GoEmotion,goemotions,dreaddit_policy_transfer_working
qwen3:8b,PKT_00a4f8a32802907f,contextual_flattening,generalist,True,0,1,0.0,1.0,expected_gain_below_threshold,True,False,GoEmotion,goemotions,dreaddit_policy_transfer_working
qwen3:8b,PKT_00b836ae022278cc,counterevidence_loss,generalist,True,0,1,0.0,1.0,expected_gain_below_threshold,True,False,GoEmotion,goemotions,dreaddit_policy_transfer_working
qwen3:8b,PKT_00bf672224e98002,contextual_flattening,generalist,True,0,1,0.0,1.0,expected_gain_below_threshold,True,False,GoEmotion,goemotions,dreaddit_policy_transfer_working
qwen3:8b,PKT_00c12d0366996e50,unsupported_evidence,generalist,False,0,1,0.0,1.0,expected_gain_below_threshold,True,False,GoEmotion,goemotions,dreaddit_policy_transfer_working
qwen3:8b,PKT_00c1bf38e75c46fd,counterevidence_loss,generalist,True,0,1,0.0,1.0,expected_gain_below_threshold,True,False,GoEmotion,goemotions,dreaddit_policy_transfer_working
qwen3:8b,PKT_00ca29dabb31c5dd,counterevidence_loss,generalist,True,0,1,0.0,1.0,expected_gain_below_threshold,True,False,GoEmotion,goemotions,dreaddit_policy_transfer_working
qwen3:8b,PKT_00ca3c08c22e6626,contextual_flattening,generalist,True,0,1,0.0,1.0,expected_gain_below_threshold,True,False,GoEmotion,goemotions,dreaddit_policy_transfer_working
qwen3:8b,PKT_00caa4dc4336ec99,unsupported_abstraction,generalist,True,0,1,0.0,1.0,expected_gain_below_threshold,True,False,GoEmotion,goemotions,dreaddit_policy_transfer_working
qwen3:8b,PKT_00cf774b6a88aa26,unsupported_abstraction,generalist,True,0,1,0.0,1.0,expected_gain_below_threshold,True,False,GoEmotion,goemotions,dreaddit_policy_transfer_working
qwen3:8b,PKT_00dbff09dd40ac96,unsupported_evidence,generalist,False,0,1,0.0,1.0,expected_gain_below_threshold,True,False,GoEmotion,goemotions,dreaddit_policy_transfer_working
qwen3:8b,PKT_00df1ff4209f58fd,counterevidence_loss,generalist,True,0,1,0.0,1.0,expected_gain_below_threshold,True,False,GoEmotion,goemotions,dreaddit_policy_transfer_working
qwen3:8b,PKT_00e2aa7e06a2cc18,contextual_flattening,generalist,True,0,1,0.0,1.0,expected_gain_below_threshold,True,False,GoEmotion,goemotions,dreaddit_policy_transfer_working
qwen3:8b,PKT_00e64d53d8ad922c,contextual_flattening,generalist,True,0,1,0.0,1.0,expected_gain_below_threshold,True,False,GoEmotion,goemotions,dreaddit_policy_transfer_working
qwen3:8b,PKT_00eed6398f7d64d9,unsupported_evidence,generalist,False,0,1,0.0,1.0,expected_gain_below_threshold,True,False,GoEmotion,goemotions,dreaddit_policy_transfer_working
qwen3:8b,PKT_00f10e3fd53ee0ab,unsupported_abstraction,generalist,True,0,1,0.0,1.0,expected_gain_below_threshold,True,False,GoEmotion,goemotions,dreaddit_policy_transfer_working
qwen3:8b,PKT_010189f8da439eb4,unsupported_abstraction,generalist,True,0,1,0.0,1.0,expected_gain_below_threshold,True,False,GoEmotion,goemotions,dreaddit_policy_transfer_working
qwen3:8b,PKT_0114161b87c47333,contextual_flattening,generalist,True,0,1,0.0,1.0,expected_gain_below_threshold,True,False,GoEmotion,goemotions,dreaddit_policy_transfer_working
qwen3:8b,PKT_0114b902a8695d11,unsupported_abstraction,generalist,True,0,1,0.0,1.0,expected_gain_below_threshold,True,False,GoEmotion,goemotions,dreaddit_policy_transfer_working
qwen3:8b,PKT_01173b64772c494d,unsupported_abstraction,generalist,True,0,1,0.0,1.0,expected_gain_below_threshold,True,False,GoEmotion,goemotions,dreaddit_policy_transfer_working
qwen3:8b,PKT_01190686ff80d28e,unsupported_evidence,generalist,False,0,1,0.0,1.0,expected_gain_below_threshold,True,False,GoEmotion,goemotions,dreaddit_policy_transfer_working
qwen3:8b,PKT_011f8ee86e97218d,unsupported_abstraction,generalist,True,0,1,0.0,1.0,expected_gain_below_threshold,True,False,GoEmotion,goemotions,dreaddit_policy_transfer_working
qwen3:8b,PKT_011ff59ef6ec40ba,contextual_flattening,generalist,True,0,1,0.0,1.0,expected_gain_below_threshold,True,False,GoEmotion,goemotions,dreaddit_policy_transfer_working
qwen3:8b,PKT_01225f9ea4591ecb,counterevidence_loss,generalist,True,0,1,0.0,1.0,expected_gain_below_threshold,True,False,GoEmotion,goemotions,dreaddit_policy_transfer_working
qwen3:8b,PKT_0129f6438df68cb1,counterevidence_loss,generalist,True,0,1,0.0,1.0,expected_gain_below_threshold,True,False,GoEmotion,goemotions,dreaddit_policy_transfer_working
qwen3:8b,PKT_012a892af8ab07b2,counterevidence_loss,generalist,True,0,1,0.0,1.0,expected_gain_below_threshold,True,False,GoEmotion,goemotions,dreaddit_policy_transfer_working
qwen3:8b,PKT_012b5f36ac59d296,source_concentration,generalist,True,0,1,0.0,1.0,expected_gain_below_threshold,True,False,GoEmotion,goemotions,dreaddit_policy_transfer_working
qwen3:8b,PKT_0140642cdc127af3,counterevidence_loss,generalist,True,0,1,0.0,1.0,expected_gain_below_threshold,True,False,GoEmotion,goemotions,dreaddit_policy_transfer_working
qwen3:8b,PKT_0141243c61be6d35,unsupported_abstraction,generalist,True,0,1,0.0,1.0,expected_gain_below_threshold,True,False,GoEmotion,goemotions,dreaddit_policy_transfer_working
qwen3:8b,PKT_014907b640301302,contextual_flattening,generalist,True,0,1,0.0,1.0,expected_gain_below_threshold,True,False,GoEmotion,goemotions,dreaddit_policy_transfer_working
qwen3:8b,PKT_014ba6a5ab27073f,source_concentration,generalist,True,0,1,0.0,1.0,expected_gain_below_threshold,True,False,GoEmotion,goemotions,dreaddit_policy_transfer_working
qwen3:8b,PKT_014ed29fd632d69d,unsupported_abstraction,generalist,True,0,1,0.0,1.0,expected_gain_below_threshold,True,False,GoEmotion,goemotions,dreaddit_policy_transfer_working
qwen3:8b,PKT_014f863a5357dad9,counterevidence_loss,generalist,True,0,1,0.0,1.0,expected_gain_below_threshold,True,False,GoEmotion,goemotions,dreaddit_policy_transfer_working
qwen3:8b,PKT_01504567dc114f63,source_concentration,generalist,True,0,1,0.0,1.0,expected_gain_below_threshold,True,False,GoEmotion,goemotions,dreaddit_policy_transfer_working
qwen3:8b,PKT_015a446078b3ad1a,source_concentration,generalist,False,0,1,0.0,1.0,expected_gain_below_threshold,True,False,GoEmotion,goemotions,dreaddit_policy_transfer_working
qwen3:8b,PKT_016561ebeb8bfde2,source_concentration,generalist,True,0,1,0.0,1.0,expected_gain_below_threshold,True,False,GoEmotion,goemotions,dreaddit_policy_transfer_working
qwen3:8b,PKT_0167c66ee79066fb,contextual_flattening,generalist,True,0,1,0.0,1.0,expected_gain_below_threshold,True,False,GoEmotion,goemotions,dreaddit_policy_transfer_working
qwen3:8b,PKT_01718de685b1fd5f,unsupported_abstraction,generalist,True,0,1,0.0,1.0,expected_gain_below_threshold,True,False,GoEmotion,goemotions,dreaddit_policy_transfer_working
qwen3:8b,PKT_017449cee52eebde,unsupported_evidence,generalist,False,0,1,0.0,1.0,expected_gain_below_threshold,True,False,GoEmotion,goemotions,dreaddit_policy_transfer_working
qwen3:8b,PKT_0183d464274c6638,counterevidence_loss,generalist,True,0,1,0.0,1.0,expected_gain_below_threshold,True,False,GoEmotion,goemotions,dreaddit_policy_transfer_working
qwen3:8b,PKT_018a3d52fcce28ed,unsupported_abstraction,generalist,True,0,1,0.0,1.0,expected_gain_below_threshold,True,False,GoEmotion,goemotions,dreaddit_policy_transfer_working
qwen3:8b,PKT_018c68be09b20b9f,counterevidence_loss,generalist,True,0,1,0.0,1.0,expected_gain_below_threshold,True,False,GoEmotion,goemotions,dreaddit_policy_transfer_working
qwen3:8b,PKT_018e6fc12bd9e0ac,unsupported_abstraction,generalist,True,0,1,0.0,1.0,expected_gain_below_threshold,True,False,GoEmotion,goemotions,dreaddit_policy_transfer_working
qwen3:8b,PKT_01906b452d3a0088,contextual_flattening,generalist,True,0,1,0.0,1.0,expected_gain_below_threshold,True,False,GoEmotion,goemotions,dreaddit_policy_transfer_working
qwen3:8b,PKT_01941e397d9a4d2a,source_concentration,generalist,False,0,1,0.0,1.0,expected_gain_below_threshold,True,False,GoEmotion,goemotions,dreaddit_policy_transfer_working
qwen3:8b,PKT_01a014b0777209a7,contextual_flattening,generalist,True,0,1,0.0,1.0,expected_gain_below_threshold,True,False,GoEmotion,goemotions,dreaddit_policy_transfer_working
qwen3:8b,PKT_01ab5ee2a10e6271,counterevidence_loss,generalist,True,0,1,0.0,1.0,expected_gain_below_threshold,True,False,GoEmotion,goemotions,dreaddit_policy_transfer_working
qwen3:8b,PKT_01ac39b72feeb919,contextual_flattening,generalist,True,0,1,0.0,1.0,expected_gain_below_threshold,True,False,GoEmotion,goemotions,dreaddit_policy_transfer_working
qwen3:8b,PKT_01ac7a8f4dc9767b,unsupported_evidence,generalist,False,0,1,0.0,1.0,expected_gain_below_threshold,True,False,GoEmotion,goemotions,dreaddit_policy_transfer_working
qwen3:8b,PKT_01acee65328ca30c,unsupported_abstraction,generalist,True,0,1,0.0,1.0,expected_gain_below_threshold,True,False,GoEmotion,goemotions,dreaddit_policy_transfer_working
qwen3:8b,PKT_01ae758a48f01868,source_concentration,generalist,True,0,1,0.0,1.0,expected_gain_below_threshold,True,False,GoEmotion,goemotions,dreaddit_policy_transfer_working
qwen3:8b,PKT_01c8d1f29e51e32a,counterevidence_loss,generalist,True,0,1,0.0,1.0,expected_gain_below_threshold,True,False,GoEmotion,goemotions,dreaddit_policy_transfer_working
qwen3:8b,PKT_01d0f4cd0379b123,unsupported_abstraction,generalist,True,0,1,0.0,1.0,expected_gain_below_threshold,True,False,GoEmotion,goemotions,dreaddit_policy_transfer_working
qwen3:8b,PKT_01d4e31b5e335054,source_concentration,generalist,False,0,1,0.0,1.0,expected_gain_below_threshold,True,False,GoEmotion,goemotions,dreaddit_policy_transfer_working
qwen3:8b,PKT_01dc6e9edf37123a,source_concentration,generalist,True,0,1,0.0,1.0,expected_gain_below_threshold,True,False,GoEmotion,goemotions,dreaddit_policy_transfer_working
qwen3:8b,PKT_01df0589e9ed87c7,contextual_flattening,generalist,True,0,1,0.0,1.0,expected_gain_below_threshold,True,False,GoEmotion,goemotions,dreaddit_policy_transfer_working
qwen3:8b,PKT_01e0b758a7343e4e,source_concentration,generalist,True,0,1,0.0,1.0,expected_gain_below_threshold,True,False,GoEmotion,goemotions,dreaddit_policy_transfer_working
qwen3:8b,PKT_01f73c69b0539cf9,source_concentration,generalist,False,0,1,0.0,1.0,expected_gain_below_threshold,True,False,GoEmotion,goemotions,dreaddit_policy_transfer_working
qwen3:8b,PKT_01fbe83f43b5f960,unsupported_abstraction,generalist,True,0,1,0.0,1.0,expected_gain_below_threshold,True,False,GoEmotion,goemotions,dreaddit_policy_transfer_working
qwen3:8b,PKT_01fd14a7328b2988,contextual_flattening,generalist,True,0,1,0.0,1.0,expected_gain_below_threshold,True,False,GoEmotion,goemotions,dreaddit_policy_transfer_working
qwen3:8b,PKT_020c29c44869cab9,contextual_flattening,generalist,True,0,1,0.0,1.0,expected_gain_below_threshold,True,False,GoEmotion,goemotions,dreaddit_policy_transfer_working
qwen3:8b,PKT_021d1ef35686eeee,source_concentration,generalist,False,0,1,0.0,1.0,expected_gain_below_threshold,True,False,GoEmotion,goemotions,dreaddit_policy_transfer_working
qwen3:8b,PKT_022322af119a7731,contextual_flattening,generalist,True,0,1,0.0,1.0,expected_gain_below_threshold,True,False,GoEmotion,goemotions,dreaddit_policy_transfer_working
qwen3:8b,PKT_0228c973a230dd6c,counterevidence_loss,generalist,True,0,1,0.0,1.0,expected_gain_below_threshold,True,False,GoEmotion,goemotions,dreaddit_policy_transfer_working
qwen3:8b,PKT_022a11d4f4861770,unsupported_abstraction,generalist,True,0,1,0.0,1.0,expected_gain_below_threshold,True,False,GoEmotion,goemotions,dreaddit_policy_transfer_working
qwen3:8b,PKT_022bd4e543446c85,unsupported_evidence,generalist,False,0,1,0.0,1.0,expected_gain_below_threshold,True,False,GoEmotion,goemotions,dreaddit_policy_transfer_working
qwen3:8b,PKT_023432d7aeab4a5e,source_concentration,generalist,False,0,1,0.0,1.0,expected_gain_below_threshold,True,False,GoEmotion,goemotions,dreaddit_policy_transfer_working
qwen3:8b,PKT_02391ca58ecf506b,unsupported_evidence,generalist,False,0,1,0.0,1.0,expected_gain_below_threshold,True,False,GoEmotion,goemotions,dreaddit_policy_transfer_working
qwen3:8b,PKT_024a1d8bde2829ef,source_concentration,generalist,True,0,1,0.0,1.0,expected_gain_below_threshold,True,False,GoEmotion,goemotions,dreaddit_policy_transfer_working
qwen3:8b,PKT_0255af118aa35285,unsupported_abstraction,generalist,True,0,1,0.0,1.0,expected_gain_below_threshold,True,False,GoEmotion,goemotions,dreaddit_policy_transfer_working
qwen3:8b,PKT_026ff420eddebd10,unsupported_evidence,generalist,True,0,1,0.0,1.0,expected_gain_below_threshold,True,False,GoEmotion,goemotions,dreaddit_policy_transfer_working
qwen3:8b,PKT_0276acac69fd8cbb,source_concentration,generalist,True,0,1,0.0,1.0,expected_gain_below_threshold,True,False,GoEmotion,goemotions,dreaddit_policy_transfer_working
qwen3:8b,PKT_0288397ea2c10469,unsupported_evidence,generalist,False,0,1,0.0,1.0,expected_gain_below_threshold,True,False,GoEmotion,goemotions,dreaddit_policy_transfer_working
qwen3:8b,PKT_02a6e39e4b37f78f,unsupported_evidence,generalist,False,0,1,0.0,1.0,expected_gain_below_threshold,True,False,GoEmotion,goemotions,dreaddit_policy_transfer_working
qwen3:8b,PKT_02b3259b89a737f2,unsupported_evidence,generalist,True,0,1,0.0,1.0,expected_gain_below_threshold,True,False,GoEmotion,goemotions,dreaddit_policy_transfer_working
qwen3:8b,PKT_02b91c02b41bdf68,counterevidence_loss,generalist,True,0,1,0.0,1.0,expected_gain_below_threshold,True,False,GoEmotion,goemotions,dreaddit_policy_transfer_working
qwen3:8b,PKT_02bface836cf5283,source_concentration,generalist,False,0,1,0.0,1.0,expected_gain_below_threshold,True,False,GoEmotion,goemotions,dreaddit_policy_transfer_working
qwen3:8b,PKT_02c8fa3f58678a9a,counterevidence_loss,generalist,True,0,1,0.0,1.0,expected_gain_below_threshold,True,False,GoEmotion,goemotions,dreaddit_policy_transfer_working
qwen3:8b,PKT_02def0ab542325cc,source_concentration,generalist,True,0,1,0.0,1.0,expected_gain_below_threshold,True,False,GoEmotion,goemotions,dreaddit_policy_transfer_working
qwen3:8b,PKT_030d198bd1972a7c,counterevidence_loss,generalist,True,0,1,0.0,1.0,expected_gain_below_threshold,True,False,GoEmotion,goemotions,dreaddit_policy_transfer_working
qwen3:8b,PKT_0333d1d7aa1779b8,counterevidence_loss,generalist,True,0,1,0.0,1.0,expected_gain_below_threshold,True,False,GoEmotion,goemotions,dreaddit_policy_transfer_working
gemma3:4b,PKT_0029910e85300902,unsupported_evidence,generalist,True,0,1,0.0,1.0,expected_gain_below_threshold,True,False,CaChe,agyw_focus_groups,retrospective_heldout_transfer_working
gemma3:4b,PKT_00733f6f6f1fa98d,unsupported_abstraction,generalist,True,0,1,0.0,1.0,expected_gain_below_threshold,True,False,CaChe,agyw_focus_groups,retrospective_heldout_transfer_working
gemma3:4b,PKT_00756199675fc7da,contextual_flattening,generalist,True,0,1,0.0,1.0,expected_gain_below_threshold,True,False,CaChe,agyw_focus_groups,retrospective_heldout_transfer_working
gemma3:4b,PKT_00adf8d1f54e2304,unsupported_evidence,generalist,True,0,1,0.0,1.0,expected_gain_below_threshold,True,False,CaChe,agyw_focus_groups,retrospective_heldout_transfer_working
gemma3:4b,PKT_00b41135ea4351ec,unsupported_evidence,generalist,True,0,1,0.0,1.0,expected_gain_below_threshold,True,False,CaChe,agyw_focus_groups,retrospective_heldout_transfer_working
gemma3:4b,PKT_00c9dd0f0dd5bc20,unsupported_abstraction,generalist,False,0,1,0.0,1.0,expected_gain_below_threshold,True,False,CaChe,agyw_focus_groups,retrospective_heldout_transfer_working
gemma3:4b,PKT_00fbb456688ab146,contextual_flattening,generalist,False,0,1,0.0,1.0,expected_gain_below_threshold,True,False,CaChe,agyw_focus_groups,retrospective_heldout_transfer_working
gemma3:4b,PKT_010a8305987695ea,contextual_flattening,generalist,True,0,1,0.0,1.0,expected_gain_below_threshold,True,False,CaChe,agyw_focus_groups,retrospective_heldout_transfer_working
gemma3:4b,PKT_010b05daff7d9653,counterevidence_loss,generalist,False,0,1,0.0,1.0,expected_gain_below_threshold,True,False,CaChe,agyw_focus_groups,retrospective_heldout_transfer_working
gemma3:4b,PKT_018b3ddb1b222efb,counterevidence_loss,generalist,False,0,1,0.0,1.0,expected_gain_below_threshold,True,False,CaChe,agyw_focus_groups,retrospective_heldout_transfer_working
gemma3:4b,PKT_01956a94111819ea,contextual_flattening,generalist,True,0,1,0.0,1.0,expected_gain_below_threshold,True,False,CaChe,agyw_focus_groups,retrospective_heldout_transfer_working
gemma3:4b,PKT_028c19ee3f467b4d,counterevidence_loss,generalist,False,0,1,0.0,1.0,expected_gain_below_threshold,True,False,CaChe,agyw_focus_groups,retrospective_heldout_transfer_working
gemma3:4b,PKT_02e8a1a1c10778df,unsupported_abstraction,generalist,True,0,1,0.0,1.0,expected_gain_below_threshold,True,False,CaChe,agyw_focus_groups,retrospective_heldout_transfer_working
gemma3:4b,PKT_02f5c04846d244e2,contextual_flattening,generalist,True,0,1,0.0,1.0,expected_gain_below_threshold,True,False,CaChe,agyw_focus_groups,retrospective_heldout_transfer_working
gemma3:4b,PKT_03205c003f6a3e6d,counterevidence_loss,generalist,False,0,1,0.0,1.0,expected_gain_below_threshold,True,False,CaChe,agyw_focus_groups,retrospective_heldout_transfer_working
gemma3:4b,PKT_03daf10b8372b2fb,contextual_flattening,generalist,False,0,1,0.0,1.0,expected_gain_below_threshold,True,False,CaChe,agyw_focus_groups,retrospective_heldout_transfer_working
gemma3:4b,PKT_04e7fbe8e666a5e2,unsupported_evidence,generalist,True,0,1,0.0,1.0,expected_gain_below_threshold,True,False,CaChe,agyw_focus_groups,retrospective_heldout_transfer_working
gemma3:4b,PKT_05debd57c86aac37,source_concentration,generalist,False,0,1,0.0,1.0,expected_gain_below_threshold,True,False,CaChe,agyw_focus_groups,retrospective_heldout_transfer_working
gemma3:4b,PKT_061fa4f03133a98e,counterevidence_loss,generalist,False,0,1,0.0,1.0,expected_gain_below_threshold,True,False,CaChe,agyw_focus_groups,retrospective_heldout_transfer_working
gemma3:4b,PKT_067460d74cc02280,contextual_flattening,generalist,True,0,1,0.0,1.0,expected_gain_below_threshold,True,False,CaChe,agyw_focus_groups,retrospective_heldout_transfer_working
gemma3:4b,PKT_08384a36deb3215c,unsupported_abstraction,generalist,True,0,1,0.0,1.0,expected_gain_below_threshold,True,False,CaChe,agyw_focus_groups,retrospective_heldout_transfer_working
gemma3:4b,PKT_084c65897b9d63ad,counterevidence_loss,generalist,False,0,1,0.0,1.0,expected_gain_below_threshold,True,False,CaChe,agyw_focus_groups,retrospective_heldout_transfer_working
gemma3:4b,PKT_08c147930c8f6053,unsupported_abstraction,generalist,True,0,1,0.0,1.0,expected_gain_below_threshold,True,False,CaChe,agyw_focus_groups,retrospective_heldout_transfer_working
gemma3:4b,PKT_090f9ea2a1a8d859,unsupported_evidence,generalist,True,0,1,0.0,1.0,expected_gain_below_threshold,True,False,CaChe,agyw_focus_groups,retrospective_heldout_transfer_working
gemma3:4b,PKT_092e776c891c066a,counterevidence_loss,generalist,False,0,1,0.0,1.0,expected_gain_below_threshold,True,False,CaChe,agyw_focus_groups,retrospective_heldout_transfer_working
gemma3:4b,PKT_0976b2961c2addde,source_concentration,generalist,False,0,1,0.0,1.0,expected_gain_below_threshold,True,False,CaChe,agyw_focus_groups,retrospective_heldout_transfer_working
gemma3:4b,PKT_0a231ab03ef0a9d5,contextual_flattening,generalist,False,0,1,0.0,1.0,expected_gain_below_threshold,True,False,CaChe,agyw_focus_groups,retrospective_heldout_transfer_working
gemma3:4b,PKT_0b0a3c4988220f22,source_concentration,generalist,False,0,1,0.0,1.0,expected_gain_below_threshold,True,False,CaChe,agyw_focus_groups,retrospective_heldout_transfer_working
gemma3:4b,PKT_0b1a7325048825bd,unsupported_abstraction,generalist,True,0,1,0.0,1.0,expected_gain_below_threshold,True,False,CaChe,agyw_focus_groups,retrospective_heldout_transfer_working
gemma3:4b,PKT_0be0ba97adee561b,source_concentration,generalist,False,0,1,0.0,1.0,expected_gain_below_threshold,True,False,CaChe,agyw_focus_groups,retrospective_heldout_transfer_working
gemma3:4b,PKT_0ce948666c93561a,unsupported_evidence,generalist,True,0,1,0.0,1.0,expected_gain_below_threshold,True,False,CaChe,agyw_focus_groups,retrospective_heldout_transfer_working
gemma3:4b,PKT_0d1d7899ca50e64f,counterevidence_loss,generalist,False,0,1,0.0,1.0,expected_gain_below_threshold,True,False,CaChe,agyw_focus_groups,retrospective_heldout_transfer_working
gemma3:4b,PKT_0d303a929bf61b45,unsupported_evidence,generalist,True,0,1,0.0,1.0,expected_gain_below_threshold,True,False,CaChe,agyw_focus_groups,retrospective_heldout_transfer_working
gemma3:4b,PKT_0dd7ab488b892612,source_concentration,generalist,False,0,1,0.0,1.0,expected_gain_below_threshold,True,False,CaChe,agyw_focus_groups,retrospective_heldout_transfer_working
gemma3:4b,PKT_0ec7af6285d649be,counterevidence_loss,generalist,False,0,1,0.0,1.0,expected_gain_below_threshold,True,False,CaChe,agyw_focus_groups,retrospective_heldout_transfer_working
gemma3:4b,PKT_0edd0daa573ed062,counterevidence_loss,generalist,False,0,1,0.0,1.0,expected_gain_below_threshold,True,False,CaChe,agyw_focus_groups,retrospective_heldout_transfer_working
gemma3:4b,PKT_0f1008197d3bccae,unsupported_evidence,generalist,True,0,1,0.0,1.0,expected_gain_below_threshold,True,False,CaChe,agyw_focus_groups,retrospective_heldout_transfer_working
gemma3:4b,PKT_0f13ee3523a1d0aa,unsupported_evidence,generalist,True,0,1,0.0,1.0,expected_gain_below_threshold,True,False,CaChe,agyw_focus_groups,retrospective_heldout_transfer_working
gemma3:4b,PKT_0fc1ee8f98646197,unsupported_abstraction,generalist,True,0,1,0.0,1.0,expected_gain_below_threshold,True,False,CaChe,agyw_focus_groups,retrospective_heldout_transfer_working
gemma3:4b,PKT_10365377ed1e836a,unsupported_abstraction,generalist,True,0,1,0.0,1.0,expected_gain_below_threshold,True,False,CaChe,agyw_focus_groups,retrospective_heldout_transfer_working
gemma3:4b,PKT_103ef6c784dc1c36,unsupported_evidence,generalist,True,0,1,0.0,1.0,expected_gain_below_threshold,True,False,CaChe,agyw_focus_groups,retrospective_heldout_transfer_working
gemma3:4b,PKT_1067e5102a7dbbce,source_concentration,generalist,False,0,1,0.0,1.0,expected_gain_below_threshold,True,False,CaChe,agyw_focus_groups,retrospective_heldout_transfer_working
gemma3:4b,PKT_10c65d86074fdf3c,source_concentration,generalist,False,0,1,0.0,1.0,expected_gain_below_threshold,True,False,CaChe,agyw_focus_groups,retrospective_heldout_transfer_working
gemma3:4b,PKT_1145187e1cf178cc,unsupported_evidence,generalist,True,0,1,0.0,1.0,expected_gain_below_threshold,True,False,CaChe,agyw_focus_groups,retrospective_heldout_transfer_working
gemma3:4b,PKT_115112fe40c31b5e,unsupported_evidence,generalist,True,0,1,0.0,1.0,expected_gain_below_threshold,True,False,CaChe,agyw_focus_groups,retrospective_heldout_transfer_working
gemma3:4b,PKT_11a6325d61012706,unsupported_evidence,generalist,True,0,1,0.0,1.0,expected_gain_below_threshold,True,False,CaChe,agyw_focus_groups,retrospective_heldout_transfer_working
gemma3:4b,PKT_11e9c6ebe18ef550,source_concentration,generalist,False,0,1,0.0,1.0,expected_gain_below_threshold,True,False,CaChe,agyw_focus_groups,retrospective_heldout_transfer_working
gemma3:4b,PKT_1262aa46b61cfd23,unsupported_evidence,generalist,True,0,1,0.0,1.0,expected_gain_below_threshold,True,False,CaChe,agyw_focus_groups,retrospective_heldout_transfer_working
gemma3:4b,PKT_12657a4953aecce5,unsupported_evidence,generalist,True,0,1,0.0,1.0,expected_gain_below_threshold,True,False,CaChe,agyw_focus_groups,retrospective_heldout_transfer_working
gemma3:4b,PKT_12c63393d9cd0905,source_concentration,generalist,False,0,1,0.0,1.0,expected_gain_below_threshold,True,False,CaChe,agyw_focus_groups,retrospective_heldout_transfer_working
gemma3:4b,PKT_13005c69e827fb04,unsupported_evidence,generalist,True,0,1,0.0,1.0,expected_gain_below_threshold,True,False,CaChe,agyw_focus_groups,retrospective_heldout_transfer_working
gemma3:4b,PKT_130cb3597e4561ab,contextual_flattening,generalist,True,0,1,0.0,1.0,expected_gain_below_threshold,True,False,CaChe,agyw_focus_groups,retrospective_heldout_transfer_working
gemma3:4b,PKT_130e6a5510e058d1,counterevidence_loss,generalist,False,0,1,0.0,1.0,expected_gain_below_threshold,True,False,CaChe,agyw_focus_groups,retrospective_heldout_transfer_working
gemma3:4b,PKT_13199c3477d1ea7c,unsupported_abstraction,generalist,False,0,1,0.0,1.0,expected_gain_below_threshold,True,False,CaChe,agyw_focus_groups,retrospective_heldout_transfer_working
gemma3:4b,PKT_134c847e6e1cac5e,unsupported_abstraction,generalist,True,0,1,0.0,1.0,expected_gain_below_threshold,True,False,CaChe,agyw_focus_groups,retrospective_heldout_transfer_working
gemma3:4b,PKT_13ec187a3255b2bf,unsupported_evidence,generalist,True,0,1,0.0,1.0,expected_gain_below_threshold,True,False,CaChe,agyw_focus_groups,retrospective_heldout_transfer_working
gemma3:4b,PKT_145b2e74af88b654,unsupported_abstraction,generalist,True,0,1,0.0,1.0,expected_gain_below_threshold,True,False,CaChe,agyw_focus_groups,retrospective_heldout_transfer_working
gemma3:4b,PKT_149adf775fa82d76,counterevidence_loss,generalist,False,0,1,0.0,1.0,expected_gain_below_threshold,True,False,CaChe,agyw_focus_groups,retrospective_heldout_transfer_working
gemma3:4b,PKT_14c449c4dc5ac2f5,counterevidence_loss,generalist,False,0,1,0.0,1.0,expected_gain_below_threshold,True,False,CaChe,agyw_focus_groups,retrospective_heldout_transfer_working
gemma3:4b,PKT_1514ce529500142c,unsupported_abstraction,generalist,True,0,1,0.0,1.0,expected_gain_below_threshold,True,False,CaChe,agyw_focus_groups,retrospective_heldout_transfer_working
gemma3:4b,PKT_1563b02b1d124ffb,unsupported_evidence,generalist,True,0,1,0.0,1.0,expected_gain_below_threshold,True,False,CaChe,agyw_focus_groups,retrospective_heldout_transfer_working
gemma3:4b,PKT_15cfaccf15b5c2b1,unsupported_evidence,generalist,True,0,1,0.0,1.0,expected_gain_below_threshold,True,False,CaChe,agyw_focus_groups,retrospective_heldout_transfer_working
gemma3:4b,PKT_16ba7ce2fab8ec92,unsupported_evidence,generalist,True,0,1,0.0,1.0,expected_gain_below_threshold,True,False,CaChe,agyw_focus_groups,retrospective_heldout_transfer_working
gemma3:4b,PKT_16c1ab0d5eaea1e2,counterevidence_loss,generalist,True,0,1,0.0,1.0,expected_gain_below_threshold,True,False,CaChe,agyw_focus_groups,retrospective_heldout_transfer_working
gemma3:4b,PKT_16cee7d469d2e71f,unsupported_abstraction,generalist,True,0,1,0.0,1.0,expected_gain_below_threshold,True,False,CaChe,agyw_focus_groups,retrospective_heldout_transfer_working
gemma3:4b,PKT_16e9d9db408f834a,contextual_flattening,generalist,True,0,1,0.0,1.0,expected_gain_below_threshold,True,False,CaChe,agyw_focus_groups,retrospective_heldout_transfer_working
gemma3:4b,PKT_17ce9f8da6c74c09,source_concentration,generalist,False,0,1,0.0,1.0,expected_gain_below_threshold,True,False,CaChe,agyw_focus_groups,retrospective_heldout_transfer_working
gemma3:4b,PKT_1852944d4019459c,source_concentration,generalist,False,0,1,0.0,1.0,expected_gain_below_threshold,True,False,CaChe,agyw_focus_groups,retrospective_heldout_transfer_working
gemma3:4b,PKT_1891ff4b787e7da1,source_concentration,generalist,False,0,1,0.0,1.0,expected_gain_below_threshold,True,False,CaChe,agyw_focus_groups,retrospective_heldout_transfer_working
gemma3:4b,PKT_18b078dca98ed86c,source_concentration,generalist,False,0,1,0.0,1.0,expected_gain_below_threshold,True,False,CaChe,agyw_focus_groups,retrospective_heldout_transfer_working
gemma3:4b,PKT_18b0ba6f132840b3,source_concentration,generalist,False,0,1,0.0,1.0,expected_gain_below_threshold,True,False,CaChe,agyw_focus_groups,retrospective_heldout_transfer_working
gemma3:4b,PKT_18f4c5ac10ab0472,counterevidence_loss,generalist,False,0,1,0.0,1.0,expected_gain_below_threshold,True,False,CaChe,agyw_focus_groups,retrospective_heldout_transfer_working
gemma3:4b,PKT_193645f3c5f05d5c,unsupported_abstraction,generalist,True,0,1,0.0,1.0,expected_gain_below_threshold,True,False,CaChe,agyw_focus_groups,retrospective_heldout_transfer_working
gemma3:4b,PKT_196f46e9bc030836,counterevidence_loss,generalist,True,0,1,0.0,1.0,expected_gain_below_threshold,True,False,CaChe,agyw_focus_groups,retrospective_heldout_transfer_working
gemma3:4b,PKT_19f65c3271c7f512,source_concentration,generalist,False,0,1,0.0,1.0,expected_gain_below_threshold,True,False,CaChe,agyw_focus_groups,retrospective_heldout_transfer_working
gemma3:4b,PKT_1a0abc344cd89e0b,source_concentration,generalist,False,0,1,0.0,1.0,expected_gain_below_threshold,True,False,CaChe,agyw_focus_groups,retrospective_heldout_transfer_working
gemma3:4b,PKT_1a82ae2b30e1ed19,contextual_flattening,generalist,True,0,1,0.0,1.0,expected_gain_below_threshold,True,False,CaChe,agyw_focus_groups,retrospective_heldout_transfer_working
gemma3:4b,PKT_1b9f2b38432e9491,counterevidence_loss,generalist,True,0,1,0.0,1.0,expected_gain_below_threshold,True,False,CaChe,agyw_focus_groups,retrospective_heldout_transfer_working
gemma3:4b,PKT_1bb81664f52cd09c,source_concentration,generalist,False,0,1,0.0,1.0,expected_gain_below_threshold,True,False,CaChe,agyw_focus_groups,retrospective_heldout_transfer_working
gemma3:4b,PKT_1c0d293a1da64b43,unsupported_abstraction,generalist,True,0,1,0.0,1.0,expected_gain_below_threshold,True,False,CaChe,agyw_focus_groups,retrospective_heldout_transfer_working
gemma3:4b,PKT_1ca0cf12e3fa556d,contextual_flattening,generalist,True,0,1,0.0,1.0,expected_gain_below_threshold,True,False,CaChe,agyw_focus_groups,retrospective_heldout_transfer_working
gemma3:4b,PKT_1d6837be750e2f3b,contextual_flattening,generalist,True,0,1,0.0,1.0,expected_gain_below_threshold,True,False,CaChe,agyw_focus_groups,retrospective_heldout_transfer_working
gemma3:4b,PKT_1e38d18fe64682e4,counterevidence_loss,generalist,False,0,1,0.0,1.0,expected_gain_below_threshold,True,False,CaChe,agyw_focus_groups,retrospective_heldout_transfer_working
gemma3:4b,PKT_1e64f350fb6a73e8,counterevidence_loss,generalist,False,0,1,0.0,1.0,expected_gain_below_threshold,True,False,CaChe,agyw_focus_groups,retrospective_heldout_transfer_working
gemma3:4b,PKT_1e6dc2b685a45edc,unsupported_abstraction,generalist,True,0,1,0.0,1.0,expected_gain_below_threshold,True,False,CaChe,agyw_focus_groups,retrospective_heldout_transfer_working
gemma3:4b,PKT_1f1e6ff8d3c37c2e,source_concentration,generalist,False,0,1,0.0,1.0,expected_gain_below_threshold,True,False,CaChe,agyw_focus_groups,retrospective_heldout_transfer_working
gemma3:4b,PKT_1f3fd10f89646c10,unsupported_abstraction,generalist,False,0,1,0.0,1.0,expected_gain_below_threshold,True,False,CaChe,agyw_focus_groups,retrospective_heldout_transfer_working
gemma3:4b,PKT_207e5921f99aff50,source_concentration,generalist,False,0,1,0.0,1.0,expected_gain_below_threshold,True,False,CaChe,agyw_focus_groups,retrospective_heldout_transfer_working
gemma3:4b,PKT_215c50e90fd2cfc5,counterevidence_loss,generalist,False,0,1,0.0,1.0,expected_gain_below_threshold,True,False,CaChe,agyw_focus_groups,retrospective_heldout_transfer_working
gemma3:4b,PKT_2218d9fe5edbba1e,unsupported_abstraction,generalist,True,0,1,0.0,1.0,expected_gain_below_threshold,True,False,CaChe,agyw_focus_groups,retrospective_heldout_transfer_working
gemma3:4b,PKT_22a36df1fbd41541,unsupported_abstraction,generalist,True,0,1,0.0,1.0,expected_gain_below_threshold,True,False,CaChe,agyw_focus_groups,retrospective_heldout_transfer_working
gemma3:4b,PKT_2334e754565cd4e9,contextual_flattening,generalist,True,0,1,0.0,1.0,expected_gain_below_threshold,True,False,CaChe,agyw_focus_groups,retrospective_heldout_transfer_working
gemma3:4b,PKT_239a970705f04dab,source_concentration,generalist,False,0,1,0.0,1.0,expected_gain_below_threshold,True,False,CaChe,agyw_focus_groups,retrospective_heldout_transfer_working
gemma3:4b,PKT_24e90b2f65e306a5,contextual_flattening,generalist,True,0,1,0.0,1.0,expected_gain_below_threshold,True,False,CaChe,agyw_focus_groups,retrospective_heldout_transfer_working
gemma3:4b,PKT_24f145419139cb16,unsupported_abstraction,generalist,True,0,1,0.0,1.0,expected_gain_below_threshold,True,False,CaChe,agyw_focus_groups,retrospective_heldout_transfer_working
gemma3:4b,PKT_276cac6a377b6177,contextual_flattening,generalist,True,0,1,0.0,1.0,expected_gain_below_threshold,True,False,CaChe,agyw_focus_groups,retrospective_heldout_transfer_working
gemma3:4b,PKT_27a03dd2fd505011,contextual_flattening,generalist,True,0,1,0.0,1.0,expected_gain_below_threshold,True,False,CaChe,agyw_focus_groups,retrospective_heldout_transfer_working
gemma3:4b,PKT_27e3a512d11b8f05,contextual_flattening,generalist,True,0,1,0.0,1.0,expected_gain_below_threshold,True,False,CaChe,agyw_focus_groups,retrospective_heldout_transfer_working
gemma3:4b,PKT_28bf2ac883adf801,contextual_flattening,generalist,True,0,1,0.0,1.0,expected_gain_below_threshold,True,False,CaChe,agyw_focus_groups,retrospective_heldout_transfer_working
gemma3:4b,PKT_29766e3724217d23,contextual_flattening,generalist,True,0,1,0.0,1.0,expected_gain_below_threshold,True,False,CaChe,agyw_focus_groups,retrospective_heldout_transfer_working
llama3.1:8b,PKT_0029910e85300902,unsupported_evidence,generalist,False,0,1,0.0,1.0,expected_gain_below_threshold,True,False,CaChe,agyw_focus_groups,retrospective_heldout_transfer_working
llama3.1:8b,PKT_00733f6f6f1fa98d,unsupported_abstraction,generalist,True,0,1,0.0,1.0,expected_gain_below_threshold,True,False,CaChe,agyw_focus_groups,retrospective_heldout_transfer_working
llama3.1:8b,PKT_00756199675fc7da,contextual_flattening,both,True,2,3,2.25,3.25,both_specialists_acquired,True,False,CaChe,agyw_focus_groups,retrospective_heldout_transfer_working
llama3.1:8b,PKT_00adf8d1f54e2304,unsupported_evidence,both,True,2,3,2.25,3.25,both_specialists_acquired,True,False,CaChe,agyw_focus_groups,retrospective_heldout_transfer_working
llama3.1:8b,PKT_00b41135ea4351ec,unsupported_evidence,both,True,2,3,2.25,3.25,both_specialists_acquired,True,False,CaChe,agyw_focus_groups,retrospective_heldout_transfer_working
llama3.1:8b,PKT_00c9dd0f0dd5bc20,unsupported_abstraction,both,True,2,3,2.25,3.25,both_specialists_acquired,True,False,CaChe,agyw_focus_groups,retrospective_heldout_transfer_working
llama3.1:8b,PKT_00fbb456688ab146,contextual_flattening,both,True,2,3,2.25,3.25,both_specialists_acquired,True,False,CaChe,agyw_focus_groups,retrospective_heldout_transfer_working
llama3.1:8b,PKT_010a8305987695ea,contextual_flattening,both,True,2,3,2.25,3.25,both_specialists_acquired,True,False,CaChe,agyw_focus_groups,retrospective_heldout_transfer_working
llama3.1:8b,PKT_010b05daff7d9653,counterevidence_loss,both,True,2,3,2.25,3.25,both_specialists_acquired,True,False,CaChe,agyw_focus_groups,retrospective_heldout_transfer_working
llama3.1:8b,PKT_018b3ddb1b222efb,counterevidence_loss,both,True,2,3,2.25,3.25,both_specialists_acquired,True,False,CaChe,agyw_focus_groups,retrospective_heldout_transfer_working
llama3.1:8b,PKT_01956a94111819ea,contextual_flattening,generalist,True,0,1,0.0,1.0,expected_gain_below_threshold,True,False,CaChe,agyw_focus_groups,retrospective_heldout_transfer_working
llama3.1:8b,PKT_028c19ee3f467b4d,counterevidence_loss,generalist,True,0,1,0.0,1.0,expected_gain_below_threshold,True,False,CaChe,agyw_focus_groups,retrospective_heldout_transfer_working
llama3.1:8b,PKT_02e8a1a1c10778df,unsupported_abstraction,both,False,2,3,2.25,3.25,both_specialists_acquired,True,False,CaChe,agyw_focus_groups,retrospective_heldout_transfer_working
llama3.1:8b,PKT_02f5c04846d244e2,contextual_flattening,generalist,True,0,1,0.0,1.0,expected_gain_below_threshold,True,False,CaChe,agyw_focus_groups,retrospective_heldout_transfer_working
llama3.1:8b,PKT_03205c003f6a3e6d,counterevidence_loss,generalist,True,0,1,0.0,1.0,expected_gain_below_threshold,True,False,CaChe,agyw_focus_groups,retrospective_heldout_transfer_working
llama3.1:8b,PKT_03daf10b8372b2fb,contextual_flattening,generalist,True,0,1,0.0,1.0,expected_gain_below_threshold,True,False,CaChe,agyw_focus_groups,retrospective_heldout_transfer_working
llama3.1:8b,PKT_04e7fbe8e666a5e2,unsupported_evidence,both,False,2,3,2.25,3.25,both_specialists_acquired,True,False,CaChe,agyw_focus_groups,retrospective_heldout_transfer_working
llama3.1:8b,PKT_05debd57c86aac37,source_concentration,generalist,False,0,1,0.0,1.0,expected_gain_below_threshold,True,False,CaChe,agyw_focus_groups,retrospective_heldout_transfer_working
llama3.1:8b,PKT_061fa4f03133a98e,counterevidence_loss,both,True,2,3,2.25,3.25,both_specialists_acquired,True,False,CaChe,agyw_focus_groups,retrospective_heldout_transfer_working
llama3.1:8b,PKT_067460d74cc02280,contextual_flattening,generalist,True,0,1,0.0,1.0,expected_gain_below_threshold,True,False,CaChe,agyw_focus_groups,retrospective_heldout_transfer_working
llama3.1:8b,PKT_08384a36deb3215c,unsupported_abstraction,both,False,2,3,2.25,3.25,both_specialists_acquired,True,False,CaChe,agyw_focus_groups,retrospective_heldout_transfer_working
llama3.1:8b,PKT_084c65897b9d63ad,counterevidence_loss,both,False,2,3,2.25,3.25,both_specialists_acquired,True,False,CaChe,agyw_focus_groups,retrospective_heldout_transfer_working
llama3.1:8b,PKT_08c147930c8f6053,unsupported_abstraction,generalist,True,0,1,0.0,1.0,expected_gain_below_threshold,True,False,CaChe,agyw_focus_groups,retrospective_heldout_transfer_working
llama3.1:8b,PKT_090f9ea2a1a8d859,unsupported_evidence,both,False,2,3,2.25,3.25,both_specialists_acquired,True,False,CaChe,agyw_focus_groups,retrospective_heldout_transfer_working
llama3.1:8b,PKT_092e776c891c066a,counterevidence_loss,both,False,2,3,2.25,3.25,both_specialists_acquired,True,False,CaChe,agyw_focus_groups,retrospective_heldout_transfer_working
llama3.1:8b,PKT_0976b2961c2addde,source_concentration,generalist,False,0,1,0.0,1.0,expected_gain_below_threshold,True,False,CaChe,agyw_focus_groups,retrospective_heldout_transfer_working
llama3.1:8b,PKT_0a231ab03ef0a9d5,contextual_flattening,both,True,2,3,2.25,3.25,both_specialists_acquired,True,False,CaChe,agyw_focus_groups,retrospective_heldout_transfer_working
llama3.1:8b,PKT_0b0a3c4988220f22,source_concentration,generalist,False,0,1,0.0,1.0,expected_gain_below_threshold,True,False,CaChe,agyw_focus_groups,retrospective_heldout_transfer_working
llama3.1:8b,PKT_0b1a7325048825bd,unsupported_abstraction,generalist,True,0,1,0.0,1.0,expected_gain_below_threshold,True,False,CaChe,agyw_focus_groups,retrospective_heldout_transfer_working
llama3.1:8b,PKT_0be0ba97adee561b,source_concentration,generalist,False,0,1,0.0,1.0,expected_gain_below_threshold,True,False,CaChe,agyw_focus_groups,retrospective_heldout_transfer_working
llama3.1:8b,PKT_0ce948666c93561a,unsupported_evidence,both,False,2,3,2.25,3.25,both_specialists_acquired,True,False,CaChe,agyw_focus_groups,retrospective_heldout_transfer_working
llama3.1:8b,PKT_0d1d7899ca50e64f,counterevidence_loss,both,False,2,3,2.25,3.25,both_specialists_acquired,True,False,CaChe,agyw_focus_groups,retrospective_heldout_transfer_working
llama3.1:8b,PKT_0d303a929bf61b45,unsupported_evidence,both,False,2,3,2.25,3.25,both_specialists_acquired,True,False,CaChe,agyw_focus_groups,retrospective_heldout_transfer_working
llama3.1:8b,PKT_0dd7ab488b892612,source_concentration,generalist,False,0,1,0.0,1.0,expected_gain_below_threshold,True,False,CaChe,agyw_focus_groups,retrospective_heldout_transfer_working
llama3.1:8b,PKT_0ec7af6285d649be,counterevidence_loss,generalist,True,0,1,0.0,1.0,expected_gain_below_threshold,True,False,CaChe,agyw_focus_groups,retrospective_heldout_transfer_working
llama3.1:8b,PKT_0edd0daa573ed062,counterevidence_loss,both,False,2,3,2.25,3.25,both_specialists_acquired,True,False,CaChe,agyw_focus_groups,retrospective_heldout_transfer_working
llama3.1:8b,PKT_0f1008197d3bccae,unsupported_evidence,generalist,False,0,1,0.0,1.0,expected_gain_below_threshold,True,False,CaChe,agyw_focus_groups,retrospective_heldout_transfer_working
llama3.1:8b,PKT_0f13ee3523a1d0aa,unsupported_evidence,both,True,2,3,2.25,3.25,both_specialists_acquired,True,False,CaChe,agyw_focus_groups,retrospective_heldout_transfer_working
llama3.1:8b,PKT_0fc1ee8f98646197,unsupported_abstraction,generalist,True,0,1,0.0,1.0,expected_gain_below_threshold,True,False,CaChe,agyw_focus_groups,retrospective_heldout_transfer_working
llama3.1:8b,PKT_10365377ed1e836a,unsupported_abstraction,generalist,True,0,1,0.0,1.0,expected_gain_below_threshold,True,False,CaChe,agyw_focus_groups,retrospective_heldout_transfer_working
llama3.1:8b,PKT_103ef6c784dc1c36,unsupported_evidence,both,True,2,3,2.25,3.25,both_specialists_acquired,True,False,CaChe,agyw_focus_groups,retrospective_heldout_transfer_working
llama3.1:8b,PKT_1067e5102a7dbbce,source_concentration,generalist,False,0,1,0.0,1.0,expected_gain_below_threshold,True,False,CaChe,agyw_focus_groups,retrospective_heldout_transfer_working
llama3.1:8b,PKT_10c65d86074fdf3c,source_concentration,generalist,False,0,1,0.0,1.0,expected_gain_below_threshold,True,False,CaChe,agyw_focus_groups,retrospective_heldout_transfer_working
llama3.1:8b,PKT_1145187e1cf178cc,unsupported_evidence,both,False,2,3,2.25,3.25,both_specialists_acquired,True,False,CaChe,agyw_focus_groups,retrospective_heldout_transfer_working
llama3.1:8b,PKT_115112fe40c31b5e,unsupported_evidence,both,False,2,3,2.25,3.25,both_specialists_acquired,True,False,CaChe,agyw_focus_groups,retrospective_heldout_transfer_working
llama3.1:8b,PKT_11a6325d61012706,unsupported_evidence,both,False,2,3,2.25,3.25,both_specialists_acquired,True,False,CaChe,agyw_focus_groups,retrospective_heldout_transfer_working
llama3.1:8b,PKT_11e9c6ebe18ef550,source_concentration,generalist,False,0,1,0.0,1.0,expected_gain_below_threshold,True,False,CaChe,agyw_focus_groups,retrospective_heldout_transfer_working
llama3.1:8b,PKT_1262aa46b61cfd23,unsupported_evidence,both,True,2,3,2.25,3.25,both_specialists_acquired,True,False,CaChe,agyw_focus_groups,retrospective_heldout_transfer_working
llama3.1:8b,PKT_12657a4953aecce5,unsupported_evidence,generalist,True,0,1,0.0,1.0,expected_gain_below_threshold,True,False,CaChe,agyw_focus_groups,retrospective_heldout_transfer_working
llama3.1:8b,PKT_12c63393d9cd0905,source_concentration,generalist,False,0,1,0.0,1.0,expected_gain_below_threshold,True,False,CaChe,agyw_focus_groups,retrospective_heldout_transfer_working
llama3.1:8b,PKT_13005c69e827fb04,unsupported_evidence,both,False,2,3,2.25,3.25,both_specialists_acquired,True,False,CaChe,agyw_focus_groups,retrospective_heldout_transfer_working
llama3.1:8b,PKT_130cb3597e4561ab,contextual_flattening,both,False,2,3,2.25,3.25,both_specialists_acquired,True,False,CaChe,agyw_focus_groups,retrospective_heldout_transfer_working
llama3.1:8b,PKT_130e6a5510e058d1,counterevidence_loss,both,False,2,3,2.25,3.25,both_specialists_acquired,True,False,CaChe,agyw_focus_groups,retrospective_heldout_transfer_working
llama3.1:8b,PKT_13199c3477d1ea7c,unsupported_abstraction,both,False,2,3,2.25,3.25,both_specialists_acquired,True,False,CaChe,agyw_focus_groups,retrospective_heldout_transfer_working
llama3.1:8b,PKT_134c847e6e1cac5e,unsupported_abstraction,generalist,True,0,1,0.0,1.0,expected_gain_below_threshold,True,False,CaChe,agyw_focus_groups,retrospective_heldout_transfer_working
llama3.1:8b,PKT_13ec187a3255b2bf,unsupported_evidence,both,False,2,3,2.25,3.25,both_specialists_acquired,True,False,CaChe,agyw_focus_groups,retrospective_heldout_transfer_working
llama3.1:8b,PKT_145b2e74af88b654,unsupported_abstraction,generalist,True,0,1,0.0,1.0,expected_gain_below_threshold,True,False,CaChe,agyw_focus_groups,retrospective_heldout_transfer_working
llama3.1:8b,PKT_149adf775fa82d76,counterevidence_loss,generalist,True,0,1,0.0,1.0,expected_gain_below_threshold,True,False,CaChe,agyw_focus_groups,retrospective_heldout_transfer_working
llama3.1:8b,PKT_14c449c4dc5ac2f5,counterevidence_loss,both,True,2,3,2.25,3.25,both_specialists_acquired,True,False,CaChe,agyw_focus_groups,retrospective_heldout_transfer_working
llama3.1:8b,PKT_1514ce529500142c,unsupported_abstraction,both,True,2,3,2.25,3.25,both_specialists_acquired,True,False,CaChe,agyw_focus_groups,retrospective_heldout_transfer_working
llama3.1:8b,PKT_1563b02b1d124ffb,unsupported_evidence,both,False,2,3,2.25,3.25,both_specialists_acquired,True,False,CaChe,agyw_focus_groups,retrospective_heldout_transfer_working
llama3.1:8b,PKT_15cfaccf15b5c2b1,unsupported_evidence,generalist,False,0,1,0.0,1.0,expected_gain_below_threshold,True,False,CaChe,agyw_focus_groups,retrospective_heldout_transfer_working
llama3.1:8b,PKT_16ba7ce2fab8ec92,unsupported_evidence,both,True,2,3,2.25,3.25,both_specialists_acquired,True,False,CaChe,agyw_focus_groups,retrospective_heldout_transfer_working
llama3.1:8b,PKT_16c1ab0d5eaea1e2,counterevidence_loss,both,True,2,3,2.25,3.25,both_specialists_acquired,True,False,CaChe,agyw_focus_groups,retrospective_heldout_transfer_working
llama3.1:8b,PKT_16cee7d469d2e71f,unsupported_abstraction,both,False,2,3,2.25,3.25,both_specialists_acquired,True,False,CaChe,agyw_focus_groups,retrospective_heldout_transfer_working
llama3.1:8b,PKT_16e9d9db408f834a,contextual_flattening,both,False,2,3,2.25,3.25,both_specialists_acquired,True,False,CaChe,agyw_focus_groups,retrospective_heldout_transfer_working
llama3.1:8b,PKT_17ce9f8da6c74c09,source_concentration,generalist,True,0,1,0.0,1.0,expected_gain_below_threshold,True,False,CaChe,agyw_focus_groups,retrospective_heldout_transfer_working
llama3.1:8b,PKT_1852944d4019459c,source_concentration,generalist,False,0,1,0.0,1.0,expected_gain_below_threshold,True,False,CaChe,agyw_focus_groups,retrospective_heldout_transfer_working
llama3.1:8b,PKT_1891ff4b787e7da1,source_concentration,generalist,False,0,1,0.0,1.0,expected_gain_below_threshold,True,False,CaChe,agyw_focus_groups,retrospective_heldout_transfer_working
llama3.1:8b,PKT_18b078dca98ed86c,source_concentration,generalist,False,0,1,0.0,1.0,expected_gain_below_threshold,True,False,CaChe,agyw_focus_groups,retrospective_heldout_transfer_working
llama3.1:8b,PKT_18b0ba6f132840b3,source_concentration,generalist,False,0,1,0.0,1.0,expected_gain_below_threshold,True,False,CaChe,agyw_focus_groups,retrospective_heldout_transfer_working
llama3.1:8b,PKT_18f4c5ac10ab0472,counterevidence_loss,generalist,True,0,1,0.0,1.0,expected_gain_below_threshold,True,False,CaChe,agyw_focus_groups,retrospective_heldout_transfer_working
llama3.1:8b,PKT_193645f3c5f05d5c,unsupported_abstraction,generalist,True,0,1,0.0,1.0,expected_gain_below_threshold,True,False,CaChe,agyw_focus_groups,retrospective_heldout_transfer_working
llama3.1:8b,PKT_196f46e9bc030836,counterevidence_loss,both,True,2,3,2.25,3.25,both_specialists_acquired,True,False,CaChe,agyw_focus_groups,retrospective_heldout_transfer_working
llama3.1:8b,PKT_19f65c3271c7f512,source_concentration,generalist,False,0,1,0.0,1.0,expected_gain_below_threshold,True,False,CaChe,agyw_focus_groups,retrospective_heldout_transfer_working
llama3.1:8b,PKT_1a0abc344cd89e0b,source_concentration,generalist,False,0,1,0.0,1.0,expected_gain_below_threshold,True,False,CaChe,agyw_focus_groups,retrospective_heldout_transfer_working
llama3.1:8b,PKT_1a82ae2b30e1ed19,contextual_flattening,both,True,2,3,2.25,3.25,both_specialists_acquired,True,False,CaChe,agyw_focus_groups,retrospective_heldout_transfer_working
llama3.1:8b,PKT_1b9f2b38432e9491,counterevidence_loss,generalist,True,0,1,0.0,1.0,expected_gain_below_threshold,True,False,CaChe,agyw_focus_groups,retrospective_heldout_transfer_working
llama3.1:8b,PKT_1bb81664f52cd09c,source_concentration,generalist,False,0,1,0.0,1.0,expected_gain_below_threshold,True,False,CaChe,agyw_focus_groups,retrospective_heldout_transfer_working
llama3.1:8b,PKT_1c0d293a1da64b43,unsupported_abstraction,both,False,2,3,2.25,3.25,both_specialists_acquired,True,False,CaChe,agyw_focus_groups,retrospective_heldout_transfer_working
llama3.1:8b,PKT_1ca0cf12e3fa556d,contextual_flattening,both,True,2,3,2.25,3.25,both_specialists_acquired,True,False,CaChe,agyw_focus_groups,retrospective_heldout_transfer_working
llama3.1:8b,PKT_1d6837be750e2f3b,contextual_flattening,generalist,True,0,1,0.0,1.0,expected_gain_below_threshold,True,False,CaChe,agyw_focus_groups,retrospective_heldout_transfer_working
llama3.1:8b,PKT_1e38d18fe64682e4,counterevidence_loss,both,True,2,3,2.25,3.25,both_specialists_acquired,True,False,CaChe,agyw_focus_groups,retrospective_heldout_transfer_working
llama3.1:8b,PKT_1e64f350fb6a73e8,counterevidence_loss,generalist,True,0,1,0.0,1.0,expected_gain_below_threshold,True,False,CaChe,agyw_focus_groups,retrospective_heldout_transfer_working
llama3.1:8b,PKT_1e6dc2b685a45edc,unsupported_abstraction,both,False,2,3,2.25,3.25,both_specialists_acquired,True,False,CaChe,agyw_focus_groups,retrospective_heldout_transfer_working
llama3.1:8b,PKT_1f1e6ff8d3c37c2e,source_concentration,generalist,False,0,1,0.0,1.0,expected_gain_below_threshold,True,False,CaChe,agyw_focus_groups,retrospective_heldout_transfer_working
llama3.1:8b,PKT_1f3fd10f89646c10,unsupported_abstraction,generalist,True,0,1,0.0,1.0,expected_gain_below_threshold,True,False,CaChe,agyw_focus_groups,retrospective_heldout_transfer_working
llama3.1:8b,PKT_207e5921f99aff50,source_concentration,generalist,False,0,1,0.0,1.0,expected_gain_below_threshold,True,False,CaChe,agyw_focus_groups,retrospective_heldout_transfer_working
llama3.1:8b,PKT_215c50e90fd2cfc5,counterevidence_loss,both,True,2,3,2.25,3.25,both_specialists_acquired,True,False,CaChe,agyw_focus_groups,retrospective_heldout_transfer_working
llama3.1:8b,PKT_2218d9fe5edbba1e,unsupported_abstraction,both,False,2,3,2.25,3.25,both_specialists_acquired,True,False,CaChe,agyw_focus_groups,retrospective_heldout_transfer_working
llama3.1:8b,PKT_22a36df1fbd41541,unsupported_abstraction,generalist,True,0,1,0.0,1.0,expected_gain_below_threshold,True,False,CaChe,agyw_focus_groups,retrospective_heldout_transfer_working
llama3.1:8b,PKT_2334e754565cd4e9,contextual_flattening,generalist,True,0,1,0.0,1.0,expected_gain_below_threshold,True,False,CaChe,agyw_focus_groups,retrospective_heldout_transfer_working
llama3.1:8b,PKT_239a970705f04dab,source_concentration,generalist,False,0,1,0.0,1.0,expected_gain_below_threshold,True,False,CaChe,agyw_focus_groups,retrospective_heldout_transfer_working
llama3.1:8b,PKT_24e90b2f65e306a5,contextual_flattening,both,True,2,3,2.25,3.25,both_specialists_acquired,True,False,CaChe,agyw_focus_groups,retrospective_heldout_transfer_working
llama3.1:8b,PKT_24f145419139cb16,unsupported_abstraction,generalist,True,0,1,0.0,1.0,expected_gain_below_threshold,True,False,CaChe,agyw_focus_groups,retrospective_heldout_transfer_working
llama3.1:8b,PKT_276cac6a377b6177,contextual_flattening,generalist,True,0,1,0.0,1.0,expected_gain_below_threshold,True,False,CaChe,agyw_focus_groups,retrospective_heldout_transfer_working
llama3.1:8b,PKT_27a03dd2fd505011,contextual_flattening,both,True,2,3,2.25,3.25,both_specialists_acquired,True,False,CaChe,agyw_focus_groups,retrospective_heldout_transfer_working
llama3.1:8b,PKT_27e3a512d11b8f05,contextual_flattening,both,True,2,3,2.25,3.25,both_specialists_acquired,True,False,CaChe,agyw_focus_groups,retrospective_heldout_transfer_working
llama3.1:8b,PKT_28bf2ac883adf801,contextual_flattening,both,True,2,3,2.25,3.25,both_specialists_acquired,True,False,CaChe,agyw_focus_groups,retrospective_heldout_transfer_working
llama3.1:8b,PKT_29766e3724217d23,contextual_flattening,both,False,2,3,2.25,3.25,both_specialists_acquired,True,False,CaChe,agyw_focus_groups,retrospective_heldout_transfer_working
qwen3:8b,PKT_0029910e85300902,unsupported_evidence,generalist,False,0,1,0.0,1.0,expected_gain_below_threshold,True,False,CaChe,agyw_focus_groups,retrospective_heldout_transfer_working
qwen3:8b,PKT_00733f6f6f1fa98d,unsupported_abstraction,generalist,True,0,1,0.0,1.0,expected_gain_below_threshold,True,False,CaChe,agyw_focus_groups,retrospective_heldout_transfer_working
qwen3:8b,PKT_00756199675fc7da,contextual_flattening,generalist,True,0,1,0.0,1.0,expected_gain_below_threshold,True,False,CaChe,agyw_focus_groups,retrospective_heldout_transfer_working
qwen3:8b,PKT_00adf8d1f54e2304,unsupported_evidence,generalist,False,0,1,0.0,1.0,expected_gain_below_threshold,True,False,CaChe,agyw_focus_groups,retrospective_heldout_transfer_working
qwen3:8b,PKT_00b41135ea4351ec,unsupported_evidence,generalist,False,0,1,0.0,1.0,expected_gain_below_threshold,True,False,CaChe,agyw_focus_groups,retrospective_heldout_transfer_working
qwen3:8b,PKT_00c9dd0f0dd5bc20,unsupported_abstraction,generalist,True,0,1,0.0,1.0,expected_gain_below_threshold,True,False,CaChe,agyw_focus_groups,retrospective_heldout_transfer_working
qwen3:8b,PKT_00fbb456688ab146,contextual_flattening,generalist,True,0,1,0.0,1.0,expected_gain_below_threshold,True,False,CaChe,agyw_focus_groups,retrospective_heldout_transfer_working
qwen3:8b,PKT_010a8305987695ea,contextual_flattening,generalist,True,0,1,0.0,1.0,expected_gain_below_threshold,True,False,CaChe,agyw_focus_groups,retrospective_heldout_transfer_working
qwen3:8b,PKT_010b05daff7d9653,counterevidence_loss,generalist,True,0,1,0.0,1.0,expected_gain_below_threshold,True,False,CaChe,agyw_focus_groups,retrospective_heldout_transfer_working
qwen3:8b,PKT_018b3ddb1b222efb,counterevidence_loss,generalist,True,0,1,0.0,1.0,expected_gain_below_threshold,True,False,CaChe,agyw_focus_groups,retrospective_heldout_transfer_working
qwen3:8b,PKT_01956a94111819ea,contextual_flattening,generalist,True,0,1,0.0,1.0,expected_gain_below_threshold,True,False,CaChe,agyw_focus_groups,retrospective_heldout_transfer_working
qwen3:8b,PKT_028c19ee3f467b4d,counterevidence_loss,generalist,True,0,1,0.0,1.0,expected_gain_below_threshold,True,False,CaChe,agyw_focus_groups,retrospective_heldout_transfer_working
qwen3:8b,PKT_02e8a1a1c10778df,unsupported_abstraction,generalist,True,0,1,0.0,1.0,expected_gain_below_threshold,True,False,CaChe,agyw_focus_groups,retrospective_heldout_transfer_working
qwen3:8b,PKT_02f5c04846d244e2,contextual_flattening,generalist,True,0,1,0.0,1.0,expected_gain_below_threshold,True,False,CaChe,agyw_focus_groups,retrospective_heldout_transfer_working
qwen3:8b,PKT_03205c003f6a3e6d,counterevidence_loss,generalist,True,0,1,0.0,1.0,expected_gain_below_threshold,True,False,CaChe,agyw_focus_groups,retrospective_heldout_transfer_working
qwen3:8b,PKT_03daf10b8372b2fb,contextual_flattening,generalist,True,0,1,0.0,1.0,expected_gain_below_threshold,True,False,CaChe,agyw_focus_groups,retrospective_heldout_transfer_working
qwen3:8b,PKT_04e7fbe8e666a5e2,unsupported_evidence,generalist,False,0,1,0.0,1.0,expected_gain_below_threshold,True,False,CaChe,agyw_focus_groups,retrospective_heldout_transfer_working
qwen3:8b,PKT_05debd57c86aac37,source_concentration,generalist,True,0,1,0.0,1.0,expected_gain_below_threshold,True,False,CaChe,agyw_focus_groups,retrospective_heldout_transfer_working
qwen3:8b,PKT_061fa4f03133a98e,counterevidence_loss,generalist,True,0,1,0.0,1.0,expected_gain_below_threshold,True,False,CaChe,agyw_focus_groups,retrospective_heldout_transfer_working
qwen3:8b,PKT_067460d74cc02280,contextual_flattening,generalist,True,0,1,0.0,1.0,expected_gain_below_threshold,True,False,CaChe,agyw_focus_groups,retrospective_heldout_transfer_working
qwen3:8b,PKT_08384a36deb3215c,unsupported_abstraction,generalist,True,0,1,0.0,1.0,expected_gain_below_threshold,True,False,CaChe,agyw_focus_groups,retrospective_heldout_transfer_working
qwen3:8b,PKT_084c65897b9d63ad,counterevidence_loss,generalist,True,0,1,0.0,1.0,expected_gain_below_threshold,True,False,CaChe,agyw_focus_groups,retrospective_heldout_transfer_working
qwen3:8b,PKT_08c147930c8f6053,unsupported_abstraction,generalist,True,0,1,0.0,1.0,expected_gain_below_threshold,True,False,CaChe,agyw_focus_groups,retrospective_heldout_transfer_working
qwen3:8b,PKT_090f9ea2a1a8d859,unsupported_evidence,generalist,False,0,1,0.0,1.0,expected_gain_below_threshold,True,False,CaChe,agyw_focus_groups,retrospective_heldout_transfer_working
qwen3:8b,PKT_092e776c891c066a,counterevidence_loss,generalist,True,0,1,0.0,1.0,expected_gain_below_threshold,True,False,CaChe,agyw_focus_groups,retrospective_heldout_transfer_working
qwen3:8b,PKT_0976b2961c2addde,source_concentration,generalist,True,0,1,0.0,1.0,expected_gain_below_threshold,True,False,CaChe,agyw_focus_groups,retrospective_heldout_transfer_working
qwen3:8b,PKT_0a231ab03ef0a9d5,contextual_flattening,generalist,True,0,1,0.0,1.0,expected_gain_below_threshold,True,False,CaChe,agyw_focus_groups,retrospective_heldout_transfer_working
qwen3:8b,PKT_0b0a3c4988220f22,source_concentration,generalist,True,0,1,0.0,1.0,expected_gain_below_threshold,True,False,CaChe,agyw_focus_groups,retrospective_heldout_transfer_working
qwen3:8b,PKT_0b1a7325048825bd,unsupported_abstraction,generalist,True,0,1,0.0,1.0,expected_gain_below_threshold,True,False,CaChe,agyw_focus_groups,retrospective_heldout_transfer_working
qwen3:8b,PKT_0be0ba97adee561b,source_concentration,generalist,True,0,1,0.0,1.0,expected_gain_below_threshold,True,False,CaChe,agyw_focus_groups,retrospective_heldout_transfer_working
qwen3:8b,PKT_0ce948666c93561a,unsupported_evidence,generalist,False,0,1,0.0,1.0,expected_gain_below_threshold,True,False,CaChe,agyw_focus_groups,retrospective_heldout_transfer_working
qwen3:8b,PKT_0d1d7899ca50e64f,counterevidence_loss,generalist,True,0,1,0.0,1.0,expected_gain_below_threshold,True,False,CaChe,agyw_focus_groups,retrospective_heldout_transfer_working
qwen3:8b,PKT_0d303a929bf61b45,unsupported_evidence,generalist,False,0,1,0.0,1.0,expected_gain_below_threshold,True,False,CaChe,agyw_focus_groups,retrospective_heldout_transfer_working
qwen3:8b,PKT_0dd7ab488b892612,source_concentration,generalist,True,0,1,0.0,1.0,expected_gain_below_threshold,True,False,CaChe,agyw_focus_groups,retrospective_heldout_transfer_working
qwen3:8b,PKT_0ec7af6285d649be,counterevidence_loss,generalist,True,0,1,0.0,1.0,expected_gain_below_threshold,True,False,CaChe,agyw_focus_groups,retrospective_heldout_transfer_working
qwen3:8b,PKT_0edd0daa573ed062,counterevidence_loss,generalist,True,0,1,0.0,1.0,expected_gain_below_threshold,True,False,CaChe,agyw_focus_groups,retrospective_heldout_transfer_working
qwen3:8b,PKT_0f1008197d3bccae,unsupported_evidence,generalist,False,0,1,0.0,1.0,expected_gain_below_threshold,True,False,CaChe,agyw_focus_groups,retrospective_heldout_transfer_working
qwen3:8b,PKT_0f13ee3523a1d0aa,unsupported_evidence,generalist,False,0,1,0.0,1.0,expected_gain_below_threshold,True,False,CaChe,agyw_focus_groups,retrospective_heldout_transfer_working
qwen3:8b,PKT_0fc1ee8f98646197,unsupported_abstraction,generalist,True,0,1,0.0,1.0,expected_gain_below_threshold,True,False,CaChe,agyw_focus_groups,retrospective_heldout_transfer_working
qwen3:8b,PKT_10365377ed1e836a,unsupported_abstraction,generalist,True,0,1,0.0,1.0,expected_gain_below_threshold,True,False,CaChe,agyw_focus_groups,retrospective_heldout_transfer_working
qwen3:8b,PKT_103ef6c784dc1c36,unsupported_evidence,generalist,False,0,1,0.0,1.0,expected_gain_below_threshold,True,False,CaChe,agyw_focus_groups,retrospective_heldout_transfer_working
qwen3:8b,PKT_1067e5102a7dbbce,source_concentration,generalist,True,0,1,0.0,1.0,expected_gain_below_threshold,True,False,CaChe,agyw_focus_groups,retrospective_heldout_transfer_working
qwen3:8b,PKT_10c65d86074fdf3c,source_concentration,generalist,True,0,1,0.0,1.0,expected_gain_below_threshold,True,False,CaChe,agyw_focus_groups,retrospective_heldout_transfer_working
qwen3:8b,PKT_1145187e1cf178cc,unsupported_evidence,generalist,False,0,1,0.0,1.0,expected_gain_below_threshold,True,False,CaChe,agyw_focus_groups,retrospective_heldout_transfer_working
qwen3:8b,PKT_115112fe40c31b5e,unsupported_evidence,generalist,False,0,1,0.0,1.0,expected_gain_below_threshold,True,False,CaChe,agyw_focus_groups,retrospective_heldout_transfer_working
qwen3:8b,PKT_11a6325d61012706,unsupported_evidence,generalist,False,0,1,0.0,1.0,expected_gain_below_threshold,True,False,CaChe,agyw_focus_groups,retrospective_heldout_transfer_working
qwen3:8b,PKT_11e9c6ebe18ef550,source_concentration,generalist,True,0,1,0.0,1.0,expected_gain_below_threshold,True,False,CaChe,agyw_focus_groups,retrospective_heldout_transfer_working
qwen3:8b,PKT_1262aa46b61cfd23,unsupported_evidence,generalist,False,0,1,0.0,1.0,expected_gain_below_threshold,True,False,CaChe,agyw_focus_groups,retrospective_heldout_transfer_working
qwen3:8b,PKT_12657a4953aecce5,unsupported_evidence,generalist,False,0,1,0.0,1.0,expected_gain_below_threshold,True,False,CaChe,agyw_focus_groups,retrospective_heldout_transfer_working
qwen3:8b,PKT_12c63393d9cd0905,source_concentration,generalist,True,0,1,0.0,1.0,expected_gain_below_threshold,True,False,CaChe,agyw_focus_groups,retrospective_heldout_transfer_working
qwen3:8b,PKT_13005c69e827fb04,unsupported_evidence,generalist,False,0,1,0.0,1.0,expected_gain_below_threshold,True,False,CaChe,agyw_focus_groups,retrospective_heldout_transfer_working
qwen3:8b,PKT_130cb3597e4561ab,contextual_flattening,generalist,True,0,1,0.0,1.0,expected_gain_below_threshold,True,False,CaChe,agyw_focus_groups,retrospective_heldout_transfer_working
qwen3:8b,PKT_130e6a5510e058d1,counterevidence_loss,generalist,True,0,1,0.0,1.0,expected_gain_below_threshold,True,False,CaChe,agyw_focus_groups,retrospective_heldout_transfer_working
qwen3:8b,PKT_13199c3477d1ea7c,unsupported_abstraction,generalist,True,0,1,0.0,1.0,expected_gain_below_threshold,True,False,CaChe,agyw_focus_groups,retrospective_heldout_transfer_working
qwen3:8b,PKT_134c847e6e1cac5e,unsupported_abstraction,generalist,True,0,1,0.0,1.0,expected_gain_below_threshold,True,False,CaChe,agyw_focus_groups,retrospective_heldout_transfer_working
qwen3:8b,PKT_13ec187a3255b2bf,unsupported_evidence,generalist,False,0,1,0.0,1.0,expected_gain_below_threshold,True,False,CaChe,agyw_focus_groups,retrospective_heldout_transfer_working
qwen3:8b,PKT_145b2e74af88b654,unsupported_abstraction,generalist,True,0,1,0.0,1.0,expected_gain_below_threshold,True,False,CaChe,agyw_focus_groups,retrospective_heldout_transfer_working
qwen3:8b,PKT_149adf775fa82d76,counterevidence_loss,generalist,True,0,1,0.0,1.0,expected_gain_below_threshold,True,False,CaChe,agyw_focus_groups,retrospective_heldout_transfer_working
qwen3:8b,PKT_14c449c4dc5ac2f5,counterevidence_loss,generalist,True,0,1,0.0,1.0,expected_gain_below_threshold,True,False,CaChe,agyw_focus_groups,retrospective_heldout_transfer_working
qwen3:8b,PKT_1514ce529500142c,unsupported_abstraction,generalist,True,0,1,0.0,1.0,expected_gain_below_threshold,True,False,CaChe,agyw_focus_groups,retrospective_heldout_transfer_working
qwen3:8b,PKT_1563b02b1d124ffb,unsupported_evidence,generalist,False,0,1,0.0,1.0,expected_gain_below_threshold,True,False,CaChe,agyw_focus_groups,retrospective_heldout_transfer_working
qwen3:8b,PKT_15cfaccf15b5c2b1,unsupported_evidence,generalist,False,0,1,0.0,1.0,expected_gain_below_threshold,True,False,CaChe,agyw_focus_groups,retrospective_heldout_transfer_working
qwen3:8b,PKT_16ba7ce2fab8ec92,unsupported_evidence,generalist,False,0,1,0.0,1.0,expected_gain_below_threshold,True,False,CaChe,agyw_focus_groups,retrospective_heldout_transfer_working
qwen3:8b,PKT_16c1ab0d5eaea1e2,counterevidence_loss,generalist,True,0,1,0.0,1.0,expected_gain_below_threshold,True,False,CaChe,agyw_focus_groups,retrospective_heldout_transfer_working
qwen3:8b,PKT_16cee7d469d2e71f,unsupported_abstraction,generalist,True,0,1,0.0,1.0,expected_gain_below_threshold,True,False,CaChe,agyw_focus_groups,retrospective_heldout_transfer_working
qwen3:8b,PKT_16e9d9db408f834a,contextual_flattening,generalist,True,0,1,0.0,1.0,expected_gain_below_threshold,True,False,CaChe,agyw_focus_groups,retrospective_heldout_transfer_working
qwen3:8b,PKT_17ce9f8da6c74c09,source_concentration,generalist,True,0,1,0.0,1.0,expected_gain_below_threshold,True,False,CaChe,agyw_focus_groups,retrospective_heldout_transfer_working
qwen3:8b,PKT_1852944d4019459c,source_concentration,generalist,True,0,1,0.0,1.0,expected_gain_below_threshold,True,False,CaChe,agyw_focus_groups,retrospective_heldout_transfer_working
qwen3:8b,PKT_1891ff4b787e7da1,source_concentration,generalist,True,0,1,0.0,1.0,expected_gain_below_threshold,True,False,CaChe,agyw_focus_groups,retrospective_heldout_transfer_working
qwen3:8b,PKT_18b078dca98ed86c,source_concentration,generalist,True,0,1,0.0,1.0,expected_gain_below_threshold,True,False,CaChe,agyw_focus_groups,retrospective_heldout_transfer_working
qwen3:8b,PKT_18b0ba6f132840b3,source_concentration,generalist,True,0,1,0.0,1.0,expected_gain_below_threshold,True,False,CaChe,agyw_focus_groups,retrospective_heldout_transfer_working
qwen3:8b,PKT_18f4c5ac10ab0472,counterevidence_loss,generalist,True,0,1,0.0,1.0,expected_gain_below_threshold,True,False,CaChe,agyw_focus_groups,retrospective_heldout_transfer_working
qwen3:8b,PKT_193645f3c5f05d5c,unsupported_abstraction,generalist,True,0,1,0.0,1.0,expected_gain_below_threshold,True,False,CaChe,agyw_focus_groups,retrospective_heldout_transfer_working
qwen3:8b,PKT_196f46e9bc030836,counterevidence_loss,generalist,True,0,1,0.0,1.0,expected_gain_below_threshold,True,False,CaChe,agyw_focus_groups,retrospective_heldout_transfer_working
qwen3:8b,PKT_19f65c3271c7f512,source_concentration,generalist,False,0,1,0.0,1.0,expected_gain_below_threshold,True,False,CaChe,agyw_focus_groups,retrospective_heldout_transfer_working
qwen3:8b,PKT_1a0abc344cd89e0b,source_concentration,generalist,True,0,1,0.0,1.0,expected_gain_below_threshold,True,False,CaChe,agyw_focus_groups,retrospective_heldout_transfer_working
qwen3:8b,PKT_1a82ae2b30e1ed19,contextual_flattening,generalist,True,0,1,0.0,1.0,expected_gain_below_threshold,True,False,CaChe,agyw_focus_groups,retrospective_heldout_transfer_working
qwen3:8b,PKT_1b9f2b38432e9491,counterevidence_loss,generalist,True,0,1,0.0,1.0,expected_gain_below_threshold,True,False,CaChe,agyw_focus_groups,retrospective_heldout_transfer_working
qwen3:8b,PKT_1bb81664f52cd09c,source_concentration,generalist,True,0,1,0.0,1.0,expected_gain_below_threshold,True,False,CaChe,agyw_focus_groups,retrospective_heldout_transfer_working
qwen3:8b,PKT_1c0d293a1da64b43,unsupported_abstraction,generalist,True,0,1,0.0,1.0,expected_gain_below_threshold,True,False,CaChe,agyw_focus_groups,retrospective_heldout_transfer_working
qwen3:8b,PKT_1ca0cf12e3fa556d,contextual_flattening,generalist,True,0,1,0.0,1.0,expected_gain_below_threshold,True,False,CaChe,agyw_focus_groups,retrospective_heldout_transfer_working
qwen3:8b,PKT_1d6837be750e2f3b,contextual_flattening,generalist,True,0,1,0.0,1.0,expected_gain_below_threshold,True,False,CaChe,agyw_focus_groups,retrospective_heldout_transfer_working
qwen3:8b,PKT_1e38d18fe64682e4,counterevidence_loss,generalist,True,0,1,0.0,1.0,expected_gain_below_threshold,True,False,CaChe,agyw_focus_groups,retrospective_heldout_transfer_working
qwen3:8b,PKT_1e64f350fb6a73e8,counterevidence_loss,generalist,True,0,1,0.0,1.0,expected_gain_below_threshold,True,False,CaChe,agyw_focus_groups,retrospective_heldout_transfer_working
qwen3:8b,PKT_1e6dc2b685a45edc,unsupported_abstraction,generalist,True,0,1,0.0,1.0,expected_gain_below_threshold,True,False,CaChe,agyw_focus_groups,retrospective_heldout_transfer_working
qwen3:8b,PKT_1f1e6ff8d3c37c2e,source_concentration,generalist,True,0,1,0.0,1.0,expected_gain_below_threshold,True,False,CaChe,agyw_focus_groups,retrospective_heldout_transfer_working
qwen3:8b,PKT_1f3fd10f89646c10,unsupported_abstraction,generalist,True,0,1,0.0,1.0,expected_gain_below_threshold,True,False,CaChe,agyw_focus_groups,retrospective_heldout_transfer_working
qwen3:8b,PKT_207e5921f99aff50,source_concentration,generalist,True,0,1,0.0,1.0,expected_gain_below_threshold,True,False,CaChe,agyw_focus_groups,retrospective_heldout_transfer_working
qwen3:8b,PKT_215c50e90fd2cfc5,counterevidence_loss,generalist,True,0,1,0.0,1.0,expected_gain_below_threshold,True,False,CaChe,agyw_focus_groups,retrospective_heldout_transfer_working
qwen3:8b,PKT_2218d9fe5edbba1e,unsupported_abstraction,generalist,True,0,1,0.0,1.0,expected_gain_below_threshold,True,False,CaChe,agyw_focus_groups,retrospective_heldout_transfer_working
qwen3:8b,PKT_22a36df1fbd41541,unsupported_abstraction,generalist,True,0,1,0.0,1.0,expected_gain_below_threshold,True,False,CaChe,agyw_focus_groups,retrospective_heldout_transfer_working
qwen3:8b,PKT_2334e754565cd4e9,contextual_flattening,generalist,True,0,1,0.0,1.0,expected_gain_below_threshold,True,False,CaChe,agyw_focus_groups,retrospective_heldout_transfer_working
qwen3:8b,PKT_239a970705f04dab,source_concentration,generalist,True,0,1,0.0,1.0,expected_gain_below_threshold,True,False,CaChe,agyw_focus_groups,retrospective_heldout_transfer_working
qwen3:8b,PKT_24e90b2f65e306a5,contextual_flattening,generalist,True,0,1,0.0,1.0,expected_gain_below_threshold,True,False,CaChe,agyw_focus_groups,retrospective_heldout_transfer_working
qwen3:8b,PKT_24f145419139cb16,unsupported_abstraction,generalist,True,0,1,0.0,1.0,expected_gain_below_threshold,True,False,CaChe,agyw_focus_groups,retrospective_heldout_transfer_working
qwen3:8b,PKT_276cac6a377b6177,contextual_flattening,generalist,True,0,1,0.0,1.0,expected_gain_below_threshold,True,False,CaChe,agyw_focus_groups,retrospective_heldout_transfer_working
qwen3:8b,PKT_27a03dd2fd505011,contextual_flattening,generalist,True,0,1,0.0,1.0,expected_gain_below_threshold,True,False,CaChe,agyw_focus_groups,retrospective_heldout_transfer_working
qwen3:8b,PKT_27e3a512d11b8f05,contextual_flattening,generalist,True,0,1,0.0,1.0,expected_gain_below_threshold,True,False,CaChe,agyw_focus_groups,retrospective_heldout_transfer_working
qwen3:8b,PKT_28bf2ac883adf801,contextual_flattening,generalist,True,0,1,0.0,1.0,expected_gain_below_threshold,True,False,CaChe,agyw_focus_groups,retrospective_heldout_transfer_working
qwen3:8b,PKT_29766e3724217d23,contextual_flattening,generalist,True,0,1,0.0,1.0,expected_gain_below_threshold,True,False,CaChe,agyw_focus_groups,retrospective_heldout_transfer_working
gemma3:4b,PKT_00e3367407b0a440,contextual_flattening,generalist,False,0,1,0.0,1.0,expected_gain_below_threshold,True,False,ParlaMint-GB,parlamint_gb,retrospective_heldout_transfer_working
gemma3:4b,PKT_099937cd0a2b103a,source_concentration,generalist,False,0,1,0.0,1.0,expected_gain_below_threshold,True,False,ParlaMint-GB,parlamint_gb,retrospective_heldout_transfer_working
gemma3:4b,PKT_0acd4cdceb0750b0,unsupported_evidence,generalist,True,0,1,0.0,1.0,expected_gain_below_threshold,True,False,ParlaMint-GB,parlamint_gb,retrospective_heldout_transfer_working
gemma3:4b,PKT_0b60da1ebac57684,contextual_flattening,generalist,True,0,1,0.0,1.0,expected_gain_below_threshold,True,False,ParlaMint-GB,parlamint_gb,retrospective_heldout_transfer_working
gemma3:4b,PKT_0d3005aa874e767d,counterevidence_loss,generalist,False,0,1,0.0,1.0,expected_gain_below_threshold,True,False,ParlaMint-GB,parlamint_gb,retrospective_heldout_transfer_working
gemma3:4b,PKT_0e6ae10456a65756,source_concentration,generalist,False,0,1,0.0,1.0,expected_gain_below_threshold,True,False,ParlaMint-GB,parlamint_gb,retrospective_heldout_transfer_working
gemma3:4b,PKT_0ebee5a6e883bd62,unsupported_evidence,generalist,False,0,1,0.0,1.0,expected_gain_below_threshold,True,False,ParlaMint-GB,parlamint_gb,retrospective_heldout_transfer_working
gemma3:4b,PKT_14f3b0abe389fe4c,unsupported_evidence,generalist,True,0,1,0.0,1.0,expected_gain_below_threshold,True,False,ParlaMint-GB,parlamint_gb,retrospective_heldout_transfer_working
gemma3:4b,PKT_177278383a24ab7a,source_concentration,generalist,False,0,1,0.0,1.0,expected_gain_below_threshold,True,False,ParlaMint-GB,parlamint_gb,retrospective_heldout_transfer_working
gemma3:4b,PKT_19ecb5d0aebc4c40,counterevidence_loss,generalist,False,0,1,0.0,1.0,expected_gain_below_threshold,True,False,ParlaMint-GB,parlamint_gb,retrospective_heldout_transfer_working
gemma3:4b,PKT_1a6a1fa87d4972ba,counterevidence_loss,generalist,False,0,1,0.0,1.0,expected_gain_below_threshold,True,False,ParlaMint-GB,parlamint_gb,retrospective_heldout_transfer_working
gemma3:4b,PKT_1b3e9b667900237e,unsupported_evidence,generalist,True,0,1,0.0,1.0,expected_gain_below_threshold,True,False,ParlaMint-GB,parlamint_gb,retrospective_heldout_transfer_working
gemma3:4b,PKT_1db058adf592df58,source_concentration,generalist,False,0,1,0.0,1.0,expected_gain_below_threshold,True,False,ParlaMint-GB,parlamint_gb,retrospective_heldout_transfer_working
gemma3:4b,PKT_215b932d6ff3d29d,counterevidence_loss,generalist,False,0,1,0.0,1.0,expected_gain_below_threshold,True,False,ParlaMint-GB,parlamint_gb,retrospective_heldout_transfer_working
gemma3:4b,PKT_25529af764463103,unsupported_abstraction,generalist,True,0,1,0.0,1.0,expected_gain_below_threshold,True,False,ParlaMint-GB,parlamint_gb,retrospective_heldout_transfer_working
gemma3:4b,PKT_2f8cd3a749c0aac1,unsupported_abstraction,generalist,True,0,1,0.0,1.0,expected_gain_below_threshold,True,False,ParlaMint-GB,parlamint_gb,retrospective_heldout_transfer_working
gemma3:4b,PKT_310d8fd0f11e8b51,unsupported_abstraction,generalist,True,0,1,0.0,1.0,expected_gain_below_threshold,True,False,ParlaMint-GB,parlamint_gb,retrospective_heldout_transfer_working
gemma3:4b,PKT_34b10768ce1718f9,unsupported_abstraction,generalist,True,0,1,0.0,1.0,expected_gain_below_threshold,True,False,ParlaMint-GB,parlamint_gb,retrospective_heldout_transfer_working
gemma3:4b,PKT_392c35f81bfcc82c,unsupported_abstraction,generalist,True,0,1,0.0,1.0,expected_gain_below_threshold,True,False,ParlaMint-GB,parlamint_gb,retrospective_heldout_transfer_working
gemma3:4b,PKT_39b5078a61bb08c6,unsupported_evidence,generalist,True,0,1,0.0,1.0,expected_gain_below_threshold,True,False,ParlaMint-GB,parlamint_gb,retrospective_heldout_transfer_working
gemma3:4b,PKT_3b035b7c192be102,unsupported_evidence,generalist,True,0,1,0.0,1.0,expected_gain_below_threshold,True,False,ParlaMint-GB,parlamint_gb,retrospective_heldout_transfer_working
gemma3:4b,PKT_3d9588ae89c0679e,contextual_flattening,generalist,True,0,1,0.0,1.0,expected_gain_below_threshold,True,False,ParlaMint-GB,parlamint_gb,retrospective_heldout_transfer_working
gemma3:4b,PKT_4954534e376ec1cf,contextual_flattening,generalist,True,0,1,0.0,1.0,expected_gain_below_threshold,True,False,ParlaMint-GB,parlamint_gb,retrospective_heldout_transfer_working
gemma3:4b,PKT_4f4ec1b09a3c3c58,counterevidence_loss,generalist,False,0,1,0.0,1.0,expected_gain_below_threshold,True,False,ParlaMint-GB,parlamint_gb,retrospective_heldout_transfer_working
gemma3:4b,PKT_5073465d54a6e280,contextual_flattening,generalist,False,0,1,0.0,1.0,expected_gain_below_threshold,True,False,ParlaMint-GB,parlamint_gb,retrospective_heldout_transfer_working
gemma3:4b,PKT_52bfa7bdde9ec635,source_concentration,generalist,False,0,1,0.0,1.0,expected_gain_below_threshold,True,False,ParlaMint-GB,parlamint_gb,retrospective_heldout_transfer_working
gemma3:4b,PKT_52cf91015c1cd5d6,counterevidence_loss,generalist,False,0,1,0.0,1.0,expected_gain_below_threshold,True,False,ParlaMint-GB,parlamint_gb,retrospective_heldout_transfer_working
gemma3:4b,PKT_54ecf1ab1a01aca0,source_concentration,generalist,False,0,1,0.0,1.0,expected_gain_below_threshold,True,False,ParlaMint-GB,parlamint_gb,retrospective_heldout_transfer_working
gemma3:4b,PKT_55683fc3eb1e39cf,unsupported_abstraction,generalist,True,0,1,0.0,1.0,expected_gain_below_threshold,True,False,ParlaMint-GB,parlamint_gb,retrospective_heldout_transfer_working
gemma3:4b,PKT_5f93a910b4e9ef5f,unsupported_evidence,generalist,True,0,1,0.0,1.0,expected_gain_below_threshold,True,False,ParlaMint-GB,parlamint_gb,retrospective_heldout_transfer_working
gemma3:4b,PKT_6123e2f13a5c300f,unsupported_abstraction,generalist,False,0,1,0.0,1.0,expected_gain_below_threshold,True,False,ParlaMint-GB,parlamint_gb,retrospective_heldout_transfer_working
gemma3:4b,PKT_61b0d45f6c507dd3,unsupported_abstraction,generalist,True,0,1,0.0,1.0,expected_gain_below_threshold,True,False,ParlaMint-GB,parlamint_gb,retrospective_heldout_transfer_working
gemma3:4b,PKT_6438b7dce78a383c,counterevidence_loss,generalist,False,0,1,0.0,1.0,expected_gain_below_threshold,True,False,ParlaMint-GB,parlamint_gb,retrospective_heldout_transfer_working
gemma3:4b,PKT_65b39f372d0afdf8,unsupported_evidence,generalist,True,0,1,0.0,1.0,expected_gain_below_threshold,True,False,ParlaMint-GB,parlamint_gb,retrospective_heldout_transfer_working
gemma3:4b,PKT_6b1df2a77990e9b5,contextual_flattening,generalist,True,0,1,0.0,1.0,expected_gain_below_threshold,True,False,ParlaMint-GB,parlamint_gb,retrospective_heldout_transfer_working
gemma3:4b,PKT_6bed835d644f29a5,unsupported_evidence,generalist,True,0,1,0.0,1.0,expected_gain_below_threshold,True,False,ParlaMint-GB,parlamint_gb,retrospective_heldout_transfer_working
gemma3:4b,PKT_6bee6b01fc913448,counterevidence_loss,generalist,False,0,1,0.0,1.0,expected_gain_below_threshold,True,False,ParlaMint-GB,parlamint_gb,retrospective_heldout_transfer_working
gemma3:4b,PKT_7b59f222d92630f9,contextual_flattening,generalist,True,0,1,0.0,1.0,expected_gain_below_threshold,True,False,ParlaMint-GB,parlamint_gb,retrospective_heldout_transfer_working
gemma3:4b,PKT_7c20aaa0d9b0bd52,source_concentration,generalist,False,0,1,0.0,1.0,expected_gain_below_threshold,True,False,ParlaMint-GB,parlamint_gb,retrospective_heldout_transfer_working
gemma3:4b,PKT_7d74689d401a5341,unsupported_evidence,generalist,True,0,1,0.0,1.0,expected_gain_below_threshold,True,False,ParlaMint-GB,parlamint_gb,retrospective_heldout_transfer_working
gemma3:4b,PKT_7dc3cdccb55642cb,unsupported_evidence,generalist,True,0,1,0.0,1.0,expected_gain_below_threshold,True,False,ParlaMint-GB,parlamint_gb,retrospective_heldout_transfer_working
gemma3:4b,PKT_7eb77e015e5572fc,counterevidence_loss,generalist,False,0,1,0.0,1.0,expected_gain_below_threshold,True,False,ParlaMint-GB,parlamint_gb,retrospective_heldout_transfer_working
gemma3:4b,PKT_83b78094dd5ba2ef,contextual_flattening,generalist,True,0,1,0.0,1.0,expected_gain_below_threshold,True,False,ParlaMint-GB,parlamint_gb,retrospective_heldout_transfer_working
gemma3:4b,PKT_8499ba3a423d7b28,contextual_flattening,generalist,True,0,1,0.0,1.0,expected_gain_below_threshold,True,False,ParlaMint-GB,parlamint_gb,retrospective_heldout_transfer_working
gemma3:4b,PKT_868590f021bd7c9f,unsupported_evidence,generalist,True,0,1,0.0,1.0,expected_gain_below_threshold,True,False,ParlaMint-GB,parlamint_gb,retrospective_heldout_transfer_working
gemma3:4b,PKT_8c8b7d5ceac81a04,unsupported_evidence,generalist,True,0,1,0.0,1.0,expected_gain_below_threshold,True,False,ParlaMint-GB,parlamint_gb,retrospective_heldout_transfer_working
gemma3:4b,PKT_8ce295e7f8bd79ba,unsupported_abstraction,generalist,True,0,1,0.0,1.0,expected_gain_below_threshold,True,False,ParlaMint-GB,parlamint_gb,retrospective_heldout_transfer_working
gemma3:4b,PKT_9354fc35e5229c9b,counterevidence_loss,generalist,False,0,1,0.0,1.0,expected_gain_below_threshold,True,False,ParlaMint-GB,parlamint_gb,retrospective_heldout_transfer_working
gemma3:4b,PKT_99bdf5c694dcf840,counterevidence_loss,generalist,False,0,1,0.0,1.0,expected_gain_below_threshold,True,False,ParlaMint-GB,parlamint_gb,retrospective_heldout_transfer_working
gemma3:4b,PKT_9bea6b221f659dc8,unsupported_abstraction,generalist,False,0,1,0.0,1.0,expected_gain_below_threshold,True,False,ParlaMint-GB,parlamint_gb,retrospective_heldout_transfer_working
gemma3:4b,PKT_9c14df18f948eef5,unsupported_evidence,generalist,True,0,1,0.0,1.0,expected_gain_below_threshold,True,False,ParlaMint-GB,parlamint_gb,retrospective_heldout_transfer_working
gemma3:4b,PKT_9c55761fe629b30a,contextual_flattening,generalist,False,0,1,0.0,1.0,expected_gain_below_threshold,True,False,ParlaMint-GB,parlamint_gb,retrospective_heldout_transfer_working
gemma3:4b,PKT_9e546b51837a7075,source_concentration,generalist,False,0,1,0.0,1.0,expected_gain_below_threshold,True,False,ParlaMint-GB,parlamint_gb,retrospective_heldout_transfer_working
gemma3:4b,PKT_9e82b032f9d730d4,unsupported_abstraction,generalist,True,0,1,0.0,1.0,expected_gain_below_threshold,True,False,ParlaMint-GB,parlamint_gb,retrospective_heldout_transfer_working
gemma3:4b,PKT_a24f648aaccbc9ec,contextual_flattening,generalist,True,0,1,0.0,1.0,expected_gain_below_threshold,True,False,ParlaMint-GB,parlamint_gb,retrospective_heldout_transfer_working
gemma3:4b,PKT_a26e152e503c6912,unsupported_abstraction,generalist,True,0,1,0.0,1.0,expected_gain_below_threshold,True,False,ParlaMint-GB,parlamint_gb,retrospective_heldout_transfer_working
gemma3:4b,PKT_a51b0ba677bc501b,unsupported_evidence,generalist,True,0,1,0.0,1.0,expected_gain_below_threshold,True,False,ParlaMint-GB,parlamint_gb,retrospective_heldout_transfer_working
gemma3:4b,PKT_a7bf913224d7801a,contextual_flattening,generalist,True,0,1,0.0,1.0,expected_gain_below_threshold,True,False,ParlaMint-GB,parlamint_gb,retrospective_heldout_transfer_working
gemma3:4b,PKT_a9e57b7d909de12a,source_concentration,generalist,False,0,1,0.0,1.0,expected_gain_below_threshold,True,False,ParlaMint-GB,parlamint_gb,retrospective_heldout_transfer_working
gemma3:4b,PKT_a9fe08c3baf34d88,counterevidence_loss,generalist,False,0,1,0.0,1.0,expected_gain_below_threshold,True,False,ParlaMint-GB,parlamint_gb,retrospective_heldout_transfer_working
gemma3:4b,PKT_aa024c2212674569,counterevidence_loss,generalist,False,0,1,0.0,1.0,expected_gain_below_threshold,True,False,ParlaMint-GB,parlamint_gb,retrospective_heldout_transfer_working
gemma3:4b,PKT_aa80a6cab090e32d,unsupported_evidence,generalist,True,0,1,0.0,1.0,expected_gain_below_threshold,True,False,ParlaMint-GB,parlamint_gb,retrospective_heldout_transfer_working
gemma3:4b,PKT_ae124dc60761429c,unsupported_abstraction,generalist,False,0,1,0.0,1.0,expected_gain_below_threshold,True,False,ParlaMint-GB,parlamint_gb,retrospective_heldout_transfer_working
gemma3:4b,PKT_b3f2e294de8f284b,source_concentration,generalist,False,0,1,0.0,1.0,expected_gain_below_threshold,True,False,ParlaMint-GB,parlamint_gb,retrospective_heldout_transfer_working
gemma3:4b,PKT_b79233f8edeb4670,unsupported_abstraction,generalist,False,0,1,0.0,1.0,expected_gain_below_threshold,True,False,ParlaMint-GB,parlamint_gb,retrospective_heldout_transfer_working
gemma3:4b,PKT_ba0db71a566fd569,counterevidence_loss,generalist,False,0,1,0.0,1.0,expected_gain_below_threshold,True,False,ParlaMint-GB,parlamint_gb,retrospective_heldout_transfer_working
gemma3:4b,PKT_bddaddb9beed7b39,contextual_flattening,generalist,True,0,1,0.0,1.0,expected_gain_below_threshold,True,False,ParlaMint-GB,parlamint_gb,retrospective_heldout_transfer_working
gemma3:4b,PKT_be3fdc9b08b2d979,counterevidence_loss,generalist,False,0,1,0.0,1.0,expected_gain_below_threshold,True,False,ParlaMint-GB,parlamint_gb,retrospective_heldout_transfer_working
gemma3:4b,PKT_c04208715a006ea6,counterevidence_loss,generalist,False,0,1,0.0,1.0,expected_gain_below_threshold,True,False,ParlaMint-GB,parlamint_gb,retrospective_heldout_transfer_working
gemma3:4b,PKT_c37d2bf55ff24ca2,source_concentration,generalist,False,0,1,0.0,1.0,expected_gain_below_threshold,True,False,ParlaMint-GB,parlamint_gb,retrospective_heldout_transfer_working
gemma3:4b,PKT_c416fbd85f10ed29,source_concentration,generalist,False,0,1,0.0,1.0,expected_gain_below_threshold,True,False,ParlaMint-GB,parlamint_gb,retrospective_heldout_transfer_working
gemma3:4b,PKT_c4ab2fd3509fecc3,unsupported_abstraction,generalist,False,0,1,0.0,1.0,expected_gain_below_threshold,True,False,ParlaMint-GB,parlamint_gb,retrospective_heldout_transfer_working
gemma3:4b,PKT_c51c36951ebff42f,unsupported_abstraction,generalist,False,0,1,0.0,1.0,expected_gain_below_threshold,True,False,ParlaMint-GB,parlamint_gb,retrospective_heldout_transfer_working
gemma3:4b,PKT_c693c8bdcbd6be0c,unsupported_evidence,generalist,True,0,1,0.0,1.0,expected_gain_below_threshold,True,False,ParlaMint-GB,parlamint_gb,retrospective_heldout_transfer_working
gemma3:4b,PKT_c6cbd6747eb69f15,contextual_flattening,generalist,True,0,1,0.0,1.0,expected_gain_below_threshold,True,False,ParlaMint-GB,parlamint_gb,retrospective_heldout_transfer_working
gemma3:4b,PKT_c72d033baa5af21e,counterevidence_loss,generalist,False,0,1,0.0,1.0,expected_gain_below_threshold,True,False,ParlaMint-GB,parlamint_gb,retrospective_heldout_transfer_working
gemma3:4b,PKT_c8b7d91a5c053733,unsupported_evidence,generalist,False,0,1,0.0,1.0,expected_gain_below_threshold,True,False,ParlaMint-GB,parlamint_gb,retrospective_heldout_transfer_working
gemma3:4b,PKT_ca50745834bf59a3,source_concentration,generalist,False,0,1,0.0,1.0,expected_gain_below_threshold,True,False,ParlaMint-GB,parlamint_gb,retrospective_heldout_transfer_working
gemma3:4b,PKT_d0ed6c149a38cd2c,source_concentration,generalist,False,0,1,0.0,1.0,expected_gain_below_threshold,True,False,ParlaMint-GB,parlamint_gb,retrospective_heldout_transfer_working
gemma3:4b,PKT_d5c7f8af1084e891,source_concentration,generalist,False,0,1,0.0,1.0,expected_gain_below_threshold,True,False,ParlaMint-GB,parlamint_gb,retrospective_heldout_transfer_working
gemma3:4b,PKT_d8fe2bdddd290a80,unsupported_evidence,generalist,True,0,1,0.0,1.0,expected_gain_below_threshold,True,False,ParlaMint-GB,parlamint_gb,retrospective_heldout_transfer_working
gemma3:4b,PKT_debf81cb6a233604,source_concentration,generalist,False,0,1,0.0,1.0,expected_gain_below_threshold,True,False,ParlaMint-GB,parlamint_gb,retrospective_heldout_transfer_working
gemma3:4b,PKT_df9dfb14244ddc8c,counterevidence_loss,generalist,False,0,1,0.0,1.0,expected_gain_below_threshold,True,False,ParlaMint-GB,parlamint_gb,retrospective_heldout_transfer_working
gemma3:4b,PKT_dfe1762ffe7d9a9f,unsupported_abstraction,generalist,False,0,1,0.0,1.0,expected_gain_below_threshold,True,False,ParlaMint-GB,parlamint_gb,retrospective_heldout_transfer_working
gemma3:4b,PKT_e1da008820ce4fe9,source_concentration,generalist,False,0,1,0.0,1.0,expected_gain_below_threshold,True,False,ParlaMint-GB,parlamint_gb,retrospective_heldout_transfer_working
gemma3:4b,PKT_e24a509532b43014,contextual_flattening,generalist,True,0,1,0.0,1.0,expected_gain_below_threshold,True,False,ParlaMint-GB,parlamint_gb,retrospective_heldout_transfer_working
gemma3:4b,PKT_e5cf5d3d5e3a529f,source_concentration,generalist,False,0,1,0.0,1.0,expected_gain_below_threshold,True,False,ParlaMint-GB,parlamint_gb,retrospective_heldout_transfer_working
gemma3:4b,PKT_e8526068fa985270,source_concentration,generalist,False,0,1,0.0,1.0,expected_gain_below_threshold,True,False,ParlaMint-GB,parlamint_gb,retrospective_heldout_transfer_working
gemma3:4b,PKT_e8aab38c64e9132a,source_concentration,generalist,False,0,1,0.0,1.0,expected_gain_below_threshold,True,False,ParlaMint-GB,parlamint_gb,retrospective_heldout_transfer_working
gemma3:4b,PKT_ea88de90feeb8b4b,contextual_flattening,generalist,True,0,1,0.0,1.0,expected_gain_below_threshold,True,False,ParlaMint-GB,parlamint_gb,retrospective_heldout_transfer_working
gemma3:4b,PKT_eae66bbe9d214a0b,contextual_flattening,generalist,True,0,1,0.0,1.0,expected_gain_below_threshold,True,False,ParlaMint-GB,parlamint_gb,retrospective_heldout_transfer_working
gemma3:4b,PKT_ec4075e8bd31ccfa,unsupported_evidence,generalist,True,0,1,0.0,1.0,expected_gain_below_threshold,True,False,ParlaMint-GB,parlamint_gb,retrospective_heldout_transfer_working
gemma3:4b,PKT_ed9af00a2391a996,counterevidence_loss,generalist,False,0,1,0.0,1.0,expected_gain_below_threshold,True,False,ParlaMint-GB,parlamint_gb,retrospective_heldout_transfer_working
gemma3:4b,PKT_ee79d46afbda8aa2,contextual_flattening,generalist,True,0,1,0.0,1.0,expected_gain_below_threshold,True,False,ParlaMint-GB,parlamint_gb,retrospective_heldout_transfer_working
gemma3:4b,PKT_efe782453ef6e416,contextual_flattening,generalist,True,0,1,0.0,1.0,expected_gain_below_threshold,True,False,ParlaMint-GB,parlamint_gb,retrospective_heldout_transfer_working
gemma3:4b,PKT_f404e11f2481f50d,unsupported_abstraction,generalist,True,0,1,0.0,1.0,expected_gain_below_threshold,True,False,ParlaMint-GB,parlamint_gb,retrospective_heldout_transfer_working
gemma3:4b,PKT_f6b8c9375fbc2618,counterevidence_loss,generalist,False,0,1,0.0,1.0,expected_gain_below_threshold,True,False,ParlaMint-GB,parlamint_gb,retrospective_heldout_transfer_working
gemma3:4b,PKT_f72637e5dacdc153,unsupported_abstraction,generalist,True,0,1,0.0,1.0,expected_gain_below_threshold,True,False,ParlaMint-GB,parlamint_gb,retrospective_heldout_transfer_working
gemma3:4b,PKT_fa4a537276595461,unsupported_abstraction,generalist,True,0,1,0.0,1.0,expected_gain_below_threshold,True,False,ParlaMint-GB,parlamint_gb,retrospective_heldout_transfer_working
gemma3:4b,PKT_fc41c8a388c6d234,contextual_flattening,generalist,True,0,1,0.0,1.0,expected_gain_below_threshold,True,False,ParlaMint-GB,parlamint_gb,retrospective_heldout_transfer_working
llama3.1:8b,PKT_00e3367407b0a440,contextual_flattening,both,True,2,3,2.25,3.25,both_specialists_acquired,True,False,ParlaMint-GB,parlamint_gb,retrospective_heldout_transfer_working
llama3.1:8b,PKT_099937cd0a2b103a,source_concentration,generalist,False,0,1,0.0,1.0,expected_gain_below_threshold,True,False,ParlaMint-GB,parlamint_gb,retrospective_heldout_transfer_working
llama3.1:8b,PKT_0acd4cdceb0750b0,unsupported_evidence,both,True,2,3,2.25,3.25,both_specialists_acquired,True,False,ParlaMint-GB,parlamint_gb,retrospective_heldout_transfer_working
llama3.1:8b,PKT_0b60da1ebac57684,contextual_flattening,both,True,2,3,2.25,3.25,both_specialists_acquired,True,False,ParlaMint-GB,parlamint_gb,retrospective_heldout_transfer_working
llama3.1:8b,PKT_0d3005aa874e767d,counterevidence_loss,both,False,2,3,2.25,3.25,both_specialists_acquired,True,False,ParlaMint-GB,parlamint_gb,retrospective_heldout_transfer_working
llama3.1:8b,PKT_0e6ae10456a65756,source_concentration,generalist,False,0,1,0.0,1.0,expected_gain_below_threshold,True,False,ParlaMint-GB,parlamint_gb,retrospective_heldout_transfer_working
llama3.1:8b,PKT_0ebee5a6e883bd62,unsupported_evidence,both,False,2,3,2.25,3.25,both_specialists_acquired,True,False,ParlaMint-GB,parlamint_gb,retrospective_heldout_transfer_working
llama3.1:8b,PKT_14f3b0abe389fe4c,unsupported_evidence,both,False,2,3,2.25,3.25,both_specialists_acquired,True,False,ParlaMint-GB,parlamint_gb,retrospective_heldout_transfer_working
llama3.1:8b,PKT_177278383a24ab7a,source_concentration,generalist,False,0,1,0.0,1.0,expected_gain_below_threshold,True,False,ParlaMint-GB,parlamint_gb,retrospective_heldout_transfer_working
llama3.1:8b,PKT_19ecb5d0aebc4c40,counterevidence_loss,both,True,2,3,2.25,3.25,both_specialists_acquired,True,False,ParlaMint-GB,parlamint_gb,retrospective_heldout_transfer_working
llama3.1:8b,PKT_1a6a1fa87d4972ba,counterevidence_loss,generalist,True,0,1,0.0,1.0,expected_gain_below_threshold,True,False,ParlaMint-GB,parlamint_gb,retrospective_heldout_transfer_working
llama3.1:8b,PKT_1b3e9b667900237e,unsupported_evidence,both,False,2,3,2.25,3.25,both_specialists_acquired,True,False,ParlaMint-GB,parlamint_gb,retrospective_heldout_transfer_working
llama3.1:8b,PKT_1db058adf592df58,source_concentration,generalist,False,0,1,0.0,1.0,expected_gain_below_threshold,True,False,ParlaMint-GB,parlamint_gb,retrospective_heldout_transfer_working
llama3.1:8b,PKT_215b932d6ff3d29d,counterevidence_loss,both,False,2,3,2.25,3.25,both_specialists_acquired,True,False,ParlaMint-GB,parlamint_gb,retrospective_heldout_transfer_working
llama3.1:8b,PKT_25529af764463103,unsupported_abstraction,both,True,2,3,2.25,3.25,both_specialists_acquired,True,False,ParlaMint-GB,parlamint_gb,retrospective_heldout_transfer_working
llama3.1:8b,PKT_2f8cd3a749c0aac1,unsupported_abstraction,generalist,True,0,1,0.0,1.0,expected_gain_below_threshold,True,False,ParlaMint-GB,parlamint_gb,retrospective_heldout_transfer_working
llama3.1:8b,PKT_310d8fd0f11e8b51,unsupported_abstraction,both,False,2,3,2.25,3.25,both_specialists_acquired,True,False,ParlaMint-GB,parlamint_gb,retrospective_heldout_transfer_working
llama3.1:8b,PKT_34b10768ce1718f9,unsupported_abstraction,both,False,2,3,2.25,3.25,both_specialists_acquired,True,False,ParlaMint-GB,parlamint_gb,retrospective_heldout_transfer_working
llama3.1:8b,PKT_392c35f81bfcc82c,unsupported_abstraction,generalist,True,0,1,0.0,1.0,expected_gain_below_threshold,True,False,ParlaMint-GB,parlamint_gb,retrospective_heldout_transfer_working
llama3.1:8b,PKT_39b5078a61bb08c6,unsupported_evidence,both,False,2,3,2.25,3.25,both_specialists_acquired,True,False,ParlaMint-GB,parlamint_gb,retrospective_heldout_transfer_working
llama3.1:8b,PKT_3b035b7c192be102,unsupported_evidence,generalist,False,0,1,0.0,1.0,expected_gain_below_threshold,True,False,ParlaMint-GB,parlamint_gb,retrospective_heldout_transfer_working
llama3.1:8b,PKT_3d9588ae89c0679e,contextual_flattening,both,True,2,3,2.25,3.25,both_specialists_acquired,True,False,ParlaMint-GB,parlamint_gb,retrospective_heldout_transfer_working
llama3.1:8b,PKT_4954534e376ec1cf,contextual_flattening,both,True,2,3,2.25,3.25,both_specialists_acquired,True,False,ParlaMint-GB,parlamint_gb,retrospective_heldout_transfer_working
llama3.1:8b,PKT_4f4ec1b09a3c3c58,counterevidence_loss,both,True,2,3,2.25,3.25,both_specialists_acquired,True,False,ParlaMint-GB,parlamint_gb,retrospective_heldout_transfer_working
llama3.1:8b,PKT_5073465d54a6e280,contextual_flattening,generalist,True,0,1,0.0,1.0,expected_gain_below_threshold,True,False,ParlaMint-GB,parlamint_gb,retrospective_heldout_transfer_working
llama3.1:8b,PKT_52bfa7bdde9ec635,source_concentration,generalist,False,0,1,0.0,1.0,expected_gain_below_threshold,True,False,ParlaMint-GB,parlamint_gb,retrospective_heldout_transfer_working
llama3.1:8b,PKT_52cf91015c1cd5d6,counterevidence_loss,both,False,2,3,2.25,3.25,both_specialists_acquired,True,False,ParlaMint-GB,parlamint_gb,retrospective_heldout_transfer_working
llama3.1:8b,PKT_54ecf1ab1a01aca0,source_concentration,generalist,False,0,1,0.0,1.0,expected_gain_below_threshold,True,False,ParlaMint-GB,parlamint_gb,retrospective_heldout_transfer_working
llama3.1:8b,PKT_55683fc3eb1e39cf,unsupported_abstraction,both,False,2,3,2.25,3.25,both_specialists_acquired,True,False,ParlaMint-GB,parlamint_gb,retrospective_heldout_transfer_working
llama3.1:8b,PKT_5f93a910b4e9ef5f,unsupported_evidence,generalist,True,0,1,0.0,1.0,expected_gain_below_threshold,True,False,ParlaMint-GB,parlamint_gb,retrospective_heldout_transfer_working
llama3.1:8b,PKT_6123e2f13a5c300f,unsupported_abstraction,both,False,2,3,2.25,3.25,both_specialists_acquired,True,False,ParlaMint-GB,parlamint_gb,retrospective_heldout_transfer_working
llama3.1:8b,PKT_61b0d45f6c507dd3,unsupported_abstraction,both,True,2,3,2.25,3.25,both_specialists_acquired,True,False,ParlaMint-GB,parlamint_gb,retrospective_heldout_transfer_working
llama3.1:8b,PKT_6438b7dce78a383c,counterevidence_loss,both,False,2,3,2.25,3.25,both_specialists_acquired,True,False,ParlaMint-GB,parlamint_gb,retrospective_heldout_transfer_working
llama3.1:8b,PKT_65b39f372d0afdf8,unsupported_evidence,generalist,True,0,1,0.0,1.0,expected_gain_below_threshold,True,False,ParlaMint-GB,parlamint_gb,retrospective_heldout_transfer_working
llama3.1:8b,PKT_6b1df2a77990e9b5,contextual_flattening,generalist,True,0,1,0.0,1.0,expected_gain_below_threshold,True,False,ParlaMint-GB,parlamint_gb,retrospective_heldout_transfer_working
llama3.1:8b,PKT_6bed835d644f29a5,unsupported_evidence,both,True,2,3,2.25,3.25,both_specialists_acquired,True,False,ParlaMint-GB,parlamint_gb,retrospective_heldout_transfer_working
llama3.1:8b,PKT_6bee6b01fc913448,counterevidence_loss,generalist,True,0,1,0.0,1.0,expected_gain_below_threshold,True,False,ParlaMint-GB,parlamint_gb,retrospective_heldout_transfer_working
llama3.1:8b,PKT_7b59f222d92630f9,contextual_flattening,both,True,2,3,2.25,3.25,both_specialists_acquired,True,False,ParlaMint-GB,parlamint_gb,retrospective_heldout_transfer_working
llama3.1:8b,PKT_7c20aaa0d9b0bd52,source_concentration,generalist,True,0,1,0.0,1.0,expected_gain_below_threshold,True,False,ParlaMint-GB,parlamint_gb,retrospective_heldout_transfer_working
llama3.1:8b,PKT_7d74689d401a5341,unsupported_evidence,generalist,False,0,1,0.0,1.0,expected_gain_below_threshold,True,False,ParlaMint-GB,parlamint_gb,retrospective_heldout_transfer_working
llama3.1:8b,PKT_7dc3cdccb55642cb,unsupported_evidence,both,False,2,3,2.25,3.25,both_specialists_acquired,True,False,ParlaMint-GB,parlamint_gb,retrospective_heldout_transfer_working
llama3.1:8b,PKT_7eb77e015e5572fc,counterevidence_loss,both,False,2,3,2.25,3.25,both_specialists_acquired,True,False,ParlaMint-GB,parlamint_gb,retrospective_heldout_transfer_working
llama3.1:8b,PKT_83b78094dd5ba2ef,contextual_flattening,both,False,2,3,2.25,3.25,both_specialists_acquired,True,False,ParlaMint-GB,parlamint_gb,retrospective_heldout_transfer_working
llama3.1:8b,PKT_8499ba3a423d7b28,contextual_flattening,both,False,2,3,2.25,3.25,both_specialists_acquired,True,False,ParlaMint-GB,parlamint_gb,retrospective_heldout_transfer_working
llama3.1:8b,PKT_868590f021bd7c9f,unsupported_evidence,both,False,2,3,2.25,3.25,both_specialists_acquired,True,False,ParlaMint-GB,parlamint_gb,retrospective_heldout_transfer_working
llama3.1:8b,PKT_8c8b7d5ceac81a04,unsupported_evidence,both,True,2,3,2.25,3.25,both_specialists_acquired,True,False,ParlaMint-GB,parlamint_gb,retrospective_heldout_transfer_working
llama3.1:8b,PKT_8ce295e7f8bd79ba,unsupported_abstraction,both,False,2,3,2.25,3.25,both_specialists_acquired,True,False,ParlaMint-GB,parlamint_gb,retrospective_heldout_transfer_working
llama3.1:8b,PKT_9354fc35e5229c9b,counterevidence_loss,both,False,2,3,2.25,3.25,both_specialists_acquired,True,False,ParlaMint-GB,parlamint_gb,retrospective_heldout_transfer_working
llama3.1:8b,PKT_99bdf5c694dcf840,counterevidence_loss,both,True,2,3,2.25,3.25,both_specialists_acquired,True,False,ParlaMint-GB,parlamint_gb,retrospective_heldout_transfer_working
llama3.1:8b,PKT_9bea6b221f659dc8,unsupported_abstraction,both,True,2,3,2.25,3.25,both_specialists_acquired,True,False,ParlaMint-GB,parlamint_gb,retrospective_heldout_transfer_working
llama3.1:8b,PKT_9c14df18f948eef5,unsupported_evidence,both,False,2,3,2.25,3.25,both_specialists_acquired,True,False,ParlaMint-GB,parlamint_gb,retrospective_heldout_transfer_working
llama3.1:8b,PKT_9c55761fe629b30a,contextual_flattening,generalist,True,0,1,0.0,1.0,expected_gain_below_threshold,True,False,ParlaMint-GB,parlamint_gb,retrospective_heldout_transfer_working
llama3.1:8b,PKT_9e546b51837a7075,source_concentration,generalist,False,0,1,0.0,1.0,expected_gain_below_threshold,True,False,ParlaMint-GB,parlamint_gb,retrospective_heldout_transfer_working
llama3.1:8b,PKT_9e82b032f9d730d4,unsupported_abstraction,generalist,True,0,1,0.0,1.0,expected_gain_below_threshold,True,False,ParlaMint-GB,parlamint_gb,retrospective_heldout_transfer_working
llama3.1:8b,PKT_a24f648aaccbc9ec,contextual_flattening,both,True,2,3,2.25,3.25,both_specialists_acquired,True,False,ParlaMint-GB,parlamint_gb,retrospective_heldout_transfer_working
llama3.1:8b,PKT_a26e152e503c6912,unsupported_abstraction,generalist,True,0,1,0.0,1.0,expected_gain_below_threshold,True,False,ParlaMint-GB,parlamint_gb,retrospective_heldout_transfer_working
llama3.1:8b,PKT_a51b0ba677bc501b,unsupported_evidence,generalist,True,0,1,0.0,1.0,expected_gain_below_threshold,True,False,ParlaMint-GB,parlamint_gb,retrospective_heldout_transfer_working
llama3.1:8b,PKT_a7bf913224d7801a,contextual_flattening,generalist,True,0,1,0.0,1.0,expected_gain_below_threshold,True,False,ParlaMint-GB,parlamint_gb,retrospective_heldout_transfer_working
llama3.1:8b,PKT_a9e57b7d909de12a,source_concentration,generalist,False,0,1,0.0,1.0,expected_gain_below_threshold,True,False,ParlaMint-GB,parlamint_gb,retrospective_heldout_transfer_working
llama3.1:8b,PKT_a9fe08c3baf34d88,counterevidence_loss,both,True,2,3,2.25,3.25,both_specialists_acquired,True,False,ParlaMint-GB,parlamint_gb,retrospective_heldout_transfer_working
llama3.1:8b,PKT_aa024c2212674569,counterevidence_loss,both,False,2,3,2.25,3.25,both_specialists_acquired,True,False,ParlaMint-GB,parlamint_gb,retrospective_heldout_transfer_working
llama3.1:8b,PKT_aa80a6cab090e32d,unsupported_evidence,both,True,2,3,2.25,3.25,both_specialists_acquired,True,False,ParlaMint-GB,parlamint_gb,retrospective_heldout_transfer_working
llama3.1:8b,PKT_ae124dc60761429c,unsupported_abstraction,both,True,2,3,2.25,3.25,both_specialists_acquired,True,False,ParlaMint-GB,parlamint_gb,retrospective_heldout_transfer_working
llama3.1:8b,PKT_b3f2e294de8f284b,source_concentration,generalist,False,0,1,0.0,1.0,expected_gain_below_threshold,True,False,ParlaMint-GB,parlamint_gb,retrospective_heldout_transfer_working
llama3.1:8b,PKT_b79233f8edeb4670,unsupported_abstraction,generalist,True,0,1,0.0,1.0,expected_gain_below_threshold,True,False,ParlaMint-GB,parlamint_gb,retrospective_heldout_transfer_working
llama3.1:8b,PKT_ba0db71a566fd569,counterevidence_loss,both,False,2,3,2.25,3.25,both_specialists_acquired,True,False,ParlaMint-GB,parlamint_gb,retrospective_heldout_transfer_working
llama3.1:8b,PKT_bddaddb9beed7b39,contextual_flattening,generalist,True,0,1,0.0,1.0,expected_gain_below_threshold,True,False,ParlaMint-GB,parlamint_gb,retrospective_heldout_transfer_working
llama3.1:8b,PKT_be3fdc9b08b2d979,counterevidence_loss,both,False,2,3,2.25,3.25,both_specialists_acquired,True,False,ParlaMint-GB,parlamint_gb,retrospective_heldout_transfer_working
llama3.1:8b,PKT_c04208715a006ea6,counterevidence_loss,both,True,2,3,2.25,3.25,both_specialists_acquired,True,False,ParlaMint-GB,parlamint_gb,retrospective_heldout_transfer_working
llama3.1:8b,PKT_c37d2bf55ff24ca2,source_concentration,generalist,False,0,1,0.0,1.0,expected_gain_below_threshold,True,False,ParlaMint-GB,parlamint_gb,retrospective_heldout_transfer_working
llama3.1:8b,PKT_c416fbd85f10ed29,source_concentration,generalist,False,0,1,0.0,1.0,expected_gain_below_threshold,True,False,ParlaMint-GB,parlamint_gb,retrospective_heldout_transfer_working
llama3.1:8b,PKT_c4ab2fd3509fecc3,unsupported_abstraction,both,True,2,3,2.25,3.25,both_specialists_acquired,True,False,ParlaMint-GB,parlamint_gb,retrospective_heldout_transfer_working
llama3.1:8b,PKT_c51c36951ebff42f,unsupported_abstraction,generalist,True,0,1,0.0,1.0,expected_gain_below_threshold,True,False,ParlaMint-GB,parlamint_gb,retrospective_heldout_transfer_working
llama3.1:8b,PKT_c693c8bdcbd6be0c,unsupported_evidence,both,True,2,3,2.25,3.25,both_specialists_acquired,True,False,ParlaMint-GB,parlamint_gb,retrospective_heldout_transfer_working
llama3.1:8b,PKT_c6cbd6747eb69f15,contextual_flattening,generalist,True,0,1,0.0,1.0,expected_gain_below_threshold,True,False,ParlaMint-GB,parlamint_gb,retrospective_heldout_transfer_working
llama3.1:8b,PKT_c72d033baa5af21e,counterevidence_loss,generalist,False,0,1,0.0,1.0,expected_gain_below_threshold,True,False,ParlaMint-GB,parlamint_gb,retrospective_heldout_transfer_working
llama3.1:8b,PKT_c8b7d91a5c053733,unsupported_evidence,both,True,2,3,2.25,3.25,both_specialists_acquired,True,False,ParlaMint-GB,parlamint_gb,retrospective_heldout_transfer_working
llama3.1:8b,PKT_ca50745834bf59a3,source_concentration,generalist,False,0,1,0.0,1.0,expected_gain_below_threshold,True,False,ParlaMint-GB,parlamint_gb,retrospective_heldout_transfer_working
llama3.1:8b,PKT_d0ed6c149a38cd2c,source_concentration,generalist,False,0,1,0.0,1.0,expected_gain_below_threshold,True,False,ParlaMint-GB,parlamint_gb,retrospective_heldout_transfer_working
llama3.1:8b,PKT_d5c7f8af1084e891,source_concentration,generalist,False,0,1,0.0,1.0,expected_gain_below_threshold,True,False,ParlaMint-GB,parlamint_gb,retrospective_heldout_transfer_working
llama3.1:8b,PKT_d8fe2bdddd290a80,unsupported_evidence,generalist,True,0,1,0.0,1.0,expected_gain_below_threshold,True,False,ParlaMint-GB,parlamint_gb,retrospective_heldout_transfer_working
llama3.1:8b,PKT_debf81cb6a233604,source_concentration,generalist,False,0,1,0.0,1.0,expected_gain_below_threshold,True,False,ParlaMint-GB,parlamint_gb,retrospective_heldout_transfer_working
llama3.1:8b,PKT_df9dfb14244ddc8c,counterevidence_loss,generalist,True,0,1,0.0,1.0,expected_gain_below_threshold,True,False,ParlaMint-GB,parlamint_gb,retrospective_heldout_transfer_working
llama3.1:8b,PKT_dfe1762ffe7d9a9f,unsupported_abstraction,both,True,2,3,2.25,3.25,both_specialists_acquired,True,False,ParlaMint-GB,parlamint_gb,retrospective_heldout_transfer_working
llama3.1:8b,PKT_e1da008820ce4fe9,source_concentration,generalist,False,0,1,0.0,1.0,expected_gain_below_threshold,True,False,ParlaMint-GB,parlamint_gb,retrospective_heldout_transfer_working
llama3.1:8b,PKT_e24a509532b43014,contextual_flattening,generalist,True,0,1,0.0,1.0,expected_gain_below_threshold,True,False,ParlaMint-GB,parlamint_gb,retrospective_heldout_transfer_working
llama3.1:8b,PKT_e5cf5d3d5e3a529f,source_concentration,generalist,False,0,1,0.0,1.0,expected_gain_below_threshold,True,False,ParlaMint-GB,parlamint_gb,retrospective_heldout_transfer_working
llama3.1:8b,PKT_e8526068fa985270,source_concentration,generalist,False,0,1,0.0,1.0,expected_gain_below_threshold,True,False,ParlaMint-GB,parlamint_gb,retrospective_heldout_transfer_working
llama3.1:8b,PKT_e8aab38c64e9132a,source_concentration,generalist,False,0,1,0.0,1.0,expected_gain_below_threshold,True,False,ParlaMint-GB,parlamint_gb,retrospective_heldout_transfer_working
llama3.1:8b,PKT_ea88de90feeb8b4b,contextual_flattening,both,False,2,3,2.25,3.25,both_specialists_acquired,True,False,ParlaMint-GB,parlamint_gb,retrospective_heldout_transfer_working
llama3.1:8b,PKT_eae66bbe9d214a0b,contextual_flattening,generalist,True,0,1,0.0,1.0,expected_gain_below_threshold,True,False,ParlaMint-GB,parlamint_gb,retrospective_heldout_transfer_working
llama3.1:8b,PKT_ec4075e8bd31ccfa,unsupported_evidence,both,True,2,3,2.25,3.25,both_specialists_acquired,True,False,ParlaMint-GB,parlamint_gb,retrospective_heldout_transfer_working
llama3.1:8b,PKT_ed9af00a2391a996,counterevidence_loss,both,False,2,3,2.25,3.25,both_specialists_acquired,True,False,ParlaMint-GB,parlamint_gb,retrospective_heldout_transfer_working
llama3.1:8b,PKT_ee79d46afbda8aa2,contextual_flattening,both,True,2,3,2.25,3.25,both_specialists_acquired,True,False,ParlaMint-GB,parlamint_gb,retrospective_heldout_transfer_working
llama3.1:8b,PKT_efe782453ef6e416,contextual_flattening,generalist,True,0,1,0.0,1.0,expected_gain_below_threshold,True,False,ParlaMint-GB,parlamint_gb,retrospective_heldout_transfer_working
llama3.1:8b,PKT_f404e11f2481f50d,unsupported_abstraction,both,False,2,3,2.25,3.25,both_specialists_acquired,True,False,ParlaMint-GB,parlamint_gb,retrospective_heldout_transfer_working
llama3.1:8b,PKT_f6b8c9375fbc2618,counterevidence_loss,both,True,2,3,2.25,3.25,both_specialists_acquired,True,False,ParlaMint-GB,parlamint_gb,retrospective_heldout_transfer_working
llama3.1:8b,PKT_f72637e5dacdc153,unsupported_abstraction,generalist,True,0,1,0.0,1.0,expected_gain_below_threshold,True,False,ParlaMint-GB,parlamint_gb,retrospective_heldout_transfer_working
llama3.1:8b,PKT_fa4a537276595461,unsupported_abstraction,both,True,2,3,2.25,3.25,both_specialists_acquired,True,False,ParlaMint-GB,parlamint_gb,retrospective_heldout_transfer_working
llama3.1:8b,PKT_fc41c8a388c6d234,contextual_flattening,both,True,2,3,2.25,3.25,both_specialists_acquired,True,False,ParlaMint-GB,parlamint_gb,retrospective_heldout_transfer_working
qwen3:8b,PKT_00e3367407b0a440,contextual_flattening,generalist,True,0,1,0.0,1.0,expected_gain_below_threshold,True,False,ParlaMint-GB,parlamint_gb,retrospective_heldout_transfer_working
qwen3:8b,PKT_099937cd0a2b103a,source_concentration,generalist,True,0,1,0.0,1.0,expected_gain_below_threshold,True,False,ParlaMint-GB,parlamint_gb,retrospective_heldout_transfer_working
qwen3:8b,PKT_0acd4cdceb0750b0,unsupported_evidence,generalist,False,0,1,0.0,1.0,expected_gain_below_threshold,True,False,ParlaMint-GB,parlamint_gb,retrospective_heldout_transfer_working
qwen3:8b,PKT_0b60da1ebac57684,contextual_flattening,generalist,True,0,1,0.0,1.0,expected_gain_below_threshold,True,False,ParlaMint-GB,parlamint_gb,retrospective_heldout_transfer_working
qwen3:8b,PKT_0d3005aa874e767d,counterevidence_loss,generalist,True,0,1,0.0,1.0,expected_gain_below_threshold,True,False,ParlaMint-GB,parlamint_gb,retrospective_heldout_transfer_working
qwen3:8b,PKT_0e6ae10456a65756,source_concentration,generalist,True,0,1,0.0,1.0,expected_gain_below_threshold,True,False,ParlaMint-GB,parlamint_gb,retrospective_heldout_transfer_working
qwen3:8b,PKT_0ebee5a6e883bd62,unsupported_evidence,generalist,False,0,1,0.0,1.0,expected_gain_below_threshold,True,False,ParlaMint-GB,parlamint_gb,retrospective_heldout_transfer_working
qwen3:8b,PKT_14f3b0abe389fe4c,unsupported_evidence,generalist,False,0,1,0.0,1.0,expected_gain_below_threshold,True,False,ParlaMint-GB,parlamint_gb,retrospective_heldout_transfer_working
qwen3:8b,PKT_177278383a24ab7a,source_concentration,generalist,True,0,1,0.0,1.0,expected_gain_below_threshold,True,False,ParlaMint-GB,parlamint_gb,retrospective_heldout_transfer_working
qwen3:8b,PKT_19ecb5d0aebc4c40,counterevidence_loss,generalist,True,0,1,0.0,1.0,expected_gain_below_threshold,True,False,ParlaMint-GB,parlamint_gb,retrospective_heldout_transfer_working
qwen3:8b,PKT_1a6a1fa87d4972ba,counterevidence_loss,generalist,True,0,1,0.0,1.0,expected_gain_below_threshold,True,False,ParlaMint-GB,parlamint_gb,retrospective_heldout_transfer_working
qwen3:8b,PKT_1b3e9b667900237e,unsupported_evidence,generalist,False,0,1,0.0,1.0,expected_gain_below_threshold,True,False,ParlaMint-GB,parlamint_gb,retrospective_heldout_transfer_working
qwen3:8b,PKT_1db058adf592df58,source_concentration,generalist,True,0,1,0.0,1.0,expected_gain_below_threshold,True,False,ParlaMint-GB,parlamint_gb,retrospective_heldout_transfer_working
qwen3:8b,PKT_215b932d6ff3d29d,counterevidence_loss,generalist,True,0,1,0.0,1.0,expected_gain_below_threshold,True,False,ParlaMint-GB,parlamint_gb,retrospective_heldout_transfer_working
qwen3:8b,PKT_25529af764463103,unsupported_abstraction,generalist,True,0,1,0.0,1.0,expected_gain_below_threshold,True,False,ParlaMint-GB,parlamint_gb,retrospective_heldout_transfer_working
qwen3:8b,PKT_2f8cd3a749c0aac1,unsupported_abstraction,generalist,True,0,1,0.0,1.0,expected_gain_below_threshold,True,False,ParlaMint-GB,parlamint_gb,retrospective_heldout_transfer_working
qwen3:8b,PKT_310d8fd0f11e8b51,unsupported_abstraction,generalist,True,0,1,0.0,1.0,expected_gain_below_threshold,True,False,ParlaMint-GB,parlamint_gb,retrospective_heldout_transfer_working
qwen3:8b,PKT_34b10768ce1718f9,unsupported_abstraction,generalist,True,0,1,0.0,1.0,expected_gain_below_threshold,True,False,ParlaMint-GB,parlamint_gb,retrospective_heldout_transfer_working
qwen3:8b,PKT_392c35f81bfcc82c,unsupported_abstraction,generalist,True,0,1,0.0,1.0,expected_gain_below_threshold,True,False,ParlaMint-GB,parlamint_gb,retrospective_heldout_transfer_working
qwen3:8b,PKT_39b5078a61bb08c6,unsupported_evidence,generalist,False,0,1,0.0,1.0,expected_gain_below_threshold,True,False,ParlaMint-GB,parlamint_gb,retrospective_heldout_transfer_working
qwen3:8b,PKT_3b035b7c192be102,unsupported_evidence,generalist,False,0,1,0.0,1.0,expected_gain_below_threshold,True,False,ParlaMint-GB,parlamint_gb,retrospective_heldout_transfer_working
qwen3:8b,PKT_3d9588ae89c0679e,contextual_flattening,generalist,True,0,1,0.0,1.0,expected_gain_below_threshold,True,False,ParlaMint-GB,parlamint_gb,retrospective_heldout_transfer_working
qwen3:8b,PKT_4954534e376ec1cf,contextual_flattening,generalist,True,0,1,0.0,1.0,expected_gain_below_threshold,True,False,ParlaMint-GB,parlamint_gb,retrospective_heldout_transfer_working
qwen3:8b,PKT_4f4ec1b09a3c3c58,counterevidence_loss,generalist,True,0,1,0.0,1.0,expected_gain_below_threshold,True,False,ParlaMint-GB,parlamint_gb,retrospective_heldout_transfer_working
qwen3:8b,PKT_5073465d54a6e280,contextual_flattening,generalist,True,0,1,0.0,1.0,expected_gain_below_threshold,True,False,ParlaMint-GB,parlamint_gb,retrospective_heldout_transfer_working
qwen3:8b,PKT_52bfa7bdde9ec635,source_concentration,generalist,False,0,1,0.0,1.0,expected_gain_below_threshold,True,False,ParlaMint-GB,parlamint_gb,retrospective_heldout_transfer_working
qwen3:8b,PKT_52cf91015c1cd5d6,counterevidence_loss,generalist,True,0,1,0.0,1.0,expected_gain_below_threshold,True,False,ParlaMint-GB,parlamint_gb,retrospective_heldout_transfer_working
qwen3:8b,PKT_54ecf1ab1a01aca0,source_concentration,generalist,False,0,1,0.0,1.0,expected_gain_below_threshold,True,False,ParlaMint-GB,parlamint_gb,retrospective_heldout_transfer_working
qwen3:8b,PKT_55683fc3eb1e39cf,unsupported_abstraction,generalist,True,0,1,0.0,1.0,expected_gain_below_threshold,True,False,ParlaMint-GB,parlamint_gb,retrospective_heldout_transfer_working
qwen3:8b,PKT_5f93a910b4e9ef5f,unsupported_evidence,generalist,False,0,1,0.0,1.0,expected_gain_below_threshold,True,False,ParlaMint-GB,parlamint_gb,retrospective_heldout_transfer_working
qwen3:8b,PKT_6123e2f13a5c300f,unsupported_abstraction,generalist,True,0,1,0.0,1.0,expected_gain_below_threshold,True,False,ParlaMint-GB,parlamint_gb,retrospective_heldout_transfer_working
qwen3:8b,PKT_61b0d45f6c507dd3,unsupported_abstraction,generalist,True,0,1,0.0,1.0,expected_gain_below_threshold,True,False,ParlaMint-GB,parlamint_gb,retrospective_heldout_transfer_working
qwen3:8b,PKT_6438b7dce78a383c,counterevidence_loss,generalist,True,0,1,0.0,1.0,expected_gain_below_threshold,True,False,ParlaMint-GB,parlamint_gb,retrospective_heldout_transfer_working
qwen3:8b,PKT_65b39f372d0afdf8,unsupported_evidence,generalist,False,0,1,0.0,1.0,expected_gain_below_threshold,True,False,ParlaMint-GB,parlamint_gb,retrospective_heldout_transfer_working
qwen3:8b,PKT_6b1df2a77990e9b5,contextual_flattening,generalist,True,0,1,0.0,1.0,expected_gain_below_threshold,True,False,ParlaMint-GB,parlamint_gb,retrospective_heldout_transfer_working
qwen3:8b,PKT_6bed835d644f29a5,unsupported_evidence,generalist,False,0,1,0.0,1.0,expected_gain_below_threshold,True,False,ParlaMint-GB,parlamint_gb,retrospective_heldout_transfer_working
qwen3:8b,PKT_6bee6b01fc913448,counterevidence_loss,generalist,True,0,1,0.0,1.0,expected_gain_below_threshold,True,False,ParlaMint-GB,parlamint_gb,retrospective_heldout_transfer_working
qwen3:8b,PKT_7b59f222d92630f9,contextual_flattening,generalist,True,0,1,0.0,1.0,expected_gain_below_threshold,True,False,ParlaMint-GB,parlamint_gb,retrospective_heldout_transfer_working
qwen3:8b,PKT_7c20aaa0d9b0bd52,source_concentration,generalist,True,0,1,0.0,1.0,expected_gain_below_threshold,True,False,ParlaMint-GB,parlamint_gb,retrospective_heldout_transfer_working
qwen3:8b,PKT_7d74689d401a5341,unsupported_evidence,generalist,False,0,1,0.0,1.0,expected_gain_below_threshold,True,False,ParlaMint-GB,parlamint_gb,retrospective_heldout_transfer_working
qwen3:8b,PKT_7dc3cdccb55642cb,unsupported_evidence,generalist,False,0,1,0.0,1.0,expected_gain_below_threshold,True,False,ParlaMint-GB,parlamint_gb,retrospective_heldout_transfer_working
qwen3:8b,PKT_7eb77e015e5572fc,counterevidence_loss,generalist,True,0,1,0.0,1.0,expected_gain_below_threshold,True,False,ParlaMint-GB,parlamint_gb,retrospective_heldout_transfer_working
qwen3:8b,PKT_83b78094dd5ba2ef,contextual_flattening,generalist,True,0,1,0.0,1.0,expected_gain_below_threshold,True,False,ParlaMint-GB,parlamint_gb,retrospective_heldout_transfer_working
qwen3:8b,PKT_8499ba3a423d7b28,contextual_flattening,generalist,True,0,1,0.0,1.0,expected_gain_below_threshold,True,False,ParlaMint-GB,parlamint_gb,retrospective_heldout_transfer_working
qwen3:8b,PKT_868590f021bd7c9f,unsupported_evidence,generalist,False,0,1,0.0,1.0,expected_gain_below_threshold,True,False,ParlaMint-GB,parlamint_gb,retrospective_heldout_transfer_working
qwen3:8b,PKT_8c8b7d5ceac81a04,unsupported_evidence,generalist,False,0,1,0.0,1.0,expected_gain_below_threshold,True,False,ParlaMint-GB,parlamint_gb,retrospective_heldout_transfer_working
qwen3:8b,PKT_8ce295e7f8bd79ba,unsupported_abstraction,generalist,True,0,1,0.0,1.0,expected_gain_below_threshold,True,False,ParlaMint-GB,parlamint_gb,retrospective_heldout_transfer_working
qwen3:8b,PKT_9354fc35e5229c9b,counterevidence_loss,generalist,True,0,1,0.0,1.0,expected_gain_below_threshold,True,False,ParlaMint-GB,parlamint_gb,retrospective_heldout_transfer_working
qwen3:8b,PKT_99bdf5c694dcf840,counterevidence_loss,generalist,True,0,1,0.0,1.0,expected_gain_below_threshold,True,False,ParlaMint-GB,parlamint_gb,retrospective_heldout_transfer_working
qwen3:8b,PKT_9bea6b221f659dc8,unsupported_abstraction,generalist,True,0,1,0.0,1.0,expected_gain_below_threshold,True,False,ParlaMint-GB,parlamint_gb,retrospective_heldout_transfer_working
qwen3:8b,PKT_9c14df18f948eef5,unsupported_evidence,generalist,False,0,1,0.0,1.0,expected_gain_below_threshold,True,False,ParlaMint-GB,parlamint_gb,retrospective_heldout_transfer_working
qwen3:8b,PKT_9c55761fe629b30a,contextual_flattening,generalist,True,0,1,0.0,1.0,expected_gain_below_threshold,True,False,ParlaMint-GB,parlamint_gb,retrospective_heldout_transfer_working
qwen3:8b,PKT_9e546b51837a7075,source_concentration,generalist,False,0,1,0.0,1.0,expected_gain_below_threshold,True,False,ParlaMint-GB,parlamint_gb,retrospective_heldout_transfer_working
qwen3:8b,PKT_9e82b032f9d730d4,unsupported_abstraction,generalist,True,0,1,0.0,1.0,expected_gain_below_threshold,True,False,ParlaMint-GB,parlamint_gb,retrospective_heldout_transfer_working
qwen3:8b,PKT_a24f648aaccbc9ec,contextual_flattening,generalist,True,0,1,0.0,1.0,expected_gain_below_threshold,True,False,ParlaMint-GB,parlamint_gb,retrospective_heldout_transfer_working
qwen3:8b,PKT_a26e152e503c6912,unsupported_abstraction,generalist,True,0,1,0.0,1.0,expected_gain_below_threshold,True,False,ParlaMint-GB,parlamint_gb,retrospective_heldout_transfer_working
qwen3:8b,PKT_a51b0ba677bc501b,unsupported_evidence,generalist,False,0,1,0.0,1.0,expected_gain_below_threshold,True,False,ParlaMint-GB,parlamint_gb,retrospective_heldout_transfer_working
qwen3:8b,PKT_a7bf913224d7801a,contextual_flattening,generalist,True,0,1,0.0,1.0,expected_gain_below_threshold,True,False,ParlaMint-GB,parlamint_gb,retrospective_heldout_transfer_working
qwen3:8b,PKT_a9e57b7d909de12a,source_concentration,generalist,True,0,1,0.0,1.0,expected_gain_below_threshold,True,False,ParlaMint-GB,parlamint_gb,retrospective_heldout_transfer_working
qwen3:8b,PKT_a9fe08c3baf34d88,counterevidence_loss,generalist,True,0,1,0.0,1.0,expected_gain_below_threshold,True,False,ParlaMint-GB,parlamint_gb,retrospective_heldout_transfer_working
qwen3:8b,PKT_aa024c2212674569,counterevidence_loss,generalist,True,0,1,0.0,1.0,expected_gain_below_threshold,True,False,ParlaMint-GB,parlamint_gb,retrospective_heldout_transfer_working
qwen3:8b,PKT_aa80a6cab090e32d,unsupported_evidence,generalist,False,0,1,0.0,1.0,expected_gain_below_threshold,True,False,ParlaMint-GB,parlamint_gb,retrospective_heldout_transfer_working
qwen3:8b,PKT_ae124dc60761429c,unsupported_abstraction,generalist,True,0,1,0.0,1.0,expected_gain_below_threshold,True,False,ParlaMint-GB,parlamint_gb,retrospective_heldout_transfer_working
qwen3:8b,PKT_b3f2e294de8f284b,source_concentration,generalist,True,0,1,0.0,1.0,expected_gain_below_threshold,True,False,ParlaMint-GB,parlamint_gb,retrospective_heldout_transfer_working
qwen3:8b,PKT_b79233f8edeb4670,unsupported_abstraction,generalist,True,0,1,0.0,1.0,expected_gain_below_threshold,True,False,ParlaMint-GB,parlamint_gb,retrospective_heldout_transfer_working
qwen3:8b,PKT_ba0db71a566fd569,counterevidence_loss,generalist,True,0,1,0.0,1.0,expected_gain_below_threshold,True,False,ParlaMint-GB,parlamint_gb,retrospective_heldout_transfer_working
qwen3:8b,PKT_bddaddb9beed7b39,contextual_flattening,generalist,True,0,1,0.0,1.0,expected_gain_below_threshold,True,False,ParlaMint-GB,parlamint_gb,retrospective_heldout_transfer_working
qwen3:8b,PKT_be3fdc9b08b2d979,counterevidence_loss,generalist,True,0,1,0.0,1.0,expected_gain_below_threshold,True,False,ParlaMint-GB,parlamint_gb,retrospective_heldout_transfer_working
qwen3:8b,PKT_c04208715a006ea6,counterevidence_loss,generalist,True,0,1,0.0,1.0,expected_gain_below_threshold,True,False,ParlaMint-GB,parlamint_gb,retrospective_heldout_transfer_working
qwen3:8b,PKT_c37d2bf55ff24ca2,source_concentration,generalist,True,0,1,0.0,1.0,expected_gain_below_threshold,True,False,ParlaMint-GB,parlamint_gb,retrospective_heldout_transfer_working
qwen3:8b,PKT_c416fbd85f10ed29,source_concentration,generalist,False,0,1,0.0,1.0,expected_gain_below_threshold,True,False,ParlaMint-GB,parlamint_gb,retrospective_heldout_transfer_working
qwen3:8b,PKT_c4ab2fd3509fecc3,unsupported_abstraction,generalist,True,0,1,0.0,1.0,expected_gain_below_threshold,True,False,ParlaMint-GB,parlamint_gb,retrospective_heldout_transfer_working
qwen3:8b,PKT_c51c36951ebff42f,unsupported_abstraction,generalist,True,0,1,0.0,1.0,expected_gain_below_threshold,True,False,ParlaMint-GB,parlamint_gb,retrospective_heldout_transfer_working
qwen3:8b,PKT_c693c8bdcbd6be0c,unsupported_evidence,generalist,False,0,1,0.0,1.0,expected_gain_below_threshold,True,False,ParlaMint-GB,parlamint_gb,retrospective_heldout_transfer_working
qwen3:8b,PKT_c6cbd6747eb69f15,contextual_flattening,generalist,True,0,1,0.0,1.0,expected_gain_below_threshold,True,False,ParlaMint-GB,parlamint_gb,retrospective_heldout_transfer_working
qwen3:8b,PKT_c72d033baa5af21e,counterevidence_loss,generalist,True,0,1,0.0,1.0,expected_gain_below_threshold,True,False,ParlaMint-GB,parlamint_gb,retrospective_heldout_transfer_working
qwen3:8b,PKT_c8b7d91a5c053733,unsupported_evidence,generalist,False,0,1,0.0,1.0,expected_gain_below_threshold,True,False,ParlaMint-GB,parlamint_gb,retrospective_heldout_transfer_working
qwen3:8b,PKT_ca50745834bf59a3,source_concentration,generalist,True,0,1,0.0,1.0,expected_gain_below_threshold,True,False,ParlaMint-GB,parlamint_gb,retrospective_heldout_transfer_working
qwen3:8b,PKT_d0ed6c149a38cd2c,source_concentration,generalist,True,0,1,0.0,1.0,expected_gain_below_threshold,True,False,ParlaMint-GB,parlamint_gb,retrospective_heldout_transfer_working
qwen3:8b,PKT_d5c7f8af1084e891,source_concentration,generalist,True,0,1,0.0,1.0,expected_gain_below_threshold,True,False,ParlaMint-GB,parlamint_gb,retrospective_heldout_transfer_working
qwen3:8b,PKT_d8fe2bdddd290a80,unsupported_evidence,generalist,False,0,1,0.0,1.0,expected_gain_below_threshold,True,False,ParlaMint-GB,parlamint_gb,retrospective_heldout_transfer_working
qwen3:8b,PKT_debf81cb6a233604,source_concentration,generalist,True,0,1,0.0,1.0,expected_gain_below_threshold,True,False,ParlaMint-GB,parlamint_gb,retrospective_heldout_transfer_working
qwen3:8b,PKT_df9dfb14244ddc8c,counterevidence_loss,generalist,True,0,1,0.0,1.0,expected_gain_below_threshold,True,False,ParlaMint-GB,parlamint_gb,retrospective_heldout_transfer_working
qwen3:8b,PKT_dfe1762ffe7d9a9f,unsupported_abstraction,generalist,True,0,1,0.0,1.0,expected_gain_below_threshold,True,False,ParlaMint-GB,parlamint_gb,retrospective_heldout_transfer_working
qwen3:8b,PKT_e1da008820ce4fe9,source_concentration,generalist,True,0,1,0.0,1.0,expected_gain_below_threshold,True,False,ParlaMint-GB,parlamint_gb,retrospective_heldout_transfer_working
qwen3:8b,PKT_e24a509532b43014,contextual_flattening,generalist,False,0,1,0.0,1.0,expected_gain_below_threshold,True,False,ParlaMint-GB,parlamint_gb,retrospective_heldout_transfer_working
qwen3:8b,PKT_e5cf5d3d5e3a529f,source_concentration,generalist,True,0,1,0.0,1.0,expected_gain_below_threshold,True,False,ParlaMint-GB,parlamint_gb,retrospective_heldout_transfer_working
qwen3:8b,PKT_e8526068fa985270,source_concentration,generalist,True,0,1,0.0,1.0,expected_gain_below_threshold,True,False,ParlaMint-GB,parlamint_gb,retrospective_heldout_transfer_working
qwen3:8b,PKT_e8aab38c64e9132a,source_concentration,generalist,True,0,1,0.0,1.0,expected_gain_below_threshold,True,False,ParlaMint-GB,parlamint_gb,retrospective_heldout_transfer_working
qwen3:8b,PKT_ea88de90feeb8b4b,contextual_flattening,generalist,True,0,1,0.0,1.0,expected_gain_below_threshold,True,False,ParlaMint-GB,parlamint_gb,retrospective_heldout_transfer_working
qwen3:8b,PKT_eae66bbe9d214a0b,contextual_flattening,generalist,False,0,1,0.0,1.0,expected_gain_below_threshold,True,False,ParlaMint-GB,parlamint_gb,retrospective_heldout_transfer_working
qwen3:8b,PKT_ec4075e8bd31ccfa,unsupported_evidence,generalist,False,0,1,0.0,1.0,expected_gain_below_threshold,True,False,ParlaMint-GB,parlamint_gb,retrospective_heldout_transfer_working
qwen3:8b,PKT_ed9af00a2391a996,counterevidence_loss,generalist,True,0,1,0.0,1.0,expected_gain_below_threshold,True,False,ParlaMint-GB,parlamint_gb,retrospective_heldout_transfer_working
qwen3:8b,PKT_ee79d46afbda8aa2,contextual_flattening,generalist,True,0,1,0.0,1.0,expected_gain_below_threshold,True,False,ParlaMint-GB,parlamint_gb,retrospective_heldout_transfer_working
qwen3:8b,PKT_efe782453ef6e416,contextual_flattening,generalist,False,0,1,0.0,1.0,expected_gain_below_threshold,True,False,ParlaMint-GB,parlamint_gb,retrospective_heldout_transfer_working
qwen3:8b,PKT_f404e11f2481f50d,unsupported_abstraction,generalist,True,0,1,0.0,1.0,expected_gain_below_threshold,True,False,ParlaMint-GB,parlamint_gb,retrospective_heldout_transfer_working
qwen3:8b,PKT_f6b8c9375fbc2618,counterevidence_loss,generalist,True,0,1,0.0,1.0,expected_gain_below_threshold,True,False,ParlaMint-GB,parlamint_gb,retrospective_heldout_transfer_working
qwen3:8b,PKT_f72637e5dacdc153,unsupported_abstraction,generalist,True,0,1,0.0,1.0,expected_gain_below_threshold,True,False,ParlaMint-GB,parlamint_gb,retrospective_heldout_transfer_working
qwen3:8b,PKT_fa4a537276595461,unsupported_abstraction,generalist,True,0,1,0.0,1.0,expected_gain_below_threshold,True,False,ParlaMint-GB,parlamint_gb,retrospective_heldout_transfer_working
qwen3:8b,PKT_fc41c8a388c6d234,contextual_flattening,generalist,True,0,1,0.0,1.0,expected_gain_below_threshold,True,False,ParlaMint-GB,parlamint_gb,retrospective_heldout_transfer_working
