packet_id,run_index,blind_id,analysis_summary,codes,themes,negative_cases,uncertainties,alternative_interpretations,limitations,bundle_file
syn_agyw_01,1,B1,"In these fictional focus-group excerpts, participants describe school and youth health access as shaped by household labor, income replacement, transport and data costs, shared devices, clinic timing, privacy concerns, and peer or family supports. The packet also includes an adult interpretation centered on lost focus and supervision, which is challenged by participant accounts of structural time and resource conflicts.","C01 Income Replacement Burden: School participation is constrained by the need to earn or replace household income.
C02 Care And Domestic Time Conflict: Education or clinic access competes with caregiving, water collection, supper preparation, or other household labor.
C03 Shared Digital Access Constraint: Remote schooling depends on scarce or shared devices, data, or delayed teacher contact.
C04 Privacy-Sensitive Health Access: Access to youth health information or services is shaped by privacy, neighbor visibility, or confidential timing.
C05 Proximity Does Not Equal Access: A nearby or reopened institution remains difficult to use because timing, duties, or costs conflict with attendance.
C06 Peer Or Family Resource: Peers or relatives provide notes, devices, data, money, information, or collaborative learning support.
C07 Motivation Framing Challenged: An account frames disruption as lost focus or supervision, and participant evidence redirects explanation toward constraints.","T01 Access Barriers Are Practical Rather Than Merely Motivational: Across these excerpts, disruptions to schooling and clinic use are repeatedly described through money, time, care, and service-timing constraints rather than lack of interest alone.
T02 Support Works Through Specific Access Channels: Supports are described as effective when they address a concrete bottleneck such as notes, devices, data, fare, privacy, or information routing.
T03 Uneven Continuity Is Explicitly Preserved: The packet includes a minority account of near-normal schooling, but that account itself marks continuity as unevenly distributed.","AG_E04: This is a contrasting adult interpretation that could overemphasize motivation if read without participant rebuttals.
AG_E10: Not every excerpt describes severe disruption; some support enabled continuity.
AG_E12: The moderator's question preserves uncertainty about whether time conflict or interest is being described.","The packet includes translated excerpts, so analysis should not infer nuance beyond the supplied English text.
Some supports are described in one sentence, limiting certainty about duration or reliability.
The adult account may reflect a viewpoint in the group, but the packet does not establish how widely it was held.","AG_E04 could be analyzed as community concern rather than blame, though the supervision solution contrasts with participant constraints.
AG_E06 could be primarily a household accountability issue rather than clinic access; the clinic-hours conflict supports both readings.
AG_E10 may represent exceptional support or simply a different household situation, but the speaker directly says friends did not share it.","The excerpts are fictional and cannot support claims about real AGYW experiences.
Speaker IDs are stable only within source groups, so cross-group identity continuity cannot be inferred.
The analysis does not use any outside public-emergency facts or prevalence assumptions.",syn_agyw_01_run1.json
syn_agyw_01,1,B2,"In these fictional focus-group excerpts, participants describe schooling and youth health access as disrupted mainly by income loss, transport and device constraints, domestic labor, and privacy risks. Support appears through peers, relatives, and service adaptations, but the packet also preserves contestation over whether disruption should be understood as lost motivation or as constrained choices.","C01 Schooling versus income tradeoff: Continuing or returning to school is described as competing with earning or replacing household income.
C02 Infrastructure access constraint: Transport, device sharing, connectivity, or service logistics block or delay access.
C03 Care and domestic time conflict: Care work or household duties compete with school or clinic access.
C04 Motivation frame contested: A participant or other speaker frames disruption as lost focus or motivation, and that framing is challenged or clarified.
C05 Privacy and social surveillance concern: Seeking health information is shaped by fear of being seen, overheard, or reported.
C06 Peer or family workaround support: Peers, friends, or relatives provide alternate means to continue learning or seek information.
C07 Service adaptation increases reach: A provider changes timing or conditions in a way that makes access more possible.","T01 Participants frame disruption as constrained choices, not simple disinterest: In these excerpts, participants largely describe school and service disruption as the product of constrained choices around money, time, and responsibilities rather than a lack of motivation.
T02 Support is patchy, interpersonal, and unequal: Support for continued schooling and information access appears as patchwork help from peers, relatives, and occasional providers, with unequal reach across participants.
T03 Health information access depends on privacy and timing as much as proximity: For youth health information in these excerpts, access is shaped not just by whether a clinic exists nearby but by privacy conditions and whether service hours collide with domestic obligations.
T04 The group interaction preserves disagreement over how to interpret disruption: The packet does not present a single agreed explanation for disruption; instead, it stages disagreement between a moralized focus narrative and participant accounts of structural constraint.","AG_E10: Complicates any claim that disruption was universal across the packet.
AG_E04: Provides a competing interpretation centered on supervision and motivation.
AG_E07: Shows that service adaptation can reverse avoidance rather than access being fixedly blocked.","AG_E04 is a community adult account, and the packet does not indicate how widely that view is shared within the group.
AG_E10 may reflect exceptional household resources, but the excerpt does not specify whether those resources were stable over time.
Some excerpts concern schooling, others health information, and the overlap between these domains is partial rather than complete.","AG_E08 could be read as prioritizing trusted peer communication, not only avoiding surveillance.
AG_E11's phrase about a narrowed path might also signal emotional compression, though the moderator steers interpretation toward time conflict.
AG_E02 may reflect intermittent attendance strategy rather than straightforward exclusion from school.","Speaker IDs are stable only within each focus group, limiting cross-group person-level interpretation.
Several excerpts are translated, so fine-grained wording choices may reflect translation decisions.
The fictional packet offers brief turns rather than extended narratives, which constrains depth of coding.",syn_agyw_01_run1.json
syn_agyw_01,1,B3,"Participants describe schooling and health-information access as constrained by income needs, transport and data costs, shared devices, care and household duties, conflicting schedules, and anticipated observation. Supports are concrete and uneven: friends share notes, peers provide information, a nurse adjusts appointment conditions, and one aunt supplies a tablet and data. The exchange also contests an adult framing of disrupted schooling as lost focus, replacing it in one participant's account with care, money, and time constraints.","C01 Household duty and income tradeoff: Schooling or service access competes with paid work, caregiving, water collection, food preparation, or other household obligations.
C02 Cost and transport barrier: Money required for transport or attendance limits participation.
C03 Constrained digital access: Shared devices, device availability, data, or delayed teacher access affects remote schooling.
C04 Peer or relational workaround: A friend, peer educator, or small group provides notes, information, or collaborative reconstruction when formal access is incomplete or risky.
C05 Privacy-conditioned health access: Willingness or ability to seek youth health information depends on being unseen or unheard by neighbors or family.
C06 Competing explanation of disengagement: A speaker attributes disrupted participation to lost focus or supervision, or explicitly challenges that account with structural constraints.
C07 Schedule collision: School, clinic, work, or home activities demand the same limited time.","T01 Access depends on resources and compatible time: In these groups, reopening or nearby provision does not by itself secure participation when money, devices, duties, and schedules remain constrained.
T02 Relational supports bridge gaps and privacy risks: Friends, peer educators, collaborative study, and tailored clinical privacy create alternate routes to schooling or health information when standard routes are incomplete or socially risky.
T03 Structural accounts contest a focus narrative: Within one exchange and related clarifications, a supervision-and-focus explanation is challenged by accounts of care, transport money, and conflicts in time.","AG_E10: Material support enabled continuity and prevents treating disruption as uniform.
AG_E04: This adult account preserves a competing causal interpretation rather than a consensus structural account.
AG_E12: The wording is a moderator check, so it cannot be counted as an additional participant claim.","Translated excerpts may compress meanings not available in the English text.
The moderator question does not provide the participant's subsequent confirmation or correction.","Peer workarounds may reflect community resourcefulness while also signaling incomplete formal provision.
The adult's supervision proposal could be intended as concern, although the participant states why it would not solve her constraints.","Speaker IDs are stable only within each focus group, limiting cross-group identity inference.
The short excerpts do not show long-term attendance, service outcomes, or information quality.",syn_agyw_01_run1.json
syn_agyw_01,1,B4,"These fictional focus-group turns describe school and information access as shaped by income, transport, shared devices, care duties, service timing, and privacy concerns. Participants also name peer, family, and provider supports, while one adult explanation is directly contested and one participant reports continuity enabled by family resources.","C01 Income-linked schooling tradeoff: School participation is explicitly weighed against income or transport cost.
C02 Shared or limited learning access: Access to lessons is constrained by a shared device, delayed interaction, or incomplete materials.
C03 Care and duty time conflict: Household care or duties occupy the same time as school or clinic access.
C04 Privacy-sensitive information seeking: Fear of being seen or a private service arrangement shapes health-information access.
C05 Peer or provider workaround: Peers or a provider offer a concrete workaround to a stated access problem.
C06 Contested explanation of disruption: A participant contests an account that frames disrupted participation as lack of focus or interest.
C07 Family-enabled continuity: A family member supplies technology or data that permits continuing schooling.","T01 Access is constrained by resources and overlapping obligations: In these excerpts, schooling and clinic access are described as contingent on income, transport, device availability, and time claimed by household duties.
T02 Tailored privacy and peer arrangements open alternate routes: Some participants describe peer and provider arrangements as making information or learning access more feasible when ordinary routes are blocked or risky.
T03 An account of lost focus is disputed by an account of constraints: Within one group, an adult's explanation centered on supervision is directly challenged by a participant who names care, transport, and household constraints.","AG_E10: Disruption was not described uniformly across these participants.
AG_E04: An explanation centered on supervision is present and contested rather than omitted.","The packet does not show outcomes after the described workarounds.
Translated wording may compress distinctions in AG_E03 and AG_E11.","Peer arrangements may be social support as well as practical access routes.
The adult's statement may describe a perception rather than a complete causal account.","Speaker identities are stable only within groups.
Short turns cannot establish frequency or duration of disruptions.",syn_agyw_01_run1.json
syn_agyw_01,1,B5,"Participants describe schooling and health-information access as constrained by income, transport, shared devices, care work, time conflicts, and privacy risks. Peer collaboration, material support, and confidential services expand access. An adult supervision account is explicitly challenged by a participant's situated explanation.","C01 Income and fare constraint: Money or income conditions that interrupt schooling access.
C02 Care and household labor: Paid or unpaid household duties competing with schooling or services.
C03 Device and connectivity limitation: Shared or insufficient digital access delaying lessons or information.
C04 Time-access conflict: Service or school schedules colliding with required activities.
C05 Privacy and confidentiality: Concern about being observed or a confidential interaction enabling information seeking.
C06 Peer or material support: Peers, relatives, or community resources that compensate for disrupted access.
C07 Interpretive contestation: A participant's account reframing a deficit explanation through situated constraints.","T01 Access is structured by competing resources and duties: In these groups, schooling and clinic access are shaped by money, devices, care work, and schedule conflicts rather than motivation alone.
T02 Trust and support reopen pathways: In these excerpts, privacy, peer support, and targeted material help make participation or information seeking more feasible.","AG_E10: Preserves a supported near-normal schooling case alongside peers' disruption.
AG_E04: Shows an alternative adult interpretation that is later contested.
AG_E12: Moderator clarification keeps interpretation open.","The packet does not specify the duration of the emergency or exact attendance outcomes.
The adult account and participant rebuttal provide situated perspectives rather than adjudicated facts.","Peer support may provide emotional solidarity as well as academic recovery.
Privacy concerns may reflect anticipated family response, neighborhood observation, or both.","Speaker IDs are only within focus groups.
Translated lines may carry wording choices not assessable here.",syn_agyw_01_run1.json
syn_agyw_01,2,B1,"Participants describe schooling and health-information access as shaped by income replacement, transport costs, shared technology, care and household schedules, and privacy concerns. Family resources, peers, and a flexible nurse sometimes preserve access, while the paired adult-participant exchange contests a motivation-based explanation with concrete constraints.","C01 Income-school tradeoff: School participation conflicts with work or household income needs.
C02 Cost and device barrier: Transport costs, device sharing, or data availability restrict schooling.
C03 Competing care and household time: Care, water, food preparation, school, or clinic demands occupy the same limited hours.
C04 Privacy-sensitive access: Expected observation or disclosure affects willingness or ability to seek health information.
C05 Adaptive support: A person or peer arrangement supplies practical, educational, or confidential access.
C06 Constraint reframes motivation: An interaction contrasts a focus or interest explanation with structural or scheduling constraints.","T01 Access depends on resources and synchronized time: In these groups, formal reopening or nearby services do not ensure access when income, fares, devices, care duties, and service hours conflict.
T02 Relational supports reroute incomplete access: Peers, relatives, and a nurse create alternative routes to lessons or health information, but these supports vary in completeness and privacy.","AG_E10: Substantial family resources enabled continuity, limiting any claim of uniform school disruption.
AG_E04: This adult account offers a focus-and-supervision explanation that is explicitly contested by the next participant.
AG_E12: Because this is a moderator check, it cannot be treated as a participant-endorsed conclusion without a subsequent answer.","Translated lines may compress distinctions present in an unspecified source language.
The packet does not show whether peer-provided health information was accurate or sufficient.","Copying and pooling notes may represent social support, an improvised educational system, or both.
The adult's supervision proposal may reflect concern rather than blame, but the adjacent participant rejects its adequacy.","Speaker identifiers are stable only within each focus group, limiting cross-group person-level interpretation.
The small fictional excerpt set cannot support prevalence claims about youth experiences.",syn_agyw_01_run2.json
syn_agyw_01,2,B2,"In these excerpts, disruptions to schooling and youth health information are described less as lack of interest than as conflicts among income needs, care duties, transport costs, device access, and concerns about visibility at home or in the community. Supports are practical and relational, such as peers, private appointments, or relatives with devices, but the packet also preserves a minority account of near-normal continuity and an adult interpretation that participants explicitly contest.","C01 Economic tradeoff against schooling: School attendance or return is constrained by income needs or direct education costs.
C02 Shared or unavailable access technology: Learning is disrupted because lessons depend on devices or connectivity not fully under the participant's control.
C03 Care and domestic duty conflict: Schooling or clinic access is constrained by caregiving or household labor that occupies the same time.
C04 Interest-deficit account contested: A participant or adult frames disruption as lost focus or motivation, and that framing is challenged or narrowed.
C05 Privacy-sensitive access choice: Access to health information depends on whether a setting protects privacy from family or neighbors.
C06 Peer or tailored support as workaround: Participants describe support arrangements that reconstruct access despite disruption.
C07 Competing time windows narrow choice: Multiple obligations demand the same hours, shrinking the participant's practical options.","T01 Participants frame disruption as structural tradeoff rather than simple lost motivation: In these excerpts, disrupted schooling is mainly described as the result of income needs, costs, caregiving, and scheduling conflicts, and an adult 'lost focus' interpretation is directly challenged.
T02 Access depends on whether support arrangements fit the participant's local constraints: In these excerpts, support is effective when it is tailored to the participant's practical situation, such as shared note reconstruction, confidential appointments, or device lending.
T03 Visibility and timing shape whether youth health information feels reachable: In these excerpts, youth health information is not only about physical availability; it is shaped by whether services can be used privately and at times that do not conflict with household duties.","AG_E10: Counters any claim that emergency conditions uniformly disrupted schooling in the packet.
AG_E04: Preserves a competing explanation that participants later contest rather than erasing disagreement.","The translated excerpts may compress meanings that were fuller in the original language.
The packet does not show whether peer or nurse supports were sustained over time.
The adult speaker's view may or may not reflect wider community sentiment beyond that one turn.","AG_E08 could be read as strategic channel selection rather than primarily privacy avoidance, though the visibility concern is explicit.
AG_E10 may represent household advantage, but the packet does not justify inferring socioeconomic status beyond the described support.
AG_E06 might reflect household surveillance as well as time conflict, though the excerpt most clearly states duty timing and resulting questions at home.","These are short fictional focus-group turns with limited sequential follow-up.
Speaker IDs are stable only within source groups, so cross-group trajectories cannot be traced.
The packet supports bounded claims about described disruptions and supports, not population-level conclusions.",syn_agyw_01_run2.json
syn_agyw_01,2,B3,"Participants describe access as shaped by competing duties, transport, shared technology, timing, privacy, and peer or family support; one account reports near-normal continuity.","C01 Competing duties: Work or care conflicts with school or clinic access.
C02 Transport cost: Fare or transport limits attendance.
C03 Device and timing limits: Shared devices or service hours delay learning or communication.
C04 Privacy concern: Observation or reporting fear shapes health-information seeking.
C05 Support and contestation: Peers, relatives, staff, or participants' reframing alter access or interpretation.","T01 Competing access demands: Access is constrained when duties, fare, devices, and service hours compete.
T02 Support makes access usable: Privacy-preserving services and collective or family resources can restore partial access.","AG_E10: Continuity contrasts with disruption.
AG_E12: Clarification, not direct participant outcome.",Translated wording may omit context.,Adult supervision framing may be incomplete rather than malicious.,No prevalence or duration is established.,syn_agyw_01_run2.json
syn_agyw_01,2,B4,"In these fictional focus-group excerpts, schooling and youth health information are shaped by practical constraints: income replacement, transport costs, shared devices, domestic duties, service hours, and privacy concerns. Supports include friends sharing notes, a borrowed tablet and data, peer education, and a quiet appointment. One adult account frames disruption as lost focus, but participant replies reframe it as constrained choice and competing obligations.","C01 Income and transport barriers: Money or transport costs interrupt school attendance or return.
C02 Shared technology limits: Remote learning depends on scarce or shared devices, data, or teacher availability.
C03 Care and domestic time conflict: Household duties or caregiving compete with schooling or clinic access.
C04 Privacy and reputational risk: Concern about being seen or overheard affects willingness or ability to seek youth health information.
C05 Peer or family support: Friends, relatives, peer educators, or small groups provide practical access to schooling or information.
C06 Interest-blame framing challenged: A disruption is framed as lack of focus or interest and then questioned, clarified, or countered by structural explanations.","T01 Disruption is practical and simultaneous: Participants describe schooling and clinic access as constrained by practical obligations that occur at the same time, not simply by motivation.
T02 Access depends on privacy and available intermediaries: Health information and schooling support become reachable when privacy is protected or when peers and family help bridge resource gaps.","AG_E04: An adult account attributes disruption to focus, which must be preserved as a competing framing even though participants challenge it.
AG_E10: The packet contains a case of relative continuity, limiting claims that all excerpts show severe school disruption.","The excerpts do not show whether participants ultimately returned to school or maintained clinic contact.
Translated metaphors such as path became narrow are interpreted only through the provided clarification.","AG_E04 could represent concern expressed in limited terms rather than blame alone.
AG_E12 is a moderator clarification, so it may support analytic interpretation without adding participant experience.","The packet is fictional and not a basis for demographic claims.
Speaker IDs are stable only within source groups.
The analysis cannot estimate how common each barrier is.",syn_agyw_01_run2.json
syn_agyw_01,2,B5,"Participants describe schooling and service access as shaped by money, shared technology, care duties, timing, and privacy. Their accounts also show peer and family support, while an adult explanation is directly contested and one participant reports comparatively uninterrupted schooling.","C01 Income and fare constraint: School participation is linked to household income needs or unaffordable transport.
C02 Shared access delay: Access to lessons is delayed or incomplete because a device or materials are shared.
C03 Competing care and domestic time: Care or household duties conflict with school or clinic timing.
C04 Privacy-sensitive information seeking: Concern about being seen or heard shapes seeking clinic information.
C05 Peer or family support: Peers or relatives provide materials, access, or collaborative learning support.
C06 Contested explanation: An explanation that frames disruption as lack of focus is offered or countered with material and care constraints.","T01 Access is constrained by timing and resources: In these focus-group excerpts, school and clinic access are described as difficult when money, shared devices, and care duties compete with participation.
T02 Support and privacy reshape routes to information: In these excerpts, peer, family, and clinic arrangements create alternative routes to learning or health information when ordinary access is difficult.","AG_E10: The speaker explicitly marks continued schooling as non-uniform.
AG_E04: This proposed explanation is present but is contested in the next participant turn.",Translated wording may not retain every nuance of the original turns.,Peer support may be a partial workaround rather than evidence that formal access became adequate.,"Speaker identities are stable only within groups, and brief excerpts cannot establish changes over the full emergency.",syn_agyw_01_run2.json
syn_agyw_01,3,B1,"Participants describe schooling and health-information access as shaped by competing household work, money, shared technology, timing, and visibility concerns. Peer and tailored supports create partial routes through these constraints, while an adult account is directly challenged by a participant.","C01 Income-school tradeoff: School participation described as competing with needed household income.
C02 Resource-limited attendance: Transport, device, data, or lesson access limits participation.
C03 Competing care and household time: Care or domestic duties conflict with school or clinic time.
C04 Privacy-sensitive information seeking: Concern about being observed shapes how health information is sought.
C05 Peer-enabled workaround: Peers jointly provide information, notes, or access alternatives.
C06 Tailored confidential service: A service adjustment enables use by addressing privacy or queue conditions.
C07 Contested explanation: One speaker's account of a disruption is rebutted with a materially grounded account.","T01 Access is organized by resource and time constraints: In these excerpts, schooling and clinic access are described as contingent on money, shared technology, transport, and competing household time.
T02 Support works through specific alternative channels: Peer collaboration and confidential service arrangements are described as enabling partial access when ordinary routes are constrained.
T03 Interaction contests an interest-based explanation: Within one group exchange, a participant counters an adult's focus-and-supervision explanation by naming care and transport constraints.","AG_E10: Disruption was not described uniformly across speakers.
AG_E04: An adult account differs from the participant's material-constraint account.","Translated wording may not preserve every nuance.
The moderator's clarification does not confirm a participant's intended meaning beyond the preceding response.",Peer support may be a supplement rather than a substitute for formal access.,"The packet is fictional and contains brief turns.
Speaker IDs are stable only within groups.",syn_agyw_01_run3.json
syn_agyw_01,3,B2,"Participants describe schooling and health-information access as constrained by income needs, transport costs, shared technology, care and household duties, overlapping schedules, and privacy concerns. Supports include friends, family-provided technology, peer educators, and confidential clinic arrangements. One adult's motivation-and-supervision framing is directly contested by a participant's material and care account.","C01 Household labor-income tradeoff: School participation competes with paid work, care, or household duties.
C02 Cost and transport barrier: Transport expense limits school or service access.
C03 Unequal technology access: Device sharing, device availability, or data access changes continuity of remote schooling.
C04 Privacy and observation barrier: Anticipated visibility to neighbors or household members shapes willingness to seek health information.
C05 Adaptive interpersonal support: Peers, friends, family, or providers supply information, notes, technology, privacy, or flexible access.
C06 Competing explanation challenged: A motivation or supervision account is presented, questioned, or rebutted by an account of structural constraints.","T01 Availability does not equal usable access: In these excerpts, reopened schools, remote lessons, and nearby clinics remain difficult to use when costs, devices, duties, schedules, or anticipated observation constrain participation.
T02 Relational supports reroute access: Participants describe people and small peer arrangements as rerouting access around missing notes, privacy concerns, and technology shortages, but these supports vary in completeness.","AG_E04: This provides an alternative adult explanation that must remain visible even though the following participant rebuts its adequacy.
AG_E10: This contrasts with disrupted access and shows that support configurations differ.
AG_E12: This is a moderator clarification, not independent evidence that the interpretation is correct.","Translated wording may not preserve every nuance of the original expressions.
The packet does not show whether supports persisted throughout the emergency.
The moderator's question suggests but does not confirm an interpretation.","Copying notes may be both a support and evidence of reduced instructional interaction.
Avoiding the clinic could reflect broader household conflict as well as concern about confidentiality.","Speaker identifiers are stable only within source groups.
The focus-group format may shape what participants disclose or contest.
No inference about all young people or gender groups is supported.",syn_agyw_01_run3.json
syn_agyw_01,3,B3,"Access is shaped by work, care, fare, devices, timing, privacy, and social surveillance. Peer, family, and service supports help, but participants contest adult explanations and report divergent experiences.","C01 work-care tradeoff: Work or caregiving competes with school or service access.
C02 material access barrier: Fare, device, or data limits participation.
C03 time mismatch: Lesson or service timing conflicts with duties or response availability.
C04 privacy concern: Being seen, reported, or overheard affects seeking information.
C05 relational support: Peers, relatives, educators, or providers provide practical or privacy support.
C06 framing contestation: Participant account challenges or qualifies another framing.","T01 Competing access resources: Participation depends on aligning money, devices, care, transport, and time.
T02 Privacy and interpretation: Privacy supports and trusted intermediaries enable information access, while adult framings may obscure participant constraints.","AG_E10: Shows sustained access.
AG_E04: Preserves an alternative adult account.","Translated turns may omit nuance.
Duration and outcomes are unspecified.","Supervision may reflect a genuine observation.
Near-normal schooling may hide disruptions.","Fictional focus groups.
No prevalence inference.",syn_agyw_01_run3.json
syn_agyw_01,3,B4,"Participants describe schooling and youth health access as shaped by money, time, shared devices, household labor, privacy, and transport. The packet contrasts adult interpretations of lost focus with participant accounts of constrained choices, and it includes supports such as peers, a quiet appointment, and family-funded technology that make access possible for some participants.","C01 Income and fee barriers: Schooling or attendance is constrained by household income needs, transport fare, or paid data access.
C02 Household duty time conflict: Schooling or clinic use conflicts with caregiving, water collection, supper preparation, or home work.
C03 Technology access gap: Remote learning access depends on availability of a device, data, or timing of teacher response.
C04 Privacy-sensitive health seeking: Access to health information depends on avoiding unwanted visibility, judgment, or family reporting.
C05 Peer or relational workaround: Peers, friends, family members, or educators provide a workaround for missing lessons or health information.
C06 Misattributed motivation: A participant or adult frames disruption as focus or interest, and another account challenges that framing with material or time constraints.
C07 Narrowed choices: Public-emergency disruptions are described as reducing available options across school, work, home, and clinic demands.","T01 Attendance depends on replaceable resources: In these excerpts, returning to or continuing school depends on money, transport, device access, data, and household labor arrangements.
T02 Privacy makes nearby health information unevenly reachable: Clinic or health information access is shaped not only by location but also by timing, household scrutiny, and visibility to neighbors.
T03 Participants contest focus-based explanations: The packet preserves a disagreement between adult focus/supervision explanations and participant accounts of constrained time, care, transport, and income.","AG_E10: The analysis must preserve that one participant had technology and data support enabling continuity.
AG_E04: The packet includes an adult explanation that differs from participant accounts.
AG_E12: The moderator turn cautions against reading narrowed choices as low motivation.","Translated excerpts may compress meaning, so analysis should not over-interpret metaphor beyond the provided clarification.
The packet does not indicate whether speakers represent the same school or clinic system.","AG_E06 can be read as a service-design problem as much as a household duty conflict.
AG_E09 might be coded as educational resilience, but that wording could overstate outcome because the excerpt says they reconstructed much, not all, of the week.","The fictional packet cannot support prevalence or causal claims beyond these excerpts.
Speaker IDs are stable only within source groups, so cross-group identity inference is inappropriate.
The analysis does not infer age, health behavior, or family dynamics beyond the text.",syn_agyw_01_run3.json
syn_agyw_01,3,B5,"In these fictional focus-group excerpts, disruptions to schooling and health-information access are usually described as structural conflicts over money, time, devices, care duties, and social visibility rather than lack of interest. Support appears through peers, relatives, and privacy-sensitive service adjustments, but participants also note that such help is uneven across groups.","C01 Schooling constrained by household economics: Attendance or return to school is shaped by income needs, rising costs, or inability to pay for transport.
C02 Resource bottlenecks for remote learning: Learning access is limited by shared devices, connectivity, or delayed contact with teachers.
C03 Countering blame with structural accounts: A participant rejects an interpretation that frames disruption as poor motivation or discipline and replaces it with a resource or care-based explanation.
C04 Time conflict across obligations: Schooling or clinic access is limited because domestic work, care work, and services demand the same hours.
C05 Privacy and surveillance shape access: Willingness to seek health information depends on whether others can observe or report the visit.
C06 Peer or kin workaround support: Participants describe reconstructing access through friends, peers, relatives, or staff accommodations when standard routes are hard to use.
C07 Uneven continuity of support: An excerpt marks that access continued relatively well for one participant while not being widely shared.","T01 Participants frame disruption as structural, not motivational: In these excerpts, interruptions to schooling are usually explained through money, care work, transport, and access bottlenecks rather than through lack of motivation.
T02 Access depends on schedule and social visibility: In these excerpts, nearby services or known information sources can still be hard to use when time conflicts and fear of being observed make access costly.
T03 Workarounds exist but are unevenly distributed: These excerpts show that peers, relatives, and responsive staff can preserve access, but such support is patchy and does not erase the underlying inequality of resources.","AG_E10: Not every participant describes severe disruption; some had support strong enough to preserve continuity.
AG_E04: The packet contains a competing explanation that participants explicitly dispute, so themes should preserve that disagreement.","AG_E12 is a moderator clarification rather than a participant claim, so its coding is limited to the interactional framing of time conflict.
AG_E07 may indicate trust in one specific nurse, a broader confidentiality issue, or both; the excerpt cannot fully separate them.","AG_E08 could be read as primarily a privacy concern or as a more general strategy of preferring peer-based information over formal services.
AG_E01 may reflect temporary emergency labor substitution, but the excerpt does not show whether return to school remained possible later.","The packet is composed of short turns from multiple fictional groups, so longitudinal outcomes and within-group dynamics remain thin.
Translation markers appear in some excerpts, and nuanced wording choices may reflect the translated form rather than the speaker's exact phrasing.",syn_agyw_01_run3.json
syn_candor_01,1,B1,"In these fictional dyadic conversations, disclosure is negotiated through invitations to elaborate, clarification of misunderstood signals, requests for listening rather than advice, and explicit boundary statements. Support is interactional: partners move toward understanding when they ask what would feel safe, recognize unintended meanings, or accept a plain preference; friction appears when advice arrives before the discloser's requested mode of support is established.","C01 Vulnerable Disclosure: A speaker reveals uncertainty, fear, ambivalence, or a potentially sensitive preference.
C02 Open Supportive Inquiry: A partner responds by asking questions that invite elaboration or identify what support would feel safe.
C03 Premature Problem-Solving: A partner offers specific action steps before the discloser has requested advice or planning.
C04 Mode-Of-Support Boundary: A speaker specifies the kind, timing, or limit of support they want.
C05 Misread Signal Clarified: A turn identifies a prior cue or silence as having been interpreted differently than intended.
C06 Plain Preference Articulation: A speaker turns an indirect or uncertain disclosure into a direct statement of want or condition.
C07 Understanding Reframes Prior Cue: New information changes the meaning of a previous action, question, or silence for the speaker.","T01 Support Is Negotiated By Asking Before Evaluating: In these excerpts, supportive responses work best when they invite the discloser to define safety or difficulty before offering evaluation or advice.
T02 Clarifying Ambiguous Cues Prevents Guesswork: Disclosure deepens when speakers surface how laughter or silence was interpreted and replace guessing with direct explanation.
T03 Boundaries Preserve Connection Rather Than Ending It: Several boundary statements are framed as ways to continue connection with clearer terms, not as withdrawal from the relationship.","CA_E05: A concrete help offer can miss the requested mode of support when it arrives before listening.
CA_E08: A partner's interpretation may be plausible but still inaccurate without clarification.
CA_E11: Silence is not necessarily disapproval, so the analysis should preserve alternative meanings of cues.","The packet gives only three turns per conversation, so later outcomes of the support negotiations are unknown.
Some partner responses may be intended as caring even when they are redirected by the discloser.
The analysis cannot determine whether stated future changes occur.","CA_E05 could be read as practical support rather than misattunement, but CA_E04 and CA_E06 bound the immediate need as listening before planning.
CA_E03 might be about self-confidence rather than support negotiation, though the contrast with being told it is good makes interactional support central.
CA_E12 could be interpreted as requesting reassurance, but the exact request is for signaling that the partner is thinking.","The conversations are fictional and cannot support claims about real dyads.
No diagnoses or stable personality traits are inferred from the turns.
The analysis is limited to manifest and locally warranted interactional meanings in the supplied text.",syn_candor_01_run1.json
syn_candor_01,1,B2,"Across four brief conversations, support and understanding are negotiated through questions, explicit correction of mismatched help, clarification of ambiguous laughter or silence, and concrete requests for future communication. Disclosure becomes more workable when the recipient or discloser names what kind of response is wanted. The conversations show local repair within three turns, but not longer-term outcomes or stable qualities of either partner.","C01 Vulnerable or uncertain disclosure: A speaker reveals fear, indecision, reluctance, or a potentially misread response.
C02 Exploratory listening invitation: A partner asks an open question that invites the discloser to elaborate meaning, motivation, or safe next steps.
C03 Premature solution offering: A partner responds to a request for expression with concrete action advice before confirming that advice is wanted.
C04 Support preference or boundary stated: A speaker explicitly states the response, degree of participation, or boundary they want.
C05 Ambiguous cue interpreted: Laughter or silence is assigned a meaning by the other partner, with that interpretation made explicit.
C06 Meaning clarification and repair: A speaker explains an earlier cue or utterance, or explicitly reports that the explanation changes understanding.
C07 Calibrated next step: The conversation yields a concrete, bounded next action aligned with the discloser's stated comfort or the partners' clarified understanding.","T01 Support is negotiated by naming the needed response: In these conversations, disclosers move interactions toward usable support by specifying whether they want inquiry, listening, a safe sharing step, or a bounded alternative.
T02 Explicit clarification repairs ambiguous cues: Laughter and silence are initially interpreted as approval or judgment, but direct explanations revise those meanings and generate clearer future communication or boundaries.","CA_E03: Positive evaluation is not assumed to be the preferred form of support in this disclosure.
CA_E06: The speaker does not reject advice categorically; the boundary concerns timing and current support needs.
CA_E09: Refusing the long drive is not equivalent to rejecting connection with the partner.","The three-turn sequences do not show whether repaired understanding persists.
Tone, pauses, and other nonverbal features are unavailable beyond what speakers describe.","The resume advice may be intended as practical care even though it mismatches the disclosed request in sequence.
Laughter may simultaneously manage discomfort and evoke a crowded memory; the text supports both without fixing one motive.","The packet contains short fictional dyads and cannot support diagnosis or stable personality judgments.
Claims concern local conversational processes, not relationship quality outside the shown turns.",syn_candor_01_run1.json
syn_candor_01,1,B3,"These fictional conversations show speakers specifying what kind of response they can use, including exploratory questions, listening, direct preference statements, and explanations for silence or laughter. Misread cues are repaired when a speaker clarifies meaning and a partner states a concrete future communication preference; unsolicited advice is redirected rather than treated as settled support.","C01 Vulnerable disclosure: A speaker states uncertainty, fear, or a concern before seeking a response.
C02 Exploratory invitation: A partner asks an open question that invites the speaker to set meaning or a safe next step.
C03 Directive problem-solving: A partner proposes concrete actions before the speaker has requested planning.
C04 Response preference or boundary: A speaker specifies the type of listening, sharing, or activity they want or do not want.
C05 Cue misinterpretation: A speaker reports assigning an unintended meaning to laughter, silence, or a question.
C06 Meaning clarification: A speaker explains intent or the meaning of an earlier cue.
C07 Adjusted next interaction: A speaker describes a concrete change to future sharing or communication after clarification.","T01 Support is negotiated by naming the needed response: In these conversations, disclosures are followed by more workable sharing when a partner asks exploratory questions or the speaker specifies a preference for listening, limited sharing, or a boundary.
T02 Clarifying ambiguous cues supports more direct boundaries: In the third and fourth conversations, mistaken readings of laughter or silence are addressed through explanation and followed by direct statements of preference or a future signal.
T03 Advice can be redirected when reflection is sought first: In the job conversation, immediate practical advice is not rejected outright but is repositioned as potentially useful later while the speaker requests listening now.","CA_E05: Not every supportive response begins with exploratory listening.
CA_E03: A limited disclosure can become more open after a preferred response.","The speakers' internal states beyond their stated words are unknown.
The short sequences do not show whether changes persist.","The advice in CA_E05 may be intended as care despite mismatched timing.
The silence in CA_E10 may have had multiple possible meanings before clarification.","The packet provides only dyadic three-turn segments.
No stable traits or relationship histories can be inferred.",syn_candor_01_run1.json
syn_candor_01,1,B4,"In these fictional dyadic conversations, support is negotiated through response format as much as content: curious questions and listening invitations are treated differently from advice, guesses, silence, or indirect signals. Understanding improves when partners clarify intent and state boundaries plainly, often preserving connection by specifying what kind of sharing or togetherness is workable.","C01 Vulnerable disclosure: A speaker reveals fear, uncertainty, or concern in a way that invites response.
C02 Curious exploratory support: The listener responds with questions that help the speaker elaborate without taking over.
C03 Premature advice: The listener offers solutions before matching the kind of support the speaker requested.
C04 Support preference or boundary request: A speaker specifies what kind of response they want or do not want in the moment.
C05 Signal misread and clarified: One partner explains that a laugh, silence, or wording was interpreted differently than intended.
C06 Plain boundary statement: A speaker clearly states a limit or preference after earlier ambiguity.
C07 Meta-communication for future repair: Partners propose a communication practice that could prevent similar misunderstanding next time.","T01 Support depends on matching the response format to the disclosure: In these conversations, support is negotiated through whether the listener responds in the form the speaker can use at that moment, such as questions or listening instead of evaluation or immediate advice.
T02 Understanding improves when ambiguous cues are translated into explicit meaning: These partners repair misunderstanding by naming what a laugh or silence was taken to mean and then replacing that guess with a direct explanation.
T03 Boundaries preserve connection by narrowing what is workable: In these conversations, boundaries do not simply shut interaction down; they often keep connection possible by specifying what can be shared, asked, or done right now.","CA_E05: Complicates any claim that partners automatically match the form of support requested during disclosure.
CA_E07: Shows that speakers may initially avoid direct boundary-setting, allowing misunderstanding to grow.
CA_E01: Indicates that vulnerability can begin with withholding, not only with immediate open sharing.","CA_E05 may be experienced as caring by the adviser, but the packet gives only the subsequent speaker's redirection as uptake evidence.
The conversations are short, so it is uncertain how durable the repairs in CA_E09 or CA_E12 would be over time.
CA_E03's preference for a question over praise may be specific to this disclosure rather than a stable relational pattern.","CA_E08 could be read not only as misreading but also as a request for more efficient planning communication.
CA_E12 may be less a boundary than a collaboratively designed conversational tool, though it still limits how silence should function.
CA_E03 might reflect discomfort with evaluation rather than preference for curiosity in general.","Each conversation contains only three turns, constraining how fully negotiation processes can unfold.
The analysis is bounded to sequential interaction and cannot support personality attributions about either partner.
Because the packet is fictional and brief, some distinctions between curiosity, reassurance, and advice remain locally inferred rather than fully elaborated.",syn_candor_01_run1.json
syn_candor_01,1,B5,"The conversations show support being negotiated through open questions, listening requests, explicit boundaries, clarification of ambiguous signals, and responsive acknowledgment. Premature advice or unspoken meanings create friction, while later clarification can repair understanding without removing the underlying decision or preference.","C01 Vulnerable disclosure: A speaker reveals uncertainty, fear, preference, or self-evaluative concern.
C02 Exploratory question: A response invites the speaker to elaborate on meaning, choice, or safe next steps.
C03 Premature advice: A partner proposes actions before the speaker's requested listening or reflection has occurred.
C04 Listening boundary: A speaker states what kind of support is wanted now or limits an offered response.
C05 Meaning clarification: Partners identify and revise an interpretation of ambiguous wording, silence, or laughter.
C06 Specific preference boundary: A speaker states a concrete limit while preserving a related desire or connection.
C07 Responsive adjustment: A later turn incorporates clarification or a requested support mode into a changed interactional stance.","T01 Support is negotiated through listening and questions: In these conversations, disclosure becomes more shareable when the partner asks exploratory questions or accepts a request to listen before advising.
T02 Clarification turns ambiguity into boundaries: In these excerpts, partners repair ambiguous laughter or silence by naming interpretations and stating concrete preferences or future signaling needs.","CA_E03: Shows that evaluative reassurance is less usable than inquiry for this disclosure.
CA_E05: Provides a countercase of solution-first support.
CA_E09: Shows a boundary that retains relational connection rather than simple withdrawal.","The conversations do not establish whether the requested support was sustained.
The word 'safe' may concern emotional comfort, social risk, or both.","Immediate advice may signal care or urgency rather than disregard.
Laughter may be an affiliative response as well as concealment of reluctance.","Only three turns per conversation are available.
No broader relationship history or nonverbal cues are supplied.",syn_candor_01_run1.json
syn_candor_01,2,B1,"Supportive interaction develops through curious listening, consent-sensitive responses, explicit clarification, and stated boundaries; advice can miss a requested listening need until the speaker redirects it.","C01 Inviting curiosity: A partner asks open questions to understand the disclosure and its safe next step.
C02 Listening request: A speaker explicitly asks for listening or reflection rather than immediate solutions.
C03 Clarifying interpretation: Partners repair a mistaken reading of laughter, silence, or wording.
C04 Boundary and preference: A speaker states a limit or preferred form of support while preserving connection.
C05 Advice or solution pressure: A partner moves quickly to concrete solutions before the speaker is ready.","T01 Understanding is interactionally repaired: Partners improve understanding by naming and revising interpretations of ambiguous laughter, silence, and directness.
T02 Support must match the requested form: Disclosure is supported when partners ask or listen in the requested way; rapid advice can require correction.","CA_E03: Shows a preference for inquiry rather than generic praise.
CA_E09: Boundary preserves connection rather than rejecting it.",The conversations do not show later follow-through.,"Advice may be intended as care even when mistimed.
Silence may have multiple meanings beyond those clarified.","Fictional dyads and short excerpts only.
No external speaker history is available.",syn_candor_01_run2.json
syn_candor_01,2,B2,"These conversations show partners negotiating support by asking exploratory questions, clarifying the meaning of ambiguous behavior, and stating what kind of response or boundary is wanted. Advice that arrives before a request is clarified is redirected, while later turns show revised understanding and more explicit communication.","C01 Vulnerable disclosure: A speaker names a worry, uncertainty, fear, or concern for discussion.
C02 Exploratory support: A partner asks open questions intended to understand the speaker's experience or preferred safety.
C03 Premature problem-solving: A partner offers an action plan before the discloser has requested solutions.
C04 Response preference or boundary: A speaker specifies how they want to be heard, what response is useful, or a limit on an activity.
C05 Meaning clarification: A speaker explains an ambiguous laugh, silence, or earlier wording and revises how it should be understood.
C06 Adjusted next communication: A speaker identifies a more direct future communication practice after clarification.","T01 Support becomes usable when its form is negotiated: In these conversations, disclosure is met more constructively when the discloser states a preferred response and the partner uses exploratory rather than immediately directive support.
T02 Clarifying ambiguous cues supports explicit boundaries: In these excerpts, explaining the meaning of a laugh or silence allows partners to replace guesses with a direct limit or a future communication adjustment.","CA_E05: An ostensibly supportive suggestion is not automatically the form of support wanted at that moment.
CA_E10: Silence can be interpreted negatively before its meaning is discussed.",The excerpts do not show whether preferred responses were actually sustained in subsequent turns.,The requests for directness may reflect the immediate topic rather than a general communication preference.,The analysis is restricted to four short fictional three-turn conversations and cannot infer stable traits.,syn_candor_01_run2.json
syn_candor_01,2,B3,"In these fictional conversations, disclosure is negotiated through interactional calibration: one partner reveals uncertainty, fear, or a hidden preference, and the other either creates a safer way to continue or briefly misaligns by offering the wrong kind of response. Support becomes more usable when it is responsive to the speaker's stated need, and understanding improves when ambiguous cues such as laughter or silence are explicitly reinterpreted and followed by a clearer request or boundary.","C01 Vulnerable self-disclosure: A speaker reveals fear, uncertainty, or an unspoken preference that had been withheld or difficult to express.
C02 Curious supportive inquiry: The responding partner invites elaboration in a way that lowers pressure or increases safety.
C03 Premature advice misfit: A partner offers solutions before aligning with the disclosed need, and the speaker treats that response as mistimed.
C04 Explicit request for response format: A speaker states how they want the partner to respond, such as listening, asking questions, or signaling their thinking.
C05 Cue reinterpretation: Partners revisit the meaning of an ambiguous action, such as laughter or silence, and replace a mistaken reading with an explicit one.
C06 Boundary or preference stated plainly: A speaker converts an indirect or softened position into a clear limit or preference.
C07 Safer progression after alignment: Once the response fits the speaker's need, the disclosure advances or is re-evaluated more positively.","T01 Support works better when the response matches the disclosed need: In these excerpts, disclosure progresses when the responding partner offers the kind of engagement the speaker can use, such as curious questions or listening, rather than immediate evaluation or advice.
T02 Ambiguous cues need explicit reinterpretation to restore understanding: In these excerpts, laughter and silence are initially misread, and understanding improves when partners state what they intended or how the cue had landed.
T03 Clear boundaries often emerge after a softer or indirect beginning: In these excerpts, speakers often begin with hesitation, fear, or indirect signaling, then move toward a clearer statement of what they want or what feels safe once the interaction becomes more workable.","CA_E05: Counters any claim that partners always respond with attuned support; advice can arrive before alignment.
CA_E02: Shows that not every disclosure sequence requires repairing misread cues; some begin with well-calibrated support.","The packet does not show whether the requested response formats are successfully adopted in later turns beyond what is visible.
Silence and laughter may carry additional meanings in context, but the excerpts justify only the meanings the speakers explicitly negotiate.
The conversations are brief, so longer-term boundary maintenance cannot be assessed.","CA_E05 could be read as care expressed through action orientation rather than simple misattunement, though the speaker marks it as mistimed.
CA_E03 may show preference for process-focused validation more than vulnerability reduction per se.
CA_E12 might reflect reassurance from benign intent rather than a general rule that explicit meta-communication is always needed.","Each conversation is only three turns long and offers limited context around the relationship history.
The packet is fictional and should support only bounded claims about the interactional patterns shown.
The task calls for sequential analysis, so no stable personality traits or diagnoses should be inferred from these exchanges.",syn_candor_01_run2.json
syn_candor_01,2,B4,"In these fictional dyadic conversations, disclosure is negotiated through questions, requests for the preferred kind of support, clarification of ambiguous signals, and explicit boundaries. Support becomes more fitting when the listener asks or explains rather than assuming, while the disclosing partner often refines what they need: listening before advice, plain speech instead of guessing, or a cue that silence means thinking.","C01 Vulnerable disclosure: A speaker reveals uncertainty, fear, ambivalence, or a concern they have not fully shared.
C02 Inquiry before evaluation: A listener responds with questions that invite the speaker to define meaning, safety, or difficulty before judging or advising.
C03 Premature advice: A listener offers action steps before the speaker has asked for planning help.
C04 Support preference stated: A speaker names what kind of support or response would be useful, safe, or not useful at the moment.
C05 Ambiguous signal clarified: A speaker explains that a laugh, silence, or prior response had a different meaning than the partner inferred.
C06 Boundary or preference made explicit: A speaker moves from indirectness or uncertainty to a clear limit, preference, or next-time request.","T01 Questions calibrate support: Support is negotiated more precisely when partners ask about meaning, safety, or difficulty before offering evaluation or action.
T02 Ambiguity is repaired through explicit meaning: Partners negotiate understanding by naming how ambiguous cues were interpreted and then replacing guesses with clearer statements.
T03 Boundaries preserve connection while limiting action: Several disclosures pair a desire for connection with a boundary about what should happen next.","CA_E05: Not all support attempts begin with inquiry; advice can arrive before the discloser is ready for planning.
CA_E07: Disclosure can initially be indirect, so plain boundaries may emerge only after interactional clarification.","The excerpts end before showing whether requested future behavior changes occur.
The emotional weight of each disclosure can only be inferred from the words provided.","CA_E05 could be read as practical care, not merely premature advice, because it offers options.
CA_E11's silence could be experienced as supportive reflection by one partner and judgment by the other.","The packet is fictional and limited to four short dyadic sequences.
No diagnosis or stable personality attribution is warranted.
Themes are based on sequential turns, not independent reports across broader contexts.",syn_candor_01_run2.json
syn_candor_01,2,B5,"These conversations show partners negotiating support by asking exploratory questions, correcting premature advice or ambiguous signals, clarifying intentions, and specifying preferred listening or future communication. Understanding is treated as sequentially revised: an initial response may miss the disclosure, but a direct boundary or explanation creates a more workable shared frame.","C01 Vulnerable disclosure: A speaker reveals uncertainty, fear, reluctance, or a concern requiring a response.
C02 Exploratory listening: A response asks open questions oriented to the discloser's meaning or preferred safety.
C03 Premature solution: A response supplies action steps before meeting the disclosed request for listening or reflection.
C04 Support preference or boundary: A speaker states what response, activity, or limit would be acceptable.
C05 Meaning clarification: A speaker explains an ambiguous cue or checks and revises its interpretation.
C06 Interactional adjustment: A turn reports changed understanding or proposes a future conversational practice based on clarification.","T01 Questions and explicit preferences align support: In two conversations, support becomes better aligned when the discloser is invited to define safety or directly specifies listening and questioning before advice.
T02 Ambiguous cues are repaired through explicit meaning: In two conversations, laughter and silence initially support mistaken inferences, then direct explanation and boundary-setting revise the shared understanding.","CA_E05: A concrete helping attempt is not aligned with the speaker's stated need to voice worries before planning.
CA_E03: The speaker prefers inquiry over positive evaluation, complicating an assumption that reassurance is the desired support.","The emotional tone and timing of each turn are unavailable beyond the text.
The final turns propose adjustments, but the packet does not show whether partners enact them later.","The advice in CA_E05 may be intended as care and option-building even though it misses the immediate requested mode.
The laugh in CA_E07 may simultaneously express humor and avoidance; the speaker explicitly names both the crowded-car image and reluctance.","Four brief fictional dyads cannot support stable claims about either speaker or relationships broadly.
Sequential analysis is limited to three turns per conversation.",syn_candor_01_run2.json
syn_candor_01,3,B1,"Across four short conversations, disclosures become more workable when partners ask about desired safety, clarify the kind of support wanted, repair ambiguous cues, and state bounded preferences. Premature advice, laughter, and silence are initially interpreted in ways their producers did not intend; subsequent explicit clarification enables revised understanding in the excerpts, though longer-term outcomes are not shown.","C01 Vulnerable disclosure: A speaker shares uncertainty, fear, reluctance, or concern about a personally meaningful matter.
C02 Inquiry-led support: A partner uses questions or listening to help the discloser articulate meaning or preferred next steps.
C03 Premature solution offering: A respondent proposes actions before the discloser's requested reflective support has occurred.
C04 Ambiguous cue interpretation: Laughter, silence, or another cue is assigned a meaning that is later questioned or revised.
C05 Clarification and uptake: A speaker clarifies intent or impact and the partner indicates changed understanding or willingness to respond differently.
C06 Bounded preference or support request: A speaker states a specific limit, acceptable form of support, or conditional willingness.","T01 Support is negotiated through form and timing: In these conversations, support becomes acceptable when the discloser can specify whether they want inquiry, listening, safety, or later advice rather than immediate solutions.
T02 Explicit talk repairs uncertain cues: In two conversations, laughter and silence initially invite inaccurate interpretations; naming intent and impact permits a clearer boundary or changed understanding.","CA_E05: The advice is framed as increasing options, so its supportive intent should be preserved alongside its timing mismatch.
CA_E07: The laugh has an explicitly described situational trigger as well as functioning to avoid a direct refusal.
CA_E11: Silence is not evidence of disapproval once the speaker provides a different stated account.","The short excerpts do not establish whether the repaired understandings endure.
The emotional tone and timing of questions, advice, laughter, and silence are unavailable.","The job advice may be experienced as practical care even though it arrives before the requested listening.
The laughter may be a spontaneous memory response rather than primarily avoidance; the speaker states both functions.","Only four fictional three-turn conversations are analyzed.
No diagnosis or stable personality characterization is supported.
The analysis privileges explicit uptake and cannot observe unspoken reactions.",syn_candor_01_run3.json
syn_candor_01,3,B2,"Support is negotiated through questions, listening requests, direct preferences, and clarification of ambiguous cues. Immediate advice can miss the disclosed need; explicit boundaries preserve connection while revising plans.","C01 vulnerable disclosure: Speaker shares fear, uncertainty, desire, or sensitive experience.
C02 listening invitation: Partner asks an open question or invites elaboration.
C03 premature advice: Partner gives prescriptive solutions before the stated need is explored.
C04 explicit preference or boundary: Speaker states desired support, activity, timing, or condition.
C05 misreading and repair: Ambiguous cue is misread and then clarified.
C06 mutual accommodation: Shared aim is retained while activity or response is adjusted to a boundary.","T01 Response form negotiates support: Support becomes acceptable when questions or listening match the disclosing speaker's requested form; immediate advice can require correction.
T02 Clarification preserves connection: Naming intended meaning and preferences allows connection to continue while plans or interpretations change.","CA_E05: Well-intended advice still misses immediate listening need.
CA_E09: Boundary does not reject connection.","Later behavior is not shown.
Written tone is underdetermined.","Advice may be intended support.
Laughter may be mixed amusement and reluctance.","Fictional four-conversation packet.
No stable trait inference.",syn_candor_01_run3.json
syn_candor_01,3,B3,"In these fictional conversations, disclosure is supported when a partner asks exploratory questions or clarifies ambiguous meaning, and speakers then state what response or boundary they need. Advice or silence can be experienced differently than intended, but later clarification can repair that mismatch within the exchange.","C01 Vulnerable disclosure: A speaker reveals uncertainty, fear, worry, or an unstated preference.
C02 Exploratory invitation: A partner asks open questions that invite the speaker's own account.
C03 Premature problem-solving: A partner offers immediate action steps when the speaker has requested space to voice concerns.
C04 Response preference or boundary: A speaker directly specifies the kind of listening, sharing, or plan they need.
C05 Ambiguous cue interpretation: One partner assigns meaning to a laugh or silence that the other later explains differently.
C06 Meaning clarification: A speaker explains intended meaning or revises the other's inference.
C07 Adjusted shared understanding: A later turn states that clarification changes interpretation or makes a concrete future adjustment possible.","T01 Questions and stated response needs support disclosure: In these excerpts, exploratory questions and direct requests for a response type are associated with speakers moving from concern toward a bounded next step.
T02 Partners negotiate boundaries by making preferences explicit: Speakers state preferred forms of support and limits when earlier advice or indirect expression does not fit their need.
T03 Clarification can repair cue-based misunderstandings: In the third and fourth conversations, an ambiguous laugh or silence is reinterpreted after a partner explains its meaning, and the other speaker names an adjusted understanding or request.","CA_E05: Action advice is not necessarily experienced as the support sought at that moment.
CA_E07: A preference may initially be communicated indirectly rather than plainly.","The conversations do not show how each partner felt after the final turn.
It is unclear whether stated future adjustments occur.",Advice may have been intended as care despite its timing mismatch.,"These are short fictional dyads.
Nonverbal context beyond the stated laugh and silence is unavailable.",syn_candor_01_run3.json
syn_candor_01,3,B4,"In these fictional dyadic conversations, support is negotiated through explicit calibration of response type: questions and reflective clarification are received differently from quick advice, silence, or ambiguous laughter. Repair often happens when one speaker names how they interpreted the other's action and the other then clarifies intent or states a clearer preference for future interaction.","C01 Vulnerable or uncertain disclosure: A speaker reveals worry, uncertainty, or a personally risky stance that invites response.
C02 Exploratory listening response: The response supports disclosure by asking questions that help the speaker elaborate rather than immediately solving.
C03 Premature solutioning: A partner responds with advice or action steps before the speaker's requested need for listening or sense-making is met.
C04 Requesting a response boundary: A speaker explicitly states what kind of response is or is not wanted from the partner.
C05 Clarifying ambiguous signals: A speaker names a prior silence, laugh, or other ambiguous cue and proposes or receives a clearer interpretation.
C06 Preference for honest specificity: A partner treats explicit, concrete expression as more helpful than vague reassurance or guessing.
C07 Meta-communication for future repair: The conversation produces a rule or cue for handling similar disclosures better next time.","T01 Support is judged by fit, not simply positivity: In these conversations, a response counts as supportive when it matches the discloser's immediate need for exploration or listening, not merely when it is encouraging or action-oriented.
T02 Repair often comes through reinterpreting ambiguous behavior: These conversations move toward understanding when speakers name how they read a laugh or silence and the partner supplies a clearer meaning.
T03 Boundaries become workable when they preserve connection and specify limits: In these excerpts, speakers negotiate boundaries most successfully when they state a limit while also describing the connection or form of support they still want.","CA_E05: Not every supportive-seeming response is experienced as support; advice can miss the requested need.
CA_E01: Disclosure is not always immediately collaborative; hesitation and withholding remain possible before the interaction recalibrates.","CA_E03 may reflect trust in this particular partner, the usefulness of the question format, or both; the short excerpt cannot fully separate them.
CA_E09 resolves the travel issue in wording, but the packet does not show whether the partner accepts the new boundary beyond that turn.","CA_E05 could be read as care expressed through practical help rather than a failure of support, but CA_E06 shows that the recipient needed a different mode first.
CA_E10 and CA_E11 may involve timing habits beyond this one moment, though the packet only supports an interpretation tied to the immediate silence.","Each conversation is only three turns long, so the durability of repair and whether future interactions follow the new rules remain unknown.
The packet is fictional and dyadic, so claims should remain at the level of these sequences rather than broader relationship patterns.",syn_candor_01_run3.json
syn_candor_01,3,B5,"Across these fictional dyads, disclosure is negotiated through invitations to specify what kind of support is wanted, repair of misunderstood signals, and boundary statements that preserve connection while narrowing action. Support is not only advice or reassurance; in several turns it is listening, asking a safer question, clarifying silence, or accepting a plain preference.","C01 Vulnerable disclosure: A speaker reveals uncertainty, fear, reluctance, worry, or an assumption about the partner's response.
C02 Support-seeking before planning: A speaker asks for listening, questions, or space to say worries before receiving advice or plans.
C03 Curious invitation: A partner responds by asking an open question that helps the disclosing speaker define meaning or safe next steps.
C04 Premature advice: A partner offers specific action steps before the disclosing speaker has finished defining the desired support.
C05 Misread signal repair: Partners identify that a laugh, silence, question, or wording was interpreted differently and then revise the shared meaning.
C06 Boundary with connection: A speaker states a limit or preference while preserving a valued relationship or future support.
C07 Safer sharing pathway: The interaction creates a lower-risk way to share, clarify, or continue the disclosure.","T01 Useful support is negotiated, not assumed: In these conversations, supportive responses become more fitting when speakers ask or state what kind of help is wanted before moving into evaluation or planning.
T02 Misread cues become repairable when named: Laughing and silence create misunderstandings, but the conversations move toward understanding when partners state both the interpretation and the intended meaning.
T03 Boundaries can preserve connection: Boundary statements in these excerpts often narrow an action while keeping a relationship or future possibility open.","CA_E05: Not every response begins with listening or curiosity; advice can arrive before the desired support is clarified.
CA_E01: Disclosure can begin from withheld sharing rather than a partner misunderstanding.
CA_E08: A partner can request directness without the excerpt showing blame or rejection.","The excerpts stop after three turns, so the later effects of the negotiated boundaries are unknown.
Some support preferences may be moment-specific; the analysis should not infer stable needs or personalities.","CA_E05 could be interpreted as practical care rather than failed support; CA_E06 indicates only that it was not the desired immediate response.
CA_E11's silence could carry multiple meanings in real interaction, but the packet supplies the speaker's stated meaning.","The dyads are fictional and cannot support claims about couples or friendships broadly.
The analysis avoids diagnosing anxiety, avoidance, or communication style.
Only manifest interactional evidence in the turns is used.",syn_candor_01_run3.json
syn_dreaddit_01,1,B1,"In these fictional posts, current stress is described through converging demands, material insecurity, vigilance, and limited attention, while support includes practical help, routines, boundaries, humor, and sequencing. Some posts describe resolution or no current crisis, so pressure is not uniform.","C01 Competing demands: Concurrent obligations or pressures described as difficult to hold together.
C02 Material insecurity: Financial, housing, food, or transport conditions that constrain experience.
C03 Vigilant bodily strain: Alertness, sleep loss, or bodily activation linked to a pressure.
C04 Practical or relational support: Concrete help or social connection that eases a described burden.
C05 Self-directed regulation: A personally enacted routine, boundary, checklist, or technology change used to manage demands.
C06 Mixed or changed state: Coexisting emotions or a temporal shift in the described problem.
C07 Attention burden: A pressure consuming cognitive or available attention.","T01 Pressure accumulates across domains: In these excerpts, stress is linked to overlapping material, role, and attention demands rather than a single isolated event.
T02 Manageability is interactional and enacted: In these excerpts, relief or manageability is associated with concrete routines, boundaries, help, sequencing, or shared humor, while burdens can remain.","DR_E03: Marks a current non-crisis case within a packet about stress.
DR_E08: Shows temporal resolution rather than ongoing pressure.
DR_E10: Shows a resource coexisting with continuing strain.","The posts do not specify duration or severity beyond their wording.
It is unclear whether every described resource has lasting effect.","Repeated checking could be read as a study strategy as well as sleep-displacing strain.
Quiet evenings could reflect boundary success without implying emotional recovery.","This is a small fictional packet of short posts.
No external context or longitudinal corroboration is available.",syn_dreaddit_01_run1.json
syn_dreaddit_01,1,B2,"In these fictional posts, stress is described as arising from stacked demands, constrained material resources, vigilance, and emotionally costly requests for help. Resources include social support, routines, boundaries, humor, checklists, and resolved institutional problems, but several excerpts show that resources often reduce or organize strain rather than removing the underlying pressure.","C01 Compressed Obligations: Multiple duties, deadlines, or roles are described as competing for time or attention.
C02 Material Insecurity: Stress is tied to money, housing logistics, food, transport, or other tangible resources.
C03 Embodied Vigilance: The writer describes bodily alertness, sleep disruption, or inability to relax.
C04 Relational Support: Another person or group provides practical, emotional, informational, or humorous support.
C05 Self-Structured Coping: The writer uses a routine, sequence, boundary, or behavior change to make experience more manageable.
C06 Resolved Or Inactive Stressor: A source states that a previously active problem is absent, resolved, or no longer current.
C07 Mixed Relief And Strain: The writer presents relief, pride, humor, or sadness alongside continuing pressure.","T01 Pressure Concentrates Through Time And Resource Scarcity: In these excerpts, stress often becomes acute when time-sensitive obligations intersect with concrete resource constraints.
T02 Support Often Mitigates Without Removing The Stressor: Resources in these excerpts frequently create breathing room or manageability while the underlying demand remains present.
T03 Resolution And Mixed Affect Complicate Simple Stress Labels: Several excerpts resist a simple current-stress classification by presenting non-crisis, resolution, pride, humor, or relief alongside or instead of strain.","DR_E03: This cautions against coding all stress-adjacent posts as current crisis.
DR_E08: A prior problem can be salient in an update without remaining an active stressor.
DR_E10: Helpful humor should not be treated as eliminating the physical burden.","Some excerpts mention stress-like bodily reactions without naming stress directly, so coding remains at the manifest or categorical level.
The posts are brief, limiting confidence about duration beyond the words supplied.
The relationship between resources and outcomes is locally described but not causally established beyond each excerpt.","DR_E07 could be read as an isolated startle response rather than an ongoing stress pattern, though the rest-of-day alertness supports vigilance coding.
DR_E12 may be more about role transition than stress, but the phrase that every question reaches the writer indicates pressure.
DR_E05 could be coded primarily as relationship repair rather than stress relief, but the boundary's effect on evenings links it to current experience.","The analysis uses only fictional short posts and cannot support demographic or prevalence claims.
Source IDs are single posts, so interactional context is absent.
Quotes are short and cannot establish broader life circumstances outside the packet.",syn_dreaddit_01_run1.json
syn_dreaddit_01,1,B3,"Across these twelve fictional posts, current strain is tied to converging demands, material insecurity, care and work coordination, vigilance, and depleted attention. Resources include interpersonal help, routines, humor, sequencing, boundary-setting, and institutional resolution, but their effects are explicitly partial or time-bounded. Several posts describe improvement or no current crisis, so prior pressure is not treated as continuing stress.","C01 Competing demands: Two or more obligations or demands are described as overlapping or concentrating pressure.
C02 Material or access insecurity: Insufficient money, food, shelter access, or infrastructure creates practical pressure.
C03 Embodied or attentional strain: Pressure is manifested as sleep disruption, bodily vigilance, tension, or reduced attention.
C04 Relational support or shared coping: Other people provide practical assistance, shared humor, or help-seeking that modifies the experience of pressure.
C05 Self-directed coping structure: A person uses a routine, boundary, checklist, or sequencing strategy to make demands quieter or more manageable.
C06 Partial or temporal relief: A pressure is reduced, resolved, or absent now, while limits, residual feelings, or past timing are retained.","T01 Pressure accumulates through constrained resources and overlapping demands: In these excerpts, strain intensifies when obligations converge or basic resources and access are constrained, with bodily and attentional consequences sometimes stated directly.
T02 Resources provide graded rather than uniform relief: Interpersonal help, routines, humor, boundaries, sequencing, and institutional resolution modify pressure in these posts, ranging from partial respite to stated resolution.","DR_E03: This explicitly resists treating an expectation of anxiety as evidence of current crisis.
DR_E08: This temporal update prevents coding a formerly consuming problem as a current stressor.
DR_E12: The promotion carries positive meaning alongside the workload it creates.","The posts do not show whether the described resources remain available or effective beyond the stated moment.
The cause and duration of the bodily reaction in DR_E07 are not specified.","Late-night note reopening may be experienced as purposeful studying as well as stress-maintaining behavior.
Asking for groceries may indicate emerging support access as well as an added emotional burden.","Each source is a single short fictional post with no follow-up questioning.
Cross-post patterns cannot establish prevalence, diagnosis, or stable traits.",syn_dreaddit_01_run1.json
syn_dreaddit_01,1,B4,"In these excerpts, current stress is described as arising from stacked obligations, material insecurity, caregiving coordination, and persistent alertness, while relief comes through routines, planning, humor, family help, and problem resolution. The packet also includes bounded non-crisis and post-resolution cases, so the local pattern is not uniform ongoing distress.","C01 Stacked obligation pressure: Multiple deadlines, roles, or demands are described as compressing time or attention.
C02 Material insecurity strain: Housing, food, transport, shelter, or income problems consume attention or worsen stress.
C03 Persistent vigilance: The writer describes ongoing bodily or anticipatory alertness that extends beyond a single moment.
C04 Structuring for manageability: Routines, checklists, or communication limits are used to make demands feel more manageable.
C05 Partial social relief: Another person or group provides comfort or practical relief that helps but does not eliminate the strain.
C06 Inactive or resolved stressor: The excerpt states that a formerly stressful problem is no longer active or that the writer is not currently in crisis.
C07 Mixed emotional valence: Relief, pride, or humor is described alongside continuing burden, sadness, or strain.","T01 Stacked obligations and scarcity narrow attention: In these excerpts, stress is often described as a present narrowing of rest or attention when obligations pile up alongside material constraints.
T02 Support and routines help partially rather than completely: Resources in these excerpts often reduce intensity or improve manageability without fully removing the underlying problem.
T03 Current status is heterogeneous, including relief and closure: The packet includes both active stress and explicit accounts of relief, non-crisis, or issue resolution, so current experience is heterogeneous rather than uniformly distressed.
T04 Writers often hold positive and negative meanings together: Several excerpts describe the same situation as carrying relief, pride, humor, or gratitude alongside continuing burden, making the experience mixed rather than one-directional.","DR_E03: Complicates any claim that the packet only documents acute present stress.
DR_E08: Shows a resolved update rather than an ongoing stressor.
DR_E11: Challenges a reading that demanding situations are always described as overwhelming.","DR_E09 may reflect shame, reluctance, or simple difficulty asking for help; the excerpt does not let me distinguish those cleanly.
DR_E07 shows heightened alertness, but the packet does not justify inferring any broader history behind that reaction.
The packet gives single-post snapshots, so the duration of relief in DR_E03 or DR_E05 is uncertain.","Some excerpts coded as mixed emotional valence could instead be read as practical contrast between burden and relief rather than emotion per se.
DR_E12 could be interpreted less as stress and more as responsibility concentration following a valued achievement.
DR_E03 may represent successful habit formation, but it could also simply describe a temporary calm month.","Each source is a short standalone post, so interactional context is minimal.
The analysis is bounded to fictional packet text and cannot support prevalence claims.
Single excerpts can legitimately support more than one code, which leaves some category boundaries somewhat porous.",syn_dreaddit_01_run1.json
syn_dreaddit_01,1,B5,"In these fictional posts, current stress is described through overlapping time, material, caregiving, housing, and responsibility pressures. Writers also describe specific resources or actions that reduce a portion of strain; relief can coexist with an unresolved demand, and several posts explicitly mark resolution or no current crisis.","C01 Competing time demands: Concurrent obligations or schedules that constrain attention or attendance.
C02 Material or housing constraint: Money, food, shelter, transport, or access barriers described as pressure.
C03 Sustained bodily alertness: A stated physical or attentional reaction that continues around perceived uncertainty or a cue.
C04 Practical or relational support: Help from another person or a social interaction that provides a specified resource or relief.
C05 Self-organizing action: A routine, boundary, or planning action described as shaping manageability.
C06 Mixed or bounded relief: Relief, pride, or support is stated alongside an ongoing burden or limitation.
C07 Resolution or no current crisis: An explicit statement that a prior problem is inactive or current crisis is absent.","T01 Overlapping obligations narrow available attention: In these excerpts, concurrent deadlines, care work, job demands, and shelter logistics are described as consuming time or sustaining alertness.
T02 Resources reduce portions of strain without always removing the demand: In these excerpts, support, planning, and boundaries are described as creating relief or manageability while some pressure remains.
T03 Current status can differ from prior pressure: Two posts explicitly distinguish current non-crisis or resolution from an earlier anticipated or active problem.","DR_E03: Not every post describes current acute strain.
DR_E08: A formerly consuming problem can be described as resolved.","The posts do not establish duration beyond the phrases stated.
Bodily alertness should not be read as a diagnosis.","The routines may reflect preference as well as stress management.
The reported support may signal companionship, practical aid, or both.","These are short fictional posts without follow-up questions.
The packet does not support prevalence claims.",syn_dreaddit_01_run1.json
syn_dreaddit_01,2,B1,"Across these fictional posts, current stress is linked to overlapping demands, material constraints, vigilance, and the cognitive load of planning. Interpersonal and self-organized resources can create bounded relief or manageability without necessarily removing the pressure, while several posts describe resolution or absence of current crisis.","C01 Competing demands: Two or more obligations or demands press on the writer at the same time.
C02 Material constraint: Money, shelter, food, transport, or infrastructure limits options.
C03 Sustained alertness: The writer describes bodily or attentional vigilance that persists.
C04 Relational support: Other people provide practical help, shared humor, or assistance.
C05 Self-structured coping: A routine, boundary, checklist, or other deliberate structure changes the experience of a demand.
C06 Relief or resolution: The writer explicitly reports reduced strain, ordinary experience, relief, or an ended problem.","T01 Pressure narrows time and attention: In several excerpts, concurrent or material demands absorb sleep, bodily ease, or attention.
T02 Resources provide partial or complete shifts: Relational help, humor, routines, boundaries, and external resolution alter current strain, but their effects range from partial respite to an inactive problem.","DR_E03: An anticipated anxiety account instead reports no current crisis, limiting any claim that all posts express active high stress.
DR_E08: Temporal resolution prevents coding a past problem as current stress.
DR_E12: A demanding promotion is also positively valued, so pressure and positive appraisal coexist.","The posts do not provide consistent duration or intensity measures.
Repeated counting in DR_E09 may reflect practical inventory checking, vigilance, or both.","The routines in DR_E03 may coincide with rather than cause the ordinary-feeling month.
The bodily response in DR_E07 could be situational surprise; the packet does not support a diagnosis.","Each source is a single fictional post with no follow-up questioning.
The coding cannot support prevalence or population-level claims.",syn_dreaddit_01_run2.json
syn_dreaddit_01,2,B2,"In these excerpts, current stress is described as arising from stacked demands, unstable material conditions, caregiving or logistical vigilance, and social-emotional burdens, while relief comes from routines, boundaries, practical help, and shared humor. The packet also includes posts where the earlier stressor has resolved or is presently contained, so the material supports a bounded claim about mixed pressure-and-resource conditions rather than uniform crisis.","C01 Stacked time pressure: The writer describes multiple demands compressing time or rest.
C02 Material insecurity: Stress is tied to money, housing, food, transport, or basic survival logistics.
C03 Support that only partly offsets strain: A resource helps but does not remove the underlying problem.
C04 Routine or structure as coping: The writer uses repeated practices or sequencing to make demands feel more manageable.
C05 Ongoing vigilance: The body or attention remains on alert because threats or interruptions feel possible.
C06 Boundary or resolution reduces strain: Stress decreases because a conflict, claim, or problem has been ended, approved, or limited.
C07 Help-seeking burden: Requesting help carries shame, hesitation, or an extra emotional weight.","T01 Stress often comes from overlapping obligations and persistent alertness: In these excerpts, stress is frequently described as pressure from converging responsibilities that keep attention or the body on guard.
T02 Practical and relational supports usually ease rather than erase strain: In these excerpts, supports are often described as making stress more bearable while leaving the main material or logistical problem in place.
T03 Relief can come from closure, but asking for help may itself be heavy: In these excerpts, strain sometimes decreases through a clear boundary or resolved claim, whereas unmet needs can still be difficult to voice.","DR_E03: Counters any claim that the packet uniformly depicts acute ongoing stress.
DR_E08: Shows temporal change and resolution rather than present strain.","The packet does not show how long the described conditions have lasted, so intensity over time is uncertain.
The door-slam excerpt could reflect several kinds of prior experience, and the packet does not justify specifying which.
The move and promotion excerpts describe demand, but their longer-term consequences are not observable here.","Some excerpts coded as partial support could also be read primarily as resilience narratives rather than stress narratives.
The pantry excerpt may reflect shame about asking for help, but it could also indicate caution about burdening others without broader context.
The ordinary-feeling month in DR_E03 could represent successful coping or simply a temporary lull in stressors.","Each source is a single short fictional post with no follow-up interaction.
The packet mixes active stress, reduced stress, and resolved problems, limiting stronger uniform claims.
No demographic or setting details should be inferred beyond what is explicitly stated in each post.",syn_dreaddit_01_run2.json
syn_dreaddit_01,2,B3,"In these fictional posts, stress is described as arising from overlapping demands on time, money, care, safety, and responsibility, while relief appears through routines, practical help, boundaries, humor, planning, or a resolved administrative problem. Several excerpts also mark partial relief: a resource can make one evening breathable or a joke can help without removing the underlying strain.","C01 Stacked time pressure: Multiple duties or deadlines compete for limited time and attention.
C02 Material insecurity: Basic resources such as rent, shelter, food, transport, or utilities are uncertain or inadequate.
C03 Embodied vigilance: The writer describes bodily alertness, wakefulness, or a physical stress response.
C04 Practical or social support: Another person, group, or service provides concrete or emotional help that changes the experience.
C05 Self-structured coping: The writer uses routines, boundaries, planning, or checklists to make a demand more manageable.
C06 Resolved or inactive pressure: A previously active stressor is described as ended, reduced, or not currently a crisis.","T01 Pressure concentrates through overlapping demands: Several excerpts describe stress as a concentration of demands on time, attention, or basic resources rather than as a single feeling detached from circumstances.
T02 Resources reduce but do not always remove strain: Supportive resources in these excerpts often alter the experience of stress without fully eliminating the underlying pressure.","DR_E03: The packet includes an explicit non-crisis account, so current stress should not be universalized.
DR_E08: Some posts describe past rather than active stressors.","The packet does not state whether help-seeking in DR_E09 succeeds.
The bodily descriptions could reflect immediate stress without implying a durable condition.","DR_E12 could be read as role transition strain rather than only time pressure.
DR_E05 could be primarily about grief over friendship loss, with boundary-setting as secondary.","Only manifest text in fictional posts was analyzed.
No demographic, diagnostic, or corpus-level claims are warranted.
Source length is short, so theme boundaries remain coarse.",syn_dreaddit_01_run2.json
syn_dreaddit_01,2,B4,"In these fictional posts, writers name overlapping practical demands, bodily or attentional strain, and resources that make a demanding situation more manageable. Several excerpts also delimit the pattern by describing a resolved problem or no current crisis.","C01 Competing practical demands: Concurrent work, care, housing, or material demands described as constraining attention or action.
C02 Material insecurity: Housing, food, transport, or income shortfall described as an immediate pressure.
C03 Strain response: Reported sleep loss, vigilance, bodily tension, or reduced attention linked to a situation.
C04 Interpersonal support: Help, companionship, or shared humor that provides some relief without necessarily removing a demand.
C05 Self-organization resource: A routine, boundary, or sequence used to reduce overwhelm or regain manageable conditions.
C06 Resolution or absence of current crisis: A prior problem is described as ended or current crisis is explicitly denied.","T01 Demands consume time and attention: Across these excerpts, overlapping deadlines, care, housing, and material demands are described as narrowing available time or attention.
T02 Resources modify rather than erase pressure: In these excerpts, social help and self-organization provide relief or manageability while some pressures remain active.","DR_E03: Current stress should not be presumed from the writer's expectation of anxiety.
DR_E08: A past problem does not establish a current active pressure.",Posts provide brief self-reports and do not show duration or severity beyond the stated wording.,The organizing actions may reflect practical problem-solving rather than a broader resource pattern.,"These are fictional single posts, so relationships among pressures and resources cannot be established beyond each account.",syn_dreaddit_01_run2.json
syn_dreaddit_01,2,B5,"These posts link current stress to overlapping demands, material limits, bodily load, and supports; several explicitly mark partial or full resolution.","C01 Overlapping demands: Concurrent obligations create pressure.
C02 Material constraint: Money, housing, food, or transport limits options.
C03 Supportive resource: A person, routine, boundary, or action provides relief or manageability.
C04 Load or vigilance: Stress appears as disrupted rest, narrowed attention, or sustained alertness.
C05 Temporal resolution: The writer marks a former problem inactive or present experience non-crisis.
C06 Mixed affect: Relief, strain, sadness, humor, or pride coexist.","T01 Compounded situated pressure: In these excerpts, overlapping practical demands and scarce resources intensify stress.
T02 Bounded relief: Supports and resolutions can create breathing room while residual strain may remain.","DR_E03: Present non-crisis case.
DR_E08: Temporal resolution case.","Duration is not established.
Routine relief may not be durable.","Late study may also signal commitment.
Joking may be bonding as well as coping.","Fictional, short posts only.
No demographic or longitudinal context.",syn_dreaddit_01_run2.json
syn_dreaddit_01,3,B1,"In these fictional posts, current stress is described as pressure from overlapping obligations, scarce material resources, vigilance, and role concentration, while relief comes from bounded support, routines, humor, checklists, boundaries, and resolved problems. The packet also includes posts where stress is not currently active, so the analysis treats stress as situated and changing rather than as a stable condition of a writer.","C01 Compressed obligations: Multiple demands or roles are described as occurring at the same time and reducing rest or ease.
C02 Material scarcity burden: Stress is tied to insufficient money, food, housing logistics, transportation, or infrastructure.
C03 Embodied vigilance: The writer describes bodily alertness or physical tension that persists beyond an immediate trigger.
C04 Practical coping structure: A routine, sequence, checklist, planning activity, or habit makes demands more manageable.
C05 Relational relief: Other people provide humor, food, quiet, or practical companionship that softens but does not necessarily remove strain.
C06 Resolved or reduced stressor: A stressor is described as no longer active or as reduced through approval, boundary setting, or changed circumstances.
C07 Ambivalent positive demand: A change or coping element is positive in one respect while also carrying strain, sadness, or new responsibility.","T01 Pressure gathers where demands collide: In these excerpts, stress often comes from simultaneous obligations or scarce resources rather than from a single isolated feeling.
T02 Resources soften strain without always removing it: Support and coping resources in these posts often make stress more bearable while leaving the underlying demand partly intact.
T03 Stress changes over time and can be ambivalent: Several excerpts describe movement from pressure to quiet, ordinariness, or resolution, while others pair positive change with new strain.","DR_E03: The packet should not be coded as uniformly current crisis or stress.
DR_E08: A prior problem can be resolved by the time of posting.
DR_E10: Humor can coexist with strain and should not be erased by a hardship-only reading.","The posts are brief, so intensity and duration cannot be ranked beyond the words supplied.
Some bodily language may be figurative, literal, or both; coding stays close to the excerpt wording.","DR_E12 could be read mainly as workplace role overload rather than stress if the analytic frame emphasized organizational knowledge concentration.
DR_E09 could be coded as shame around help-seeking more strongly than material scarcity, but the empty shelves ground the material code.","The packet is fictional and cannot support claims about any real community or corpus.
Single excerpts do not establish stable traits of the writers.
No demographic or diagnostic inference is warranted.",syn_dreaddit_01_run3.json
syn_dreaddit_01,3,B2,"In these excerpts, current stress is described as emerging from overlapping deadlines, caregiving, money, housing, and logistical uncertainty, while relief comes through routines, social support, or partial resolution. Several posts explicitly mark that support or coping changes the felt intensity without fully removing the underlying pressure, and a minority describe reduced or ended stress rather than ongoing crisis.","C01 Overlapping demands: Multiple obligations or deadlines are presented as crowding the same period and intensifying strain.
C02 Material precarity: Stress is tied to money, shelter, food, transport, or other material shortfalls.
C03 Partial relief through support: Another person or group provides help that eases strain but does not fully solve the problem.
C04 Self-management by routine or boundary: The writer describes a deliberate routine, sequence, or interpersonal boundary that makes strain more manageable.
C05 Persistent bodily alertness: Stress is described through bodily vigilance or an inability to relax after a trigger or during uncertainty.
C06 Resolved or reduced stress state: The writer marks that a previously expected or active problem has subsided or ended.
C07 Help-seeking burden: Asking for assistance is itself described as emotionally heavy or socially difficult.","T01 Stress is produced by stacked practical demands: In these excerpts, stress is often described as the result of overlapping practical obligations rather than as free-floating emotion.
T02 Relief is often partial rather than total: In these excerpts, support and coping often make stress more bearable without fully removing the underlying condition.
T03 Posts preserve temporal change and mixed feeling: Several excerpts describe stress as changing over time, including movement out of crisis and situations where relief coexists with sadness or caution.","DR_E03: Not all posts describe current high stress; some explicitly mark an ordinary period.
DR_E08: The packet includes resolved problems, so themes about ongoing strain need temporal limits.","DR_E07 could reflect a brief trigger response or a broader pattern of vigilance, but the single post does not allow stronger inference.
DR_E12 shows increased demand after a promotion, but the excerpt does not specify whether the strain is temporary or chronic.","DR_E10 can be read either as social support mitigating strain or as a way of normalizing a persistent access problem without changing it.
DR_E05 may represent stress reduction through boundary-setting, but it could also be read mainly as grief after conflict.","Each source is a single short post, so interactional follow-up and duration are unavailable.
The packet is fictional and bounded, so claims should stay at the level of these excerpts rather than any broader population.",syn_dreaddit_01_run3.json
syn_dreaddit_01,3,B3,"These posts link stress to overlapping demands and material constraints; routines, support, boundaries, and planning can provide bounded relief, while some posts describe resolution or no current crisis.","C01 stacked demands: Concurrent obligations tax time or attention.
C02 material constraint: Material conditions limit options.
C03 strain or vigilance: Sleep, bodily, or attentional strain is described.
C04 support or structure: A person or practice provides relief or capacity.
C05 resolution or boundary: A change, boundary, or approval reduces an active problem.
C06 mixed state: Positive and negative experiences coexist.","T01 Converging pressures: In these excerpts, stress is situated in overlapping demands and material limits.
T02 Resources and manageability: Support, routines, boundaries, and planning can contain strain without always removing it.","DR_E03: Counters universal acute-stress reading.
DR_E08: Shows temporal resolution.",Duration and severity are unspecified.,"Late-night study could be workload management.
Promotion may describe role overload without naming stress.","Small fictional packet.
No population inference.",syn_dreaddit_01_run3.json
syn_dreaddit_01,3,B4,"In these fictional posts, current strain is described through time, money, care, housing, and responsibility pressures; writers also name concrete supports and organizing practices that make limited portions of their circumstances more manageable. Several excerpts explicitly qualify this account through resolution or no current crisis.","C01 Concurrent demands: Multiple obligations described as competing for attention or time.
C02 Material constraint: A financial, food, housing, transport, or access condition described as limiting action.
C03 Sustained alertness: A stated bodily or attentional state of remaining watchful or unable to settle.
C04 Relational practical support: Help from another person that supplies care, assistance, or companionship.
C05 Structured self-management: A routine, boundary, or sequence used to organize an ongoing difficulty.
C06 Mixed appraisal: Coexisting positive and difficult meanings of the same circumstance.
C07 Changed or inactive problem: An explicit statement that a former problem is resolved, inactive, or not currently a crisis.","T01 Concrete pressures consume available attention: In these excerpts, overlapping duties and material constraints are described as narrowing time and attention.
T02 Resources alter experience without always removing strain: In these excerpts, relational and self-organizing resources are described as easing particular aspects of strain while some burden remains.
T03 Current stress is temporally qualified: Some excerpts explicitly describe a problem as resolved or the writer as not currently in crisis, limiting a uniform current-stress reading.","DR_E03: Active crisis should not be inferred across all posts.
DR_E08: A former high-burden problem may not be current.","Short posts do not show how long any condition lasts.
The relation between named resources and later outcomes is not established.",The routines may reflect existing capacity as well as produce manageability.,"This is fictional, bounded text.
Each source offers one post without follow-up interaction.",syn_dreaddit_01_run3.json
syn_dreaddit_01,3,B5,"In these twelve fictional posts, pressures include overlapping demands, material scarcity, vigilance, and burdens that consume time or attention. Resources include interpersonal help, routines, humor, sequencing, boundary setting, and institutional resolution; their effects are described as partial, situational, or temporally changing rather than universal.","C01 Competing demands: Two or more obligations or pressures converge in time or responsibility.
C02 Material access strain: Money, food, housing access, or physical infrastructure creates pressure.
C03 Sustained arousal or attention capture: Pressure is manifested as lost sleep, bodily alertness, or reduced attention.
C04 Practical or social coping resource: A person, routine, humor, or task structure provides concrete relief or manageability.
C05 Partial relief with residual strain: Relief coexists with an unresolved practical or emotional burden.
C06 Problem no longer active: A prior pressure is explicitly described as resolved or absent in the present.","T01 Pressure concentrates through overlap and capture: Across these excerpts, stress is intensified when demands overlap or material constraints capture sleep, bodily readiness, or attention.
T02 Resources alter but do not uniformly erase strain: In these excerpts, interpersonal, behavioral, and institutional resources can create relief or manageability, although some benefits remain partial and some former problems are fully inactive.","DR_E03: This contradicts reading every post as evidence of current acute stress.
DR_E08: This temporal update prevents treating past pressure as current.
DR_E12: A positively framed promotion can coexist with workload pressure, complicating a purely adverse-event account.","The duration and severity of most pressures cannot be determined from single posts.
The accounts do not show whether described coping resources remained effective after the stated moment.","Reopening notes at night may reflect a chosen study strategy as well as experienced pressure.
The quiet after boundary setting may indicate practical relief while the relationship loss remains the central concern.","The fictional packet omits replies and broader interactional context.
No demographic, diagnostic, or prevalence inference is warranted.
Differences across posts cannot establish a common trajectory.",syn_dreaddit_01_run3.json
syn_kodis_01,1,B1,"Repair follows evidence requests, acknowledgment of wording effects, clarification of intent, concrete options, and confirmation. Impasse occurs when both parties repeat non-negotiable demands without a shared next step. The sequence and turn-taking matter.","C01 Problem specification: A party states the discrepancy, delay, or missing item at issue.
C02 Evidence request or provision: A participant requests or supplies documentation to establish the issue.
C03 Accountability acknowledgment: A participant acknowledges impact, wording, or a possible responsibility.
C04 Concrete conditional remedy: A proposed next step with specific terms or a condition.
C05 Intent clarification: A participant distinguishes intended meaning from perceived interpersonal meaning.
C06 Conditional acceptance: A party accepts a limited next step under stated terms.
C07 Demand repetition and exit: Participants repeat incompatible requirements and end or escalate the exchange.","T01 Repair through clarification and bounded next steps: In three dialogues, repair advances when parties clarify meaning, use evidence, and offer or accept a specific conditional next step.
T02 Incompatible conditions produce impasse: The fourth dialogue reaches impasse when buyer and seller repeat mutually incompatible evidence and refund conditions.","KO_E03: Shows a remedy request that remains open to resolution.
KO_E06: Shows conditional acceptance rather than demand repetition.
KO_E12: Marks escalation after conversational impasse.","The dialogues do not reveal whether promised remedies were completed.
The seller's policy rationale is not independently available.","Direct wording may be efficient transaction reporting rather than interpersonal hostility.
The appeal may be a procedural repair route rather than a complete breakdown.","Only three turns per dialogue are provided.
No nonverbal or platform context is included.",syn_kodis_01_run1.json
syn_kodis_01,1,B2,"Across these fictional dialogues, repair is associated with specifying the problem, requesting or supplying evidence, acknowledging how a message was received, and proposing a bounded next step. The fourth dialogue reaches impasse when each party restates a non-negotiable demand and the buyer exits to an appeal.","C01 Specific problem and remedy request: A party names the discrepancy or concern and a desired remedy.
C02 Evidence-based verification: A party requests, provides, or checks documentation before acting.
C03 Acknowledgment of message impact: A speaker recognizes how wording or conduct was interpreted by the other party.
C04 Bounded actionable offer: A concrete next step or conditional timeline is offered and can be accepted.
C05 Conditional accommodation: A party adjusts or accepts a pathway conditional on a specific follow-through.
C06 Rigid procedural standoff: A party treats a demand or policy requirement as non-negotiable after the other party resists it.
C07 Exit to external appeal: A party ends the dialogue and redirects the dispute to a platform process.","T01 Repair is built through verification plus a usable next step: In the first three dialogues, evidence requests or checks are paired with specified remedies, timelines, or shipment actions that the other party can engage.
T02 Clarifying perceived tone changes the available response: In two dialogues, a speaker names a prior interpretation of wording and the exchange then moves to a more specific conditional arrangement.
T03 Non-negotiable demands produce an impasse and exit: In the fourth dialogue, incompatible non-negotiable demands are followed by an explicit end to the conversation and external appeal.","KO_E06: A delayed parcel dispute can remain open to a conditional next step.
KO_E12: Not all exchanges remain within bilateral repair.","The dialogues do not show whether proposed repairs were completed.
Tone interpretations are reported by speakers and cannot be independently verified.","The fourth dialogue may reflect prior unresolved exchange not fully included here.
Evidence requirements can support accountability as well as impede negotiation.","Each dialogue has only three turns.
No platform policy text or transaction history is supplied.",syn_kodis_01_run1.json
syn_kodis_01,1,B3,"Three dialogues move toward repair through specific problem statements, evidence requests with conditional commitments, acknowledgment or clarification of perceived tone, explicit options, and negotiated next steps. The fourth reaches impasse when a repeated-evidence requirement and an immediate-refund demand remain incompatible; the buyer exits to platform appeal. These are sequential interactional patterns, not traits of either role.","C01 Specific problem and remedy request: A turn identifies a concrete transaction problem and states a desired remedy or acceptable outcome.
C02 Evidence request or provision: A participant requests, supplies, or offers transaction evidence used to assess the claim.
C03 Misreading acknowledged or clarified: A speaker names an interpretation of wording or conduct and then acknowledges or clarifies a different intended meaning.
C04 Conditional remedy and timeframe: A participant connects a next action or remedy to a stated condition, responsibility, or deadline.
C05 Negotiated convergence: A turn accepts, narrows, or confirms an actionable path that accommodates the dispute.
C06 Incompatible procedural positions: Participants maintain mutually incompatible requirements, repeat demands, or close the direct conversation without agreement.","T01 Repair develops through clarification and bounded commitments: Across three dialogues, movement toward repair occurs when participants clarify a disputed meaning or claim, exchange relevant evidence, and formulate an actionable conditional next step.
T02 Impasse follows an unreconciled evidence threshold: In the fourth dialogue, the buyer's refusal to repeat evidence and the seller's insistence on a new video remain incompatible, leading the buyer to end direct negotiation and appeal externally.","KO_E06: A delay dispute does not remain adversarial after explanation, apology, and a bounded verification step.
KO_E07: An initially accusatory reading is revised rather than hardened.
KO_E12: Direct-dialogue impasse does not prove the dispute itself is permanently unresolved.","The packet does not show whether agreed actions in the first three dialogues were completed.
The validity of the seller's policy or the buyer's earlier video in dialogue four cannot be assessed.","Evidence requests can function as reasonable verification or as burdensome repetition depending on prior history not fully shown.
Short wording and direct lists may reflect efficiency rather than relational stance; the dialogues themselves explicitly revise those readings.","Each dialogue contains only three turns, restricting observation of escalation and follow-through.
The fictional interactions cannot support national, cultural, or stable role-based claims.",syn_kodis_01_run1.json
syn_kodis_01,1,B4,"Across these fictional buyer-seller dialogues, disputes move toward repair when participants specify the problem, exchange verifiable evidence, acknowledge misunderstandings, and offer concrete next steps with timelines or narrowed remedies. Impasse appears when both sides hold rigid procedural positions and treat the exchange as repetition rather than collaborative resolution.","C01 Specific complaint with requested remedy: A party states the problem and names a desired outcome such as refund, replacement, or parts.
C02 Verification step: A participant asks for or supplies evidence to check facts before acting.
C03 Tone or intent repair: A speaker addresses how wording was interpreted and redefines intent to reduce friction.
C04 Concrete procedural offer: A speaker offers a clear next step, condition, or timeline for resolution.
C05 Flexible accommodation: A party narrows or adjusts what outcome they will accept in order to move forward.
C06 Rigid procedural stance: A party insists on a fixed requirement or outcome and refuses to continue otherwise.
C07 External escalation to impasse: The exchange ends by moving the dispute to platform appeal or another external process.","T01 Repair advances through verifiable, sequenced problem-solving: These disputes move toward repair when parties convert complaints into evidence-based steps and concrete next actions.
T02 Metacommunication about wording reduces friction: Repair is helped when participants explicitly address how tone or wording was received and then reframe intent.
T03 Flexibility in acceptable outcomes supports settlement: Disputes are more likely to move toward repair when at least one party narrows demands or accepts a conditional path rather than insisting on a single immediate outcome.
T04 Impasse emerges when the exchange is recast as repetition: The clearest path to impasse in these excerpts is when both parties present their demand as already settled and the conversation as merely repeating itself.","KO_E10: Challenges any claim that buyers consistently keep outcomes negotiable.
KO_E11: Shows a verification demand functioning as a hard gate rather than a repair step.
KO_E06: Complicates a view of buyer complaints as purely escalating by showing conditional accommodation.","The packet shows brief dialogue fragments, so earlier history behind KO_E10 and KO_E11 is only partly available.
KO_E04 mentions a prior seller message that is not included verbatim, so the exact wording that triggered offense cannot be checked.
I cannot infer whether either side's policy or demand is substantively justified beyond what the local text states.","KO_E11 could be read as procedural consistency rather than rigidity, though it functions interactionally as a barrier here.
KO_E07 may be partly self-protective face work by the seller rather than a full interpersonal repair.
KO_E03's request for the red kettle might be read as firmness rather than flexibility, although it remains compatible with resolution.","The packet contains only four short dialogues, limiting variation in dispute trajectories.
The analysis is sequential and local; it cannot support claims about broader buyer or seller behavior beyond these fictional excerpts.
Because turns are brief, some codes such as tone repair and flexibility can legitimately overlap within a single line.",syn_kodis_01_run1.json
syn_kodis_01,1,B5,"In these fictional buyer-seller dialogues, repair develops when parties specify the problem, request verifiable evidence, acknowledge wording or misread intent, and propose bounded next steps. Impasse appears where both sides hold firm procedural demands without a mutually acceptable next action, leading the buyer to exit to a platform appeal.","C01 Problem Specification: A party states the disputed item, delay, missing parts, or prior action in concrete terms.
C02 Evidence-Oriented Verification: A turn requests, sends, or proposes checking evidence to determine responsibility or next action.
C03 Conditional Remedy Offer: A party offers a remedy tied to a condition, threshold, or verification outcome.
C04 Meta-Communication About Tone: A party comments on how wording, directness, laughter, or silence was interpreted in the interaction.
C05 Repair Through Acknowledgment: A party acknowledges the other's interpretation, accepts clarification, or thanks them for an explanation.
C06 Negotiated Next Step: The parties converge on a concrete next action that could resolve or move the dispute forward.
C07 Rigid Procedural Standoff: The interaction reaches impasse because parties repeat incompatible demands or refuse the other's required condition.","T01 Repair Advances Through Verifiable Next Steps: In the repair-oriented dialogues, parties move forward by tying remedies to concrete evidence and named actions.
T02 Acknowledging Communication Trouble Restores Cooperation: Two dialogues move toward repair after parties explicitly address how wording or directness was interpreted.
T03 Impasse Emerges From Mutually Unaccepted Conditions: The final dialogue reaches impasse because the buyer and seller each state a non-negotiable condition that the other does not accept.","KO_E01: Repair can begin from direct problem specification without explicit apology or tone discussion.
KO_E08: A buyer's flexibility contrasts with the later all-or-nothing refund demand.
KO_E12: Some disputes may move out of the interpersonal exchange rather than repair within it.","The excerpts do not show whether promised remedies were completed after the final turns.
Policy legitimacy in KO_DIALOGUE_04 cannot be assessed from the packet alone.
Some turns combine transaction management and relationship repair, so code boundaries overlap.","KO_E02's photo request could be read as delay, but the conditional return offer supports repair-oriented verification.
KO_E10's refusal to send another video could be reasonable if a prior video was adequate, but the sequence still shows procedural impasse.
KO_E07 may be an apology-adjacent acknowledgment without explicit apology; it is coded as repair through revised interpretation.","The analysis is limited to four fictional dialogues with three turns each.
No cultural, national, or platform-policy inference is made outside the supplied text.
Interactional process is inferred from turn sequence only, not from outcomes beyond the packet.",syn_kodis_01_run1.json
syn_kodis_01,2,B1,"Repair follows evidence requests, acknowledgment, clarification, and time-bounded options; impasse follows incompatible demands and refusal to provide required evidence.","C01 Evidence request: A participant requests or supplies documentation to establish facts.
C02 Repair proposal: A participant offers a concrete remedy or acceptable resolution.
C03 Acknowledgment and reframe: A turn recognizes impact or revises an interpretation.
C04 Conditional commitment: A party accepts or offers next steps tied to a date or condition.
C05 Demand impasse: Participants maintain incompatible demands and end or block the exchange.","T01 Repair through clarification: Disputes move toward repair when parties clarify intent or impact and pair that clarification with evidence and a feasible next step.
T02 Impasse through fixed conditions: Impasse emerges when each party treats its condition as non-negotiable and the exchange loses a shared next step.","KO_E06: Negotiated waiting is a repair case.
KO_E09: Explicit acceptance contrasts with impasse.",Outcomes after the dialogues are unknown.,Evidence requirements may be procedural safeguards rather than interpersonal refusal.,Only three turns per dialogue are supplied.,syn_kodis_01_run2.json
syn_kodis_01,2,B2,"Across the dialogues, repair is pursued through specifying the problem, checking evidence, recognizing impact or intent, and offering a bounded next step. The fourth dialogue instead ends after incompatible demands and a policy condition are repeated.","C01 Specific problem statement: A speaker states the discrepancy, delay, or missing item and a desired outcome.
C02 Evidence-oriented verification: A speaker requests or offers photographs, labels, records, or confirmation to check the dispute.
C03 Impact or intent clarification: A speaker clarifies how wording was received or what an earlier action meant.
C04 Bounded remedy or next step: A participant offers or accepts a concrete remedy, inquiry, time frame, or conditional action.
C05 Rigid condition: A speaker makes a non-negotiable demand or policy requirement that blocks the offered alternative.
C06 Escalation out of dialogue: A speaker ends the exchange and moves the dispute to another forum.","T01 Repair develops through clarification plus a concrete route: In the first three dialogues, repair moves forward when speakers clarify the dispute or interactional meaning and couple that clarification with a specific next step.
T02 Repeated non-negotiable positions lead to impasse: In the fourth dialogue, the exchange reaches impasse when a full-refund demand and a new-video requirement remain incompatible and are repeated.","KO_E06: Delay does not itself produce impasse when an accountable next step is accepted.
KO_E07: A prior accusation reading can be revised within the interaction.",The dialogues end before material outcomes are confirmed.,The fourth dialogue may reflect a documentation dispute rather than a permanently failed relationship.,Three turns per dialogue provide only a short interactional sequence.,syn_kodis_01_run2.json
syn_kodis_01,2,B3,"Three dialogues move toward repair through specific problem descriptions, evidence requests or provision, acknowledgment of perceived tone, and bounded options with timelines. The fourth reaches impasse when incompatible demands over renewed proof and an immediate refund are repeated, prompting exit to platform appeal.","C01 Specific problem and remedy: A turn identifies the disputed condition and states an acceptable remedy.
C02 Evidence coordination: A speaker requests, supplies, or commits to checking evidence relevant to the dispute.
C03 Metacommunicative repair: A turn names and revises an interpretation of prior wording, directness, or tone.
C04 Bounded option or timeline: A turn offers or accepts a conditional option, alternative remedy, or concrete deadline.
C05 Reciprocal uptake: A speaker accepts, accommodates, or operationalizes the other party's proposed next step.
C06 Incompatible demand and exit: Speakers maintain conflicting procedural demands, leading to conversational termination or escalation elsewhere.","T01 Repair becomes actionable through recognition and bounded next steps: Across three dialogues, disputes move toward repair when speakers recognize the other's account and convert it into evidence-linked, conditional next steps.
T02 Procedural rigidity produces impasse: In the fourth dialogue, mutually incompatible demands over timing and renewed evidence are repeated rather than reformulated, and the buyer exits to an external appeal.","KO_E12: Unlike the three sequences showing movement toward agreement, this sequence terminates in-channel negotiation.
KO_E07: An initially accusatory reading is revised, showing that perceived directness does not inevitably sustain conflict.","No dialogue confirms that a promised remedy was actually completed.
The earlier messages and video referenced in dialogues two and four are absent.","Evidence requests can support verification or function as burdensome gatekeeping; sequence and uptake distinguish their role here.
The platform appeal may be a productive escalation rather than failed repair overall, though it marks impasse in this channel.","Each fictional dialogue contains only three turns.
The packet supports interactional process claims, not cultural or personality explanations.",syn_kodis_01_run2.json
syn_kodis_01,2,B4,"Across these fictional buyer-seller dialogues, repair is advanced when parties specify evidence, acknowledge how wording was received, offer bounded options, and translate positions into workable next steps. Impasse emerges where both parties hold fixed procedural demands and decline the other's requested proof or remedy, leading the buyer to exit to platform appeal.","C01 Concrete problem claim: A party states the disputed issue and desired remedy in specific terms.
C02 Evidence request or provision: A party asks for, sends, or proposes photographs, video, serial numbers, tracking, or records to verify the dispute.
C03 Accountability for wording: A party recognizes how prior wording or format was interpreted and repairs the interactional meaning.
C04 Bounded repair offer: A party offers a specific conditional remedy, timeline, or acceptable resolution.
C05 Conditional acceptance: A party accepts a proposed path if a specific condition is met.
C06 Procedural impasse: The exchange becomes stuck because parties repeat incompatible evidence or remedy demands.","T01 Repair develops through verifiable next steps: In three dialogues, movement toward repair occurs when concrete claims are paired with evidence practices and specific next actions.
T02 Misread tone can be repaired when named: Two dialogues show that naming and revising perceived tone helps shift the exchange from relational friction back to the substantive dispute.
T03 Fixed reciprocal demands create impasse: The fourth dialogue moves toward impasse when buyer and seller each maintain incompatible procedural demands and the buyer exits the conversation.","KO_E11: Evidence requirements can become a barrier when not paired with a mutually acceptable path.
KO_E10: Buyer refusal also contributes to impasse, so the stuck process is reciprocal in the supplied sequence.","The excerpts do not show whether repair offers are completed after the final turns.
Policy correctness and prior evidence quality cannot be assessed from the supplied text.","KO_E11 could be read as legitimate procedure rather than stonewalling, but in sequence it contributes to impasse.
KO_E04's complaint about dismissive wording could be a substantive service issue as well as tone repair.","Only four short fictional dialogues are analyzed.
No national, platform-wide, or buyer/seller trait claims are warranted.
Sequential conclusions are limited to the displayed turns.",syn_kodis_01_run2.json
syn_kodis_01,2,B5,"In these fictional buyer-seller disputes, movement toward repair occurs when participants specify the problem, supply or request verifiable evidence, acknowledge interpersonal friction, and offer concrete next steps with conditions or timelines. Impasse appears when both sides repeat firm requirements without creating a shared path forward, leading the buyer to exit the conversation and escalate to the platform.","C01 Problem and remedy specification: A party states both the problem and a desired remedy or acceptable outcome.
C02 Verification-based troubleshooting: A party seeks or uses documentary evidence to evaluate the complaint before acting.
C03 Relational repair through acknowledgment: A speaker addresses how prior wording or tone was received, helping reset the interaction.
C04 Conditional path forward: A speaker proposes an action tied to a concrete condition, deadline, or follow-up step.
C05 Flexible narrowing of remedy: A party revises or narrows what outcome would be acceptable, enabling settlement.
C06 Rigid policy or demand repetition: A party insists on a requirement or outcome without creating a mutually workable new step.
C07 External escalation after impasse: A participant exits bilateral negotiation and shifts the dispute to a platform process.","T01 Repair advances when the dispute is converted into verifiable, concrete next steps: In these excerpts, disputes move toward repair when the parties translate complaints into specific remedies, evidence checks, and conditional follow-up actions.
T02 Addressing how a message landed can reopen stalled negotiation: In these excerpts, interpersonal acknowledgment of perceived dismissal or hostility helps move the conversation from defensiveness back to problem-solving.
T03 Impasse emerges when both sides repeat non-negotiable positions and shift venue: In these excerpts, bilateral repair fails when one side insists on a single remedy and the other insists on a single proof requirement, producing repetition and external escalation.","KO_E06: Counters any claim that delay complaints automatically escalate; conditional trust can preserve the dialogue.
KO_E08: Shows that buyers do not always maintain maximal demands and may narrow the remedy to enable repair.","The packet does not show final outcomes after the shown turns, so repair is inferred from process rather than completion.
Some seller requirements may be platform-driven, but the packet does not justify treating policy as merely strategic obstruction.
The first dialogue implies likely resolution, but the final shipment or refund is not shown.","KO_E10 could reflect buyer fatigue with repeated evidence requests rather than simple rigidity.
KO_E05 may be read as customer-service scripting, though it still functions interactionally as acknowledgment plus a plan.
KO_E07 and KO_E08 can be interpreted as mutual face repair as much as factual clarification.","Each dialogue is only three turns long, limiting observation of longer negotiation trajectories.
The packet is fictional and should support only bounded claims about the sequences shown.
No cultural or national traits should be inferred from wording, directness, or policy references.",syn_kodis_01_run2.json
syn_kodis_01,3,B1,"Across these fictional dialogues, disputes move toward repair when participants shift from accusation or uncertainty into verifiable evidence, explicit acknowledgment of tone, and narrowed remedies with timelines. Impasse appears when both sides repeat nonnegotiable demands and no new evidentiary or procedural bridge is accepted.","C01 Explicit problem and remedy request: A party clearly states what went wrong and what outcome would count as resolution.
C02 Verification step: A party requests or offers evidence checking before acting on the dispute.
C03 Repair of tone or intent misreading: A speaker addresses how prior wording or style was interpreted and repositions the exchange.
C04 Conditional process offer: A party provides a concrete next step, condition, or deadline that structures resolution.
C05 Flexible narrowing of remedy: One side revises or narrows its preferred solution to make agreement easier.
C06 Policy-bound refusal and escalation: A dispute hardens because a party cites a rigid requirement and the other exits to a higher forum.","T01 Repair strengthens when the dispute becomes evidentiary and procedural: In these dialogues, movement toward repair often occurs when parties translate complaint into evidence checks and concrete next steps.
T02 Acknowledging interpersonal meaning helps reopen negotiation: These dialogues suggest that explicitly addressing how a message sounded or was read can shift the exchange from defensiveness toward collaboration.
T03 Impasse appears when demands harden symmetrically: In these excerpts, disputes move to impasse when each side repeats a fixed requirement and neither accepts the other's condition for progress.","KO_E01: A dispute can begin with a firm remedy request without becoming an impasse if later turns create a workable process.
KO_E08: Flexibility in remedy complicates any claim that buyers simply escalate demands across these dialogues.","Because each dialogue is only three turns long, it is unclear whether apparent repair would fully conclude off-screen or later reopen.
KO_E04 references an earlier seller message that is not included, so the exact prior wording is inferred only from the buyer's report and the seller's reply.","The policy conflict in Dialogue 04 may reflect institutional constraints more than interpersonal unwillingness, but the excerpt only shows the interactional effect.
KO_E07 and KO_E08 can be read as tone repair, but they also function as evidence-preparation moves because photographs are introduced at the same time.","The packet is sequential but brief, so broader platform rules, prior history, and outcomes after the final turn are unavailable.
All claims are restricted to these fictional dialogues and should not be generalized to marketplace behavior outside the packet.",syn_kodis_01_run3.json
syn_kodis_01,3,B2,"Three dialogues move toward repair through specific problem statements, evidence requests, acknowledgment or clarification of interpreted tone, bounded options, and reciprocal acceptance. The fourth reaches impasse when both parties repeat incompatible procedural positions and the buyer exits to a platform appeal. These are sequential interactional patterns, not traits of speakers.","C01 Specific problem and remedy: A party identifies a concrete defect or delay and states an acceptable remedy.
C02 Verification request or provision: A party requests, supplies, or commits to checking evidence relevant to the claim.
C03 Metacommunicative repair: A party names and revises how prior wording or conduct was interpreted.
C04 Bounded reciprocal option: A party offers or accepts a conditional, time-bound, or reduced remedy that creates a shared next step.
C05 Procedural deadlock: Parties repeat incompatible requirements without accepting the other's condition.
C06 Exit to escalation: A party closes the direct conversation and moves the dispute to an external process.","T01 Repair develops through accountable next steps: In three dialogues, movement toward repair occurs when parties pair clarification or verification with a concrete, mutually acceptable next step.
T02 Interpretations can be revised or hardened: Explicitly naming how wording was heard enables revised understanding in two dialogues, whereas repeated incompatible demands in another produce exit and escalation.","KO_E02: This repair route relies on conditional verification rather than apology or discussion of tone.
KO_E10: The buyer presents the refusal as resistance to duplicate evidence, complicating an interpretation of refusal as simple unwillingness to verify.
KO_E12: Direct-talk impasse does not necessarily mean the dispute has no remaining resolution channel.","No dialogue confirms final delivery, refund, or appeal outcome.
The record does not verify whether the earlier video met the seller's serial-number requirement.","Verification requests can be read as accountability mechanisms or, when repeated, as barriers; the sequential response distinguishes them here.
The seller's policy stance may reflect limited authority rather than unwillingness to repair.","Only four short fictional dialogues are included.
Tone is available only through transcribed wording, not prosody or timing.
No national, cultural, or personality inference is warranted.",syn_kodis_01_run3.json
syn_kodis_01,3,B3,"Across these fictional dialogues, repair is pursued through verification, acknowledgment of impact, clarified intent, and bounded remedies. The fourth dialogue reaches impasse when each side maintains a non-negotiable demand, after which the buyer shifts to a platform appeal.","C01 Specific remedy request: A party states a concrete acceptable outcome.
C02 Evidence-based verification: A party requests or uses records, images, or tracking to establish the problem.
C03 Acknowledgment and reframe: A speaker recognizes how a message was received or revises an interpretation of intent.
C04 Conditional commitment: A concrete next step or remedy tied to evidence or a time condition.
C05 Negotiated accommodation: A party adjusts its requested outcome or agrees to a bounded interim arrangement.
C06 Mutual refusal: Sequential non-negotiable positions block further dialogue.
C07 External escalation: A party ends direct discussion and invokes a platform process.","T01 Repair is built through accountable clarification: In the first three dialogues, verification and acknowledgment of how messages were understood are followed by concrete repair pathways.
T02 Bounded accommodation sustains direct negotiation: When parties specify acceptable alternatives or time-limited conditions, the exchanges remain in direct negotiation.
T03 Impasse redirects the dispute: In the fourth dialogue, reciprocal refusal is followed by ending the conversation and using a platform appeal.","KO_E05: A delayed parcel does not necessarily produce impasse when a bounded option is offered.
KO_E07: A perceived accusation can be revised within dialogue.","The dialogues end before completion of the proposed remedies.
It is unclear whether photographs or tracking independently caused repair.",The repair moves may reflect the scripted turn sequence as much as the content of any single move.,"These are brief fictional dialogues.
No platform policy details or later outcomes are available.",syn_kodis_01_run3.json
syn_kodis_01,3,B4,"Repair advances when parties specify the problem, request verifiable evidence, acknowledge wording or interpretation, offer concrete next steps, and accept revised terms. Impasse appears when both sides repeat non-negotiable demands around evidence and refund conditions, moving the buyer to platform appeal.","C01 Specific problem claim: A party states the disputed issue in concrete terms such as wrong item, lateness, missing parts, or prior evidence.
C02 Evidence request or provision: A turn asks for, sends, or proposes evidence to verify the dispute.
C03 Accountability offer: A seller or buyer pairs responsibility, inquiry, return coverage, or confirmation with a concrete action.
C04 Misreading repair: A party names how wording or form was interpreted and revises that interpretation.
C05 Conditional timeline: A proposal creates a dated or conditional path for waiting, refunding, or inquiry.
C06 Negotiated acceptable remedy: A party states a remedy they would accept or agrees to another party's proposed remedy.
C07 Entrenched procedural refusal: A turn closes negotiation by refusing requested evidence, refusing refund discussion, or shifting to an appeal after repeated demands.","T01 Repair develops through verifiable next steps: In the repair-oriented dialogues, parties move forward by converting complaints into evidence requests, supplied evidence, or accountable action steps.
T02 Repair also addresses the meaning of prior turns: Some disputes improve when parties explicitly repair interpretations of tone or wording, not only the transaction problem.
T03 Impasse forms when conditions become mutually blocking: Dialogue 04 moves toward impasse because the buyer and seller each state a non-negotiable condition, and the buyer exits to platform appeal.","KO_E06: A firm condition can support repair when it creates a shared timeline.
KO_E07: Directness does not remain an accusation once a participant revises the interpretation.
KO_E12: Not all disputes in the packet are repaired within the dialogue.","The packet does not show final delivery, refund, or appeal outcomes, so repair means interactional movement rather than completed resolution.
The prior messages referenced in some turns are not included, limiting assessment of their original wording.","KO_E11 could be read as a legitimate verification requirement rather than obstruction; the impasse arises from its placement after the buyer refuses another video.
KO_E10 may reflect frustration with repeated evidence requests rather than unwillingness to cooperate in general.","No national, marketplace, or cultural traits can be inferred from these fictional dialogues.
The analysis follows turn sequence but has only three turns per dialogue.
The output should not adjudicate policy correctness or platform rules.",syn_kodis_01_run3.json
syn_kodis_01,3,B5,"Repair follows evidence, acknowledgment, clarification, and concrete conditional steps. Impasse follows mutually fixed demands over refund and verification, ending in platform appeal.","C01 problem formulation: A party specifies a discrepancy, delay, missing item, or remedy.
C02 evidence work: Parties request, provide, or promise evidence.
C03 repair offer: A party apologizes, accepts responsibility, or proposes a remedy.
C04 meaning clarification: Intent and received meaning are explicitly distinguished.
C05 conditional coordination: A party offers a date, criterion, or agreed next procedural step.
C06 fixed demand or escalation: A party refuses a step, fixes a condition, or escalates externally.","T01 Evidence and clarification enable repair: In the first three dialogues, evidence and meaning clarification turn competing accounts into actionable agreements.
T02 Fixed conditions create impasse: In dialogue four, mutually fixed demands block repair and shift the buyer to platform appeal.","KO_E09: Marks acceptance and coordination.
KO_E12: Explicit escalation after failed repair.","Actual remedy fulfillment is unknown.
Written tone is partly underdetermined.","Policy may be protection rather than unwillingness.
Appeal may be a repair route.","Four fictional dialogues.
No independent claim verification.",syn_kodis_01_run3.json
