2026-09-03T17:18:55.119564Z valid dreaddit Generalist qwen3:8b attempt=1 valid=38/3600
2026-09-03T17:18:59.214954Z valid dreaddit Fixed role qwen3:8b attempt=1 valid=39/3600
2026-09-03T17:19:04.387512Z valid dreaddit All roles qwen3:8b attempt=1 valid=40/3600
2026-09-03T17:19:09.300935Z valid dreaddit Generalist llama3.1:8b attempt=1 valid=41/3600
2026-09-03T17:19:13.893907Z valid dreaddit Fixed role llama3.1:8b attempt=1 valid=42/3600
2026-09-03T17:19:19.299605Z valid dreaddit All roles llama3.1:8b attempt=1 valid=43/3600
2026-09-03T17:19:23.564819Z valid dreaddit Generalist gemma3:4b attempt=1 valid=44/3600
2026-09-03T17:19:27.517497Z valid dreaddit Fixed role gemma3:4b attempt=1 valid=45/3600
2026-09-03T17:19:32.729942Z valid dreaddit All roles gemma3:4b attempt=1 valid=46/3600
2026-09-03T17:19:36.056452Z valid goemotions Generalist qwen3:8b attempt=1 valid=47/3600
2026-09-03T17:19:39.228774Z valid goemotions Fixed role qwen3:8b attempt=1 valid=48/3600
2026-09-03T17:19:42.590395Z valid goemotions All roles qwen3:8b attempt=1 valid=49/3600
2026-09-03T17:19:45.421876Z valid goemotions Generalist llama3.1:8b attempt=1 valid=50/3600
2026-09-03T17:19:48.489357Z valid goemotions Fixed role llama3.1:8b attempt=1 valid=51/3600
2026-09-03T17:19:51.777192Z valid goemotions All roles llama3.1:8b attempt=1 valid=52/3600
2026-09-03T17:19:54.715096Z valid goemotions Generalist gemma3:4b attempt=1 valid=53/3600
2026-09-03T17:19:57.628014Z valid goemotions Fixed role gemma3:4b attempt=1 valid=54/3600
2026-09-03T17:20:01.448293Z valid goemotions All roles gemma3:4b attempt=1 valid=55/3600
2026-09-03T17:20:04.834708Z valid agyw_focus_groups Generalist qwen3:8b attempt=1 valid=56/3600
2026-09-03T17:20:07.993710Z valid agyw_focus_groups Fixed role qwen3:8b attempt=1 valid=57/3600
2026-09-03T17:20:11.347422Z valid agyw_focus_groups All roles qwen3:8b attempt=1 valid=58/3600
2026-09-03T17:20:14.774570Z valid agyw_focus_groups Generalist llama3.1:8b attempt=1 valid=59/3600
2026-09-03T17:20:18.063434Z valid agyw_focus_groups Fixed role llama3.1:8b attempt=1 valid=60/3600
2026-09-03T17:20:21.878186Z valid agyw_focus_groups All roles llama3.1:8b attempt=1 valid=61/3600
2026-09-03T17:20:25.255755Z valid agyw_focus_groups Generalist gemma3:4b attempt=1 valid=62/3600
2026-09-03T17:20:28.775879Z valid agyw_focus_groups Fixed role gemma3:4b attempt=1 valid=63/3600
2026-09-03T17:20:33.000725Z valid agyw_focus_groups All roles gemma3:4b attempt=1 valid=64/3600
2026-09-03T17:20:36.820029Z valid parlamint_gb Generalist qwen3:8b attempt=1 valid=65/3600
2026-09-03T17:20:40.582638Z valid parlamint_gb Fixed role qwen3:8b attempt=1 valid=66/3600
2026-09-03T17:20:44.372522Z valid parlamint_gb All roles qwen3:8b attempt=1 valid=67/3600
2026-09-03T17:20:47.777727Z valid parlamint_gb Generalist llama3.1:8b attempt=1 valid=68/3600
2026-09-03T17:20:51.847130Z valid parlamint_gb Fixed role llama3.1:8b attempt=1 valid=69/3600
2026-09-03T17:20:55.766115Z valid parlamint_gb All roles llama3.1:8b attempt=1 valid=70/3600
2026-09-03T17:20:59.735766Z valid parlamint_gb Generalist gemma3:4b attempt=1 valid=71/3600
2026-09-03T17:21:03.337696Z valid parlamint_gb Fixed role gemma3:4b attempt=1 valid=72/3600
2026-09-03T17:21:07.119704Z valid parlamint_gb All roles gemma3:4b attempt=1 valid=73/3600
2026-09-03T17:21:11.930875Z valid dreaddit Generalist qwen3:8b attempt=1 valid=74/3600
2026-09-03T17:21:16.937667Z valid dreaddit Fixed role qwen3:8b attempt=1 valid=75/3600
2026-09-03T17:21:22.247268Z valid dreaddit All roles qwen3:8b attempt=1 valid=76/3600
2026-09-03T17:21:28.077694Z valid dreaddit Generalist llama3.1:8b attempt=1 valid=77/3600
2026-09-03T17:21:33.792803Z valid dreaddit Fixed role llama3.1:8b attempt=1 valid=78/3600
2026-09-03T17:21:39.752373Z valid dreaddit All roles llama3.1:8b attempt=1 valid=79/3600
2026-09-03T17:21:45.613454Z valid dreaddit Generalist gemma3:4b attempt=1 valid=80/3600
2026-09-03T17:21:51.347436Z valid dreaddit Fixed role gemma3:4b attempt=1 valid=81/3600
2026-09-03T17:21:57.534085Z valid dreaddit All roles gemma3:4b attempt=1 valid=82/3600
2026-09-03T17:22:00.651612Z valid goemotions Generalist qwen3:8b attempt=1 valid=83/3600
2026-09-03T17:22:03.772469Z valid goemotions Fixed role qwen3:8b attempt=1 valid=84/3600
2026-09-03T17:22:07.201945Z valid goemotions All roles qwen3:8b attempt=1 valid=85/3600
2026-09-03T17:22:10.309521Z valid goemotions Generalist llama3.1:8b attempt=1 valid=86/3600
2026-09-03T17:22:13.435875Z valid goemotions Fixed role llama3.1:8b attempt=1 valid=87/3600
2026-09-03T17:22:17.606841Z valid goemotions All roles llama3.1:8b attempt=1 valid=88/3600
2026-09-03T17:22:20.709249Z valid goemotions Generalist gemma3:4b attempt=1 valid=89/3600
2026-09-03T17:22:23.801298Z valid goemotions Fixed role gemma3:4b attempt=1 valid=90/3600
2026-09-03T17:22:27.317367Z valid goemotions All roles gemma3:4b attempt=1 valid=91/3600
2026-09-03T17:22:31.401986Z valid agyw_focus_groups Generalist qwen3:8b attempt=1 valid=92/3600
2026-09-03T17:22:35.675591Z valid agyw_focus_groups Fixed role qwen3:8b attempt=1 valid=93/3600
2026-09-03T17:22:40.669791Z valid agyw_focus_groups All roles qwen3:8b attempt=1 valid=94/3600
2026-09-03T17:22:45.186111Z valid agyw_focus_groups Generalist llama3.1:8b attempt=1 valid=95/3600
2026-09-03T17:22:49.254049Z valid agyw_focus_groups Fixed role llama3.1:8b attempt=1 valid=96/3600
2026-09-03T17:22:53.966663Z valid agyw_focus_groups All roles llama3.1:8b attempt=1 valid=97/3600
2026-09-03T17:22:58.153395Z valid agyw_focus_groups Generalist gemma3:4b attempt=1 valid=98/3600
2026-09-03T17:23:02.645897Z valid agyw_focus_groups Fixed role gemma3:4b attempt=1 valid=99/3600
2026-09-03T17:23:07.049574Z valid agyw_focus_groups All roles gemma3:4b attempt=1 valid=100/3600
2026-09-03T17:23:11.028167Z valid parlamint_gb Generalist qwen3:8b attempt=1 valid=101/3600
2026-09-03T17:23:14.791003Z valid parlamint_gb Fixed role qwen3:8b attempt=1 valid=102/3600
2026-09-03T17:23:19.379654Z valid parlamint_gb All roles qwen3:8b attempt=1 valid=103/3600
2026-09-03T17:23:22.972172Z valid parlamint_gb Generalist llama3.1:8b attempt=1 valid=104/3600
2026-09-03T17:23:26.689002Z valid parlamint_gb Fixed role llama3.1:8b attempt=1 valid=105/3600
2026-09-03T17:23:31.399885Z valid parlamint_gb All roles llama3.1:8b attempt=1 valid=106/3600
2026-09-03T17:23:35.894241Z valid parlamint_gb Generalist gemma3:4b attempt=1 valid=107/3600
2026-09-03T17:23:39.922324Z valid parlamint_gb Fixed role gemma3:4b attempt=1 valid=108/3600
2026-09-03T17:23:44.640292Z valid parlamint_gb All roles gemma3:4b attempt=1 valid=109/3600
2026-09-03T17:23:49.303051Z valid dreaddit Generalist qwen3:8b attempt=1 valid=110/3600
2026-09-03T17:23:53.708776Z valid dreaddit Fixed role qwen3:8b attempt=1 valid=111/3600
2026-09-03T17:23:58.683486Z valid dreaddit All roles qwen3:8b attempt=1 valid=112/3600
2026-09-03T17:24:03.004438Z valid dreaddit Generalist llama3.1:8b attempt=1 valid=113/3600
2026-09-03T17:24:07.405989Z valid dreaddit Fixed role llama3.1:8b attempt=1 valid=114/3600
2026-09-03T17:24:12.924575Z valid dreaddit All roles llama3.1:8b attempt=1 valid=115/3600
2026-09-03T17:24:17.803227Z valid dreaddit Generalist gemma3:4b attempt=1 valid=116/3600
2026-09-03T17:24:22.975561Z valid dreaddit Fixed role gemma3:4b attempt=1 valid=117/3600
2026-09-03T17:24:28.344557Z valid dreaddit All roles gemma3:4b attempt=1 valid=118/3600
2026-09-03T17:24:32.541660Z valid goemotions Generalist qwen3:8b attempt=1 valid=119/3600
2026-09-03T17:24:35.692272Z valid goemotions Fixed role qwen3:8b attempt=1 valid=120/3600
2026-09-03T17:24:40.210614Z valid goemotions All roles qwen3:8b attempt=1 valid=121/3600
2026-09-03T17:24:43.905857Z valid goemotions Generalist llama3.1:8b attempt=1 valid=122/3600
2026-09-03T17:24:48.248981Z valid goemotions Fixed role llama3.1:8b attempt=1 valid=123/3600
2026-09-03T17:24:52.533187Z valid goemotions All roles llama3.1:8b attempt=1 valid=124/3600
2026-09-03T17:24:57.585827Z valid goemotions Generalist gemma3:4b attempt=1 valid=125/3600
2026-09-03T17:25:02.459812Z valid goemotions Fixed role gemma3:4b attempt=1 valid=126/3600
2026-09-03T17:25:07.366796Z valid goemotions All roles gemma3:4b attempt=1 valid=127/3600
2026-09-03T17:25:12.462411Z valid agyw_focus_groups Generalist qwen3:8b attempt=1 valid=128/3600
2026-09-03T17:25:17.067885Z valid agyw_focus_groups Fixed role qwen3:8b attempt=1 valid=129/3600
2026-09-03T17:25:20.967994Z valid agyw_focus_groups All roles qwen3:8b attempt=1 valid=130/3600
2026-09-03T17:25:26.052352Z valid agyw_focus_groups Generalist llama3.1:8b attempt=1 valid=131/3600
2026-09-03T17:25:30.470687Z valid agyw_focus_groups Fixed role llama3.1:8b attempt=1 valid=132/3600
2026-09-03T17:25:34.930334Z valid agyw_focus_groups All roles llama3.1:8b attempt=1 valid=133/3600
2026-09-03T17:25:39.292139Z valid agyw_focus_groups Generalist gemma3:4b attempt=1 valid=134/3600
2026-09-03T17:25:43.460362Z valid agyw_focus_groups Fixed role gemma3:4b attempt=1 valid=135/3600
2026-09-03T17:25:48.036576Z valid agyw_focus_groups All roles gemma3:4b attempt=1 valid=136/3600
2026-09-03T17:25:53.883647Z valid parlamint_gb Generalist qwen3:8b attempt=1 valid=137/3600
2026-09-03T17:25:59.685185Z valid parlamint_gb Fixed role qwen3:8b attempt=1 valid=138/3600
2026-09-03T17:26:05.946053Z valid parlamint_gb All roles qwen3:8b attempt=1 valid=139/3600
2026-09-03T17:26:11.337994Z valid parlamint_gb Generalist llama3.1:8b attempt=1 valid=140/3600
2026-09-03T17:26:17.467713Z valid parlamint_gb Fixed role llama3.1:8b attempt=1 valid=141/3600
2026-09-03T17:26:23.820724Z valid parlamint_gb All roles llama3.1:8b attempt=1 valid=142/3600
2026-09-03T17:26:29.809603Z valid parlamint_gb Generalist gemma3:4b attempt=1 valid=143/3600
2026-09-03T17:26:35.821119Z valid parlamint_gb Fixed role gemma3:4b attempt=1 valid=144/3600
2026-09-03T17:26:42.137112Z valid parlamint_gb All roles gemma3:4b attempt=1 valid=145/3600
2026-09-03T17:26:47.141566Z valid dreaddit Generalist qwen3:8b attempt=1 valid=146/3600
2026-09-03T17:26:51.714522Z valid dreaddit Fixed role qwen3:8b attempt=1 valid=147/3600
2026-09-03T17:26:56.510432Z valid dreaddit All roles qwen3:8b attempt=1 valid=148/3600
2026-09-03T17:27:01.616804Z valid dreaddit Generalist llama3.1:8b attempt=1 valid=149/3600
2026-09-03T17:27:06.869346Z valid dreaddit Fixed role llama3.1:8b attempt=1 valid=150/3600
2026-09-03T17:27:12.089858Z valid dreaddit All roles llama3.1:8b attempt=1 valid=151/3600
2026-09-03T17:27:16.852557Z valid dreaddit Generalist gemma3:4b attempt=1 valid=152/3600
2026-09-03T17:27:21.403481Z valid dreaddit Fixed role gemma3:4b attempt=1 valid=153/3600
2026-09-03T17:27:27.260532Z valid dreaddit All roles gemma3:4b attempt=1 valid=154/3600
2026-09-03T17:27:30.533914Z valid goemotions Generalist qwen3:8b attempt=1 valid=155/3600
2026-09-03T17:27:33.649893Z valid goemotions Fixed role qwen3:8b attempt=1 valid=156/3600
2026-09-03T17:27:38.111168Z valid goemotions All roles qwen3:8b attempt=1 valid=157/3600
2026-09-03T17:27:41.958060Z valid goemotions Generalist llama3.1:8b attempt=1 valid=158/3600
2026-09-03T17:27:45.412435Z valid goemotions Fixed role llama3.1:8b attempt=1 valid=159/3600
2026-09-03T17:27:49.081897Z valid goemotions All roles llama3.1:8b attempt=1 valid=160/3600
2026-09-03T17:27:53.334600Z valid goemotions Generalist gemma3:4b attempt=1 valid=161/3600
2026-09-03T17:27:56.824702Z valid goemotions Fixed role gemma3:4b attempt=1 valid=162/3600
2026-09-03T17:28:00.752058Z valid goemotions All roles gemma3:4b attempt=1 valid=163/3600
2026-09-03T17:28:04.859708Z valid agyw_focus_groups Generalist qwen3:8b attempt=1 valid=164/3600
2026-09-03T17:28:08.925460Z valid agyw_focus_groups Fixed role qwen3:8b attempt=1 valid=165/3600
2026-09-03T17:28:13.276541Z valid agyw_focus_groups All roles qwen3:8b attempt=1 valid=166/3600
2026-09-03T17:28:16.923603Z valid agyw_focus_groups Generalist llama3.1:8b attempt=1 valid=167/3600
2026-09-03T17:28:20.887718Z valid agyw_focus_groups Fixed role llama3.1:8b attempt=1 valid=168/3600
2026-09-03T17:28:24.964330Z valid agyw_focus_groups All roles llama3.1:8b attempt=1 valid=169/3600
2026-09-03T17:28:28.580520Z valid agyw_focus_groups Generalist gemma3:4b attempt=1 valid=170/3600
2026-09-03T17:28:32.880834Z valid agyw_focus_groups Fixed role gemma3:4b attempt=1 valid=171/3600
2026-09-03T17:28:37.806538Z valid agyw_focus_groups All roles gemma3:4b attempt=1 valid=172/3600
2026-09-03T17:28:47.256614Z valid parlamint_gb Generalist qwen3:8b attempt=1 valid=173/3600
2026-09-03T17:28:57.326585Z valid parlamint_gb Fixed role qwen3:8b attempt=1 valid=174/3600
2026-09-03T17:29:07.287119Z valid parlamint_gb All roles qwen3:8b attempt=1 valid=175/3600
2026-09-03T17:29:17.364950Z valid parlamint_gb Generalist llama3.1:8b attempt=1 valid=176/3600
2026-09-03T17:29:27.587998Z valid parlamint_gb Fixed role llama3.1:8b attempt=1 valid=177/3600
2026-09-03T17:29:38.177379Z valid parlamint_gb All roles llama3.1:8b attempt=1 valid=178/3600
2026-09-03T17:29:48.624882Z valid parlamint_gb Generalist gemma3:4b attempt=1 valid=179/3600
2026-09-03T17:29:58.522363Z valid parlamint_gb Fixed role gemma3:4b attempt=1 valid=180/3600
2026-09-03T17:30:09.619082Z valid parlamint_gb All roles gemma3:4b attempt=1 valid=181/3600
2026-09-03T17:30:14.458718Z valid dreaddit Generalist qwen3:8b attempt=1 valid=182/3600
2026-09-03T17:30:19.257987Z valid dreaddit Fixed role qwen3:8b attempt=1 valid=183/3600
2026-09-03T17:30:24.764607Z valid dreaddit All roles qwen3:8b attempt=1 valid=184/3600
2026-09-03T17:30:30.635154Z valid dreaddit Generalist llama3.1:8b attempt=1 valid=185/3600
2026-09-03T17:30:36.721041Z valid dreaddit Fixed role llama3.1:8b attempt=1 valid=186/3600
2026-09-03T17:30:42.442368Z valid dreaddit All roles llama3.1:8b attempt=1 valid=187/3600
2026-09-03T17:30:47.873986Z valid dreaddit Generalist gemma3:4b attempt=1 valid=188/3600
2026-09-03T17:30:52.918787Z valid dreaddit Fixed role gemma3:4b attempt=1 valid=189/3600
2026-09-03T17:30:59.091420Z valid dreaddit All roles gemma3:4b attempt=1 valid=190/3600
2026-09-03T17:31:03.121500Z valid goemotions Generalist qwen3:8b attempt=1 valid=191/3600
2026-09-03T17:31:06.001318Z valid goemotions Fixed role qwen3:8b attempt=1 valid=192/3600
2026-09-03T17:31:09.822200Z valid goemotions All roles qwen3:8b attempt=1 valid=193/3600
2026-09-03T17:31:12.937009Z valid goemotions Generalist llama3.1:8b attempt=1 valid=194/3600
2026-09-03T17:31:16.836425Z valid goemotions Fixed role llama3.1:8b attempt=1 valid=195/3600
2026-09-03T17:31:21.099846Z valid goemotions All roles llama3.1:8b attempt=1 valid=196/3600
2026-09-03T17:31:25.175785Z valid goemotions Generalist gemma3:4b attempt=1 valid=197/3600
2026-09-03T17:31:29.655546Z valid goemotions Fixed role gemma3:4b attempt=1 valid=198/3600
2026-09-03T17:31:33.219432Z valid goemotions All roles gemma3:4b attempt=1 valid=199/3600
2026-09-03T17:31:36.381451Z valid agyw_focus_groups Generalist qwen3:8b attempt=1 valid=200/3600
2026-09-03T17:31:39.566433Z valid agyw_focus_groups Fixed role qwen3:8b attempt=1 valid=201/3600
2026-09-03T17:31:43.384695Z valid agyw_focus_groups All roles qwen3:8b attempt=1 valid=202/3600
2026-09-03T17:31:46.803479Z valid agyw_focus_groups Generalist llama3.1:8b attempt=1 valid=203/3600
2026-09-03T17:31:50.152605Z valid agyw_focus_groups Fixed role llama3.1:8b attempt=1 valid=204/3600
2026-09-03T17:31:54.101344Z valid agyw_focus_groups All roles llama3.1:8b attempt=1 valid=205/3600
2026-09-03T17:31:57.549532Z valid agyw_focus_groups Generalist gemma3:4b attempt=1 valid=206/3600
2026-09-03T17:32:01.059815Z valid agyw_focus_groups Fixed role gemma3:4b attempt=1 valid=207/3600
2026-09-03T17:32:05.398899Z valid agyw_focus_groups All roles gemma3:4b attempt=1 valid=208/3600
2026-09-03T17:32:10.961369Z valid parlamint_gb Generalist qwen3:8b attempt=1 valid=209/3600
2026-09-03T17:32:16.703888Z valid parlamint_gb Fixed role qwen3:8b attempt=1 valid=210/3600
2026-09-03T17:32:22.380744Z valid parlamint_gb All roles qwen3:8b attempt=1 valid=211/3600
2026-09-03T17:32:27.703189Z valid parlamint_gb Generalist llama3.1:8b attempt=1 valid=212/3600
2026-09-03T17:32:33.174478Z valid parlamint_gb Fixed role llama3.1:8b attempt=1 valid=213/3600
2026-09-03T17:32:39.030455Z valid parlamint_gb All roles llama3.1:8b attempt=1 valid=214/3600
2026-09-03T17:32:44.369777Z valid parlamint_gb Generalist gemma3:4b attempt=1 valid=215/3600
2026-09-03T17:32:49.324052Z valid parlamint_gb Fixed role gemma3:4b attempt=1 valid=216/3600
2026-09-03T17:32:54.869931Z valid parlamint_gb All roles gemma3:4b attempt=1 valid=217/3600
2026-09-03T17:32:59.572778Z valid dreaddit Generalist qwen3:8b attempt=1 valid=218/3600
2026-09-03T17:33:04.193305Z valid dreaddit Fixed role qwen3:8b attempt=1 valid=219/3600
2026-09-03T17:33:09.618159Z valid dreaddit All roles qwen3:8b attempt=1 valid=220/3600
2026-09-03T17:33:14.678019Z valid dreaddit Generalist llama3.1:8b attempt=1 valid=221/3600
2026-09-03T17:33:19.455734Z valid dreaddit Fixed role llama3.1:8b attempt=1 valid=222/3600
2026-09-03T17:33:24.538953Z valid dreaddit All roles llama3.1:8b attempt=1 valid=223/3600
2026-09-03T17:33:29.819408Z valid dreaddit Generalist gemma3:4b attempt=1 valid=224/3600
2026-09-03T17:33:34.644729Z valid dreaddit Fixed role gemma3:4b attempt=1 valid=225/3600
2026-09-03T17:33:40.133938Z valid dreaddit All roles gemma3:4b attempt=1 valid=226/3600
2026-09-03T17:33:43.779262Z valid goemotions Generalist qwen3:8b attempt=1 valid=227/3600
2026-09-03T17:33:47.046578Z valid goemotions Fixed role qwen3:8b attempt=1 valid=228/3600
2026-09-03T17:33:50.669109Z valid goemotions All roles qwen3:8b attempt=1 valid=229/3600
2026-09-03T17:33:53.829456Z valid goemotions Generalist llama3.1:8b attempt=1 valid=230/3600
2026-09-03T17:33:57.160353Z valid goemotions Fixed role llama3.1:8b attempt=1 valid=231/3600
2026-09-03T17:34:00.735610Z valid goemotions All roles llama3.1:8b attempt=1 valid=232/3600
2026-09-03T17:34:03.874712Z valid goemotions Generalist gemma3:4b attempt=1 valid=233/3600
2026-09-03T17:34:07.107254Z valid goemotions Fixed role gemma3:4b attempt=1 valid=234/3600
2026-09-03T17:34:11.101097Z valid goemotions All roles gemma3:4b attempt=1 valid=235/3600
2026-09-03T17:34:14.828519Z valid agyw_focus_groups Generalist qwen3:8b attempt=1 valid=236/3600
2026-09-03T17:34:18.704237Z valid agyw_focus_groups Fixed role qwen3:8b attempt=1 valid=237/3600
2026-09-03T17:34:22.513378Z valid agyw_focus_groups All roles qwen3:8b attempt=1 valid=238/3600
2026-09-03T17:34:26.441815Z valid agyw_focus_groups Generalist llama3.1:8b attempt=1 valid=239/3600
2026-09-03T17:34:30.641711Z valid agyw_focus_groups Fixed role llama3.1:8b attempt=1 valid=240/3600
2026-09-03T17:34:34.814174Z valid agyw_focus_groups All roles llama3.1:8b attempt=1 valid=241/3600
2026-09-03T17:34:38.674061Z valid agyw_focus_groups Generalist gemma3:4b attempt=1 valid=242/3600
2026-09-03T17:34:43.385645Z valid agyw_focus_groups Fixed role gemma3:4b attempt=1 valid=243/3600
2026-09-03T17:34:47.825362Z valid agyw_focus_groups All roles gemma3:4b attempt=1 valid=244/3600
2026-09-03T17:34:52.168546Z valid parlamint_gb Generalist qwen3:8b attempt=1 valid=245/3600
2026-09-03T17:34:57.542718Z valid parlamint_gb Fixed role qwen3:8b attempt=1 valid=246/3600
2026-09-03T17:35:02.938452Z valid parlamint_gb All roles qwen3:8b attempt=1 valid=247/3600
2026-09-03T17:35:07.820903Z valid parlamint_gb Generalist llama3.1:8b attempt=1 valid=248/3600
2026-09-03T17:35:12.802407Z valid parlamint_gb Fixed role llama3.1:8b attempt=1 valid=249/3600
2026-09-03T17:35:18.703534Z valid parlamint_gb All roles llama3.1:8b attempt=1 valid=250/3600
2026-09-03T17:35:23.518583Z valid parlamint_gb Generalist gemma3:4b attempt=1 valid=251/3600
2026-09-03T17:35:28.587006Z valid parlamint_gb Fixed role gemma3:4b attempt=1 valid=252/3600
2026-09-03T17:35:34.393295Z valid parlamint_gb All roles gemma3:4b attempt=1 valid=253/3600
2026-09-03T17:35:40.168057Z valid dreaddit Generalist qwen3:8b attempt=1 valid=254/3600
2026-09-03T17:35:45.515476Z valid dreaddit Fixed role qwen3:8b attempt=1 valid=255/3600
2026-09-03T17:35:51.008449Z valid dreaddit All roles qwen3:8b attempt=1 valid=256/3600
2026-09-03T17:35:55.830291Z valid dreaddit Generalist llama3.1:8b attempt=1 valid=257/3600
2026-09-03T17:36:01.068134Z valid dreaddit Fixed role llama3.1:8b attempt=1 valid=258/3600
2026-09-03T17:36:06.509378Z valid dreaddit All roles llama3.1:8b attempt=1 valid=259/3600
2026-09-03T17:36:11.855136Z valid dreaddit Generalist gemma3:4b attempt=1 valid=260/3600
2026-09-03T17:36:16.688701Z valid dreaddit Fixed role gemma3:4b attempt=1 valid=261/3600
2026-09-03T17:36:22.002476Z valid dreaddit All roles gemma3:4b attempt=1 valid=262/3600
2026-09-03T17:36:26.513876Z valid goemotions Generalist qwen3:8b attempt=1 valid=263/3600
2026-09-03T17:36:30.059542Z valid goemotions Fixed role qwen3:8b attempt=1 valid=264/3600
2026-09-03T17:36:33.813548Z valid goemotions All roles qwen3:8b attempt=1 valid=265/3600
2026-09-03T17:36:37.333202Z valid goemotions Generalist llama3.1:8b attempt=1 valid=266/3600
2026-09-03T17:36:41.015107Z valid goemotions Fixed role llama3.1:8b attempt=1 valid=267/3600
2026-09-03T17:36:45.487300Z valid goemotions All roles llama3.1:8b attempt=1 valid=268/3600
2026-09-03T17:36:49.942609Z valid goemotions Generalist gemma3:4b attempt=1 valid=269/3600
2026-09-03T17:36:53.968949Z valid goemotions Fixed role gemma3:4b attempt=1 valid=270/3600
2026-09-03T17:36:57.871411Z valid goemotions All roles gemma3:4b attempt=1 valid=271/3600
2026-09-03T17:37:02.562746Z valid agyw_focus_groups Generalist qwen3:8b attempt=1 valid=272/3600
2026-09-03T17:37:07.536999Z valid agyw_focus_groups Fixed role qwen3:8b attempt=1 valid=273/3600
2026-09-03T17:37:13.072533Z valid agyw_focus_groups All roles qwen3:8b attempt=1 valid=274/3600
2026-09-03T17:37:17.414632Z valid agyw_focus_groups Generalist llama3.1:8b attempt=1 valid=275/3600
2026-09-03T17:37:21.822032Z valid agyw_focus_groups Fixed role llama3.1:8b attempt=1 valid=276/3600
2026-09-03T17:37:26.850162Z valid agyw_focus_groups All roles llama3.1:8b attempt=1 valid=277/3600
2026-09-03T17:37:31.775721Z valid agyw_focus_groups Generalist gemma3:4b attempt=1 valid=278/3600
2026-09-03T17:37:36.037256Z valid agyw_focus_groups Fixed role gemma3:4b attempt=1 valid=279/3600
2026-09-03T17:37:40.673112Z valid agyw_focus_groups All roles gemma3:4b attempt=1 valid=280/3600
2026-09-03T17:37:46.005331Z valid parlamint_gb Generalist qwen3:8b attempt=1 valid=281/3600
2026-09-03T17:37:51.915691Z valid parlamint_gb Fixed role qwen3:8b attempt=1 valid=282/3600
2026-09-03T17:37:57.073528Z valid parlamint_gb All roles qwen3:8b attempt=1 valid=283/3600
2026-09-03T17:38:02.201846Z valid parlamint_gb Generalist llama3.1:8b attempt=1 valid=284/3600
2026-09-03T17:38:07.245687Z valid parlamint_gb Fixed role llama3.1:8b attempt=1 valid=285/3600
2026-09-03T17:38:12.606353Z valid parlamint_gb All roles llama3.1:8b attempt=1 valid=286/3600
2026-09-03T17:38:17.988860Z valid parlamint_gb Generalist gemma3:4b attempt=1 valid=287/3600
2026-09-03T17:38:23.124158Z valid parlamint_gb Fixed role gemma3:4b attempt=1 valid=288/3600
2026-09-03T17:38:28.560032Z valid parlamint_gb All roles gemma3:4b attempt=1 valid=289/3600
2026-09-03T17:38:33.585124Z valid dreaddit Generalist qwen3:8b attempt=1 valid=290/3600
2026-09-03T17:38:38.744872Z valid dreaddit Fixed role qwen3:8b attempt=1 valid=291/3600
2026-09-03T17:38:43.706546Z valid dreaddit All roles qwen3:8b attempt=1 valid=292/3600
2026-09-03T17:38:48.922356Z valid dreaddit Generalist llama3.1:8b attempt=1 valid=293/3600
2026-09-03T17:38:54.299229Z valid dreaddit Fixed role llama3.1:8b attempt=1 valid=294/3600
2026-09-03T17:38:59.333529Z valid dreaddit All roles llama3.1:8b attempt=1 valid=295/3600
2026-09-03T17:39:05.568239Z valid dreaddit Generalist gemma3:4b attempt=1 valid=296/3600
2026-09-03T17:39:10.727485Z valid dreaddit Fixed role gemma3:4b attempt=1 valid=297/3600
2026-09-03T17:39:16.096868Z valid dreaddit All roles gemma3:4b attempt=1 valid=298/3600
2026-09-03T17:39:19.647838Z valid goemotions Generalist qwen3:8b attempt=1 valid=299/3600
2026-09-03T17:39:22.870847Z valid goemotions Fixed role qwen3:8b attempt=1 valid=300/3600
2026-09-03T17:39:26.667340Z valid goemotions All roles qwen3:8b attempt=1 valid=301/3600
2026-09-03T17:39:30.608052Z valid goemotions Generalist llama3.1:8b attempt=1 valid=302/3600
2026-09-03T17:39:34.161824Z valid goemotions Fixed role llama3.1:8b attempt=1 valid=303/3600
2026-09-03T17:39:37.487033Z valid goemotions All roles llama3.1:8b attempt=1 valid=304/3600
2026-09-03T17:39:41.500500Z valid goemotions Generalist gemma3:4b attempt=1 valid=305/3600
2026-09-03T17:39:44.927824Z valid goemotions Fixed role gemma3:4b attempt=1 valid=306/3600
2026-09-03T17:39:48.917941Z valid goemotions All roles gemma3:4b attempt=1 valid=307/3600
2026-09-03T17:39:52.471489Z valid agyw_focus_groups Generalist qwen3:8b attempt=1 valid=308/3600
2026-09-03T17:39:56.418099Z valid agyw_focus_groups Fixed role qwen3:8b attempt=1 valid=309/3600
2026-09-03T17:40:00.407496Z valid agyw_focus_groups All roles qwen3:8b attempt=1 valid=310/3600
2026-09-03T17:40:04.218361Z valid agyw_focus_groups Generalist llama3.1:8b attempt=1 valid=311/3600
2026-09-03T17:40:08.908544Z valid agyw_focus_groups Fixed role llama3.1:8b attempt=1 valid=312/3600
2026-09-03T17:40:13.207672Z valid agyw_focus_groups All roles llama3.1:8b attempt=1 valid=313/3600
2026-09-03T17:40:17.764561Z valid agyw_focus_groups Generalist gemma3:4b attempt=1 valid=314/3600
2026-09-03T17:40:21.241868Z valid agyw_focus_groups Fixed role gemma3:4b attempt=1 valid=315/3600
2026-09-03T17:40:25.635994Z valid agyw_focus_groups All roles gemma3:4b attempt=1 valid=316/3600
2026-09-03T17:40:32.847986Z valid parlamint_gb Generalist qwen3:8b attempt=1 valid=317/3600
2026-09-03T17:40:40.696059Z valid parlamint_gb Fixed role qwen3:8b attempt=1 valid=318/3600
2026-09-03T17:40:48.552641Z valid parlamint_gb All roles qwen3:8b attempt=1 valid=319/3600
2026-09-03T17:40:55.955956Z valid parlamint_gb Generalist llama3.1:8b attempt=1 valid=320/3600
2026-09-03T17:41:03.313602Z valid parlamint_gb Fixed role llama3.1:8b attempt=1 valid=321/3600
2026-09-03T17:41:12.305011Z valid parlamint_gb All roles llama3.1:8b attempt=1 valid=322/3600
2026-09-03T17:41:19.982017Z valid parlamint_gb Generalist gemma3:4b attempt=1 valid=323/3600
2026-09-03T17:41:27.423805Z valid parlamint_gb Fixed role gemma3:4b attempt=1 valid=324/3600
2026-09-03T17:41:35.952816Z valid parlamint_gb All roles gemma3:4b attempt=1 valid=325/3600
2026-09-03T17:41:40.510499Z valid dreaddit Generalist qwen3:8b attempt=1 valid=326/3600
2026-09-03T17:41:45.436757Z valid dreaddit Fixed role qwen3:8b attempt=1 valid=327/3600
2026-09-03T17:41:50.196480Z valid dreaddit All roles qwen3:8b attempt=1 valid=328/3600
2026-09-03T17:41:54.786734Z valid dreaddit Generalist llama3.1:8b attempt=1 valid=329/3600
2026-09-03T17:41:59.454060Z valid dreaddit Fixed role llama3.1:8b attempt=1 valid=330/3600
2026-09-03T17:42:04.629162Z valid dreaddit All roles llama3.1:8b attempt=1 valid=331/3600
2026-09-03T17:42:09.509410Z valid dreaddit Generalist gemma3:4b attempt=1 valid=332/3600
2026-09-03T17:42:14.521934Z valid dreaddit Fixed role gemma3:4b attempt=1 valid=333/3600
2026-09-03T17:42:20.001043Z valid dreaddit All roles gemma3:4b attempt=1 valid=334/3600
2026-09-03T17:42:24.001632Z valid goemotions Generalist qwen3:8b attempt=1 valid=335/3600
2026-09-03T17:42:27.730987Z valid goemotions Fixed role qwen3:8b attempt=1 valid=336/3600
2026-09-03T17:42:32.232759Z valid goemotions All roles qwen3:8b attempt=1 valid=337/3600
2026-09-03T17:42:36.560926Z valid goemotions Generalist llama3.1:8b attempt=1 valid=338/3600
2026-09-03T17:42:40.498391Z valid goemotions Fixed role llama3.1:8b attempt=1 valid=339/3600
2026-09-03T17:42:45.509610Z valid goemotions All roles llama3.1:8b attempt=1 valid=340/3600
2026-09-03T17:42:49.699932Z valid goemotions Generalist gemma3:4b attempt=1 valid=341/3600
2026-09-03T17:42:53.615055Z valid goemotions Fixed role gemma3:4b attempt=1 valid=342/3600
2026-09-03T17:42:58.232770Z valid goemotions All roles gemma3:4b attempt=1 valid=343/3600
2026-09-03T17:43:02.887217Z valid agyw_focus_groups Generalist qwen3:8b attempt=1 valid=344/3600
2026-09-03T17:43:07.801158Z valid agyw_focus_groups Fixed role qwen3:8b attempt=1 valid=345/3600
2026-09-03T17:43:13.000533Z valid agyw_focus_groups All roles qwen3:8b attempt=1 valid=346/3600
2026-09-03T17:43:18.060543Z valid agyw_focus_groups Generalist llama3.1:8b attempt=1 valid=347/3600
2026-09-03T17:43:22.671540Z valid agyw_focus_groups Fixed role llama3.1:8b attempt=1 valid=348/3600
2026-09-03T17:43:28.299535Z valid agyw_focus_groups All roles llama3.1:8b attempt=1 valid=349/3600
2026-09-03T17:43:32.689492Z valid agyw_focus_groups Generalist gemma3:4b attempt=1 valid=350/3600
2026-09-03T17:43:37.720922Z valid agyw_focus_groups Fixed role gemma3:4b attempt=1 valid=351/3600
2026-09-03T17:43:42.694253Z valid agyw_focus_groups All roles gemma3:4b attempt=1 valid=352/3600
2026-09-03T17:43:48.505248Z valid parlamint_gb Generalist qwen3:8b attempt=1 valid=353/3600
2026-09-03T17:43:53.929536Z valid parlamint_gb Fixed role qwen3:8b attempt=1 valid=354/3600
2026-09-03T17:44:00.199716Z valid parlamint_gb All roles qwen3:8b attempt=1 valid=355/3600
2026-09-03T17:44:05.893058Z valid parlamint_gb Generalist llama3.1:8b attempt=1 valid=356/3600
2026-09-03T17:44:12.119837Z valid parlamint_gb Fixed role llama3.1:8b attempt=1 valid=357/3600
2026-09-03T17:44:18.793885Z valid parlamint_gb All roles llama3.1:8b attempt=1 valid=358/3600
2026-09-03T17:44:25.797387Z valid parlamint_gb Generalist gemma3:4b attempt=1 valid=359/3600
2026-09-03T17:44:31.829700Z valid parlamint_gb Fixed role gemma3:4b attempt=1 valid=360/3600
2026-09-03T17:44:37.904090Z valid parlamint_gb All roles gemma3:4b attempt=1 valid=361/3600
2026-09-03T17:44:43.737886Z valid dreaddit Generalist qwen3:8b attempt=1 valid=362/3600
2026-09-03T17:44:49.562954Z valid dreaddit Fixed role qwen3:8b attempt=1 valid=363/3600
2026-09-03T17:44:56.621798Z valid dreaddit All roles qwen3:8b attempt=1 valid=364/3600
2026-09-03T17:45:02.481542Z valid dreaddit Generalist llama3.1:8b attempt=1 valid=365/3600
2026-09-03T17:45:08.424626Z valid dreaddit Fixed role llama3.1:8b attempt=1 valid=366/3600
2026-09-03T17:45:14.425052Z valid dreaddit All roles llama3.1:8b attempt=1 valid=367/3600
2026-09-03T17:45:20.446702Z valid dreaddit Generalist gemma3:4b attempt=1 valid=368/3600
2026-09-03T17:45:26.405511Z valid dreaddit Fixed role gemma3:4b attempt=1 valid=369/3600
2026-09-03T17:45:33.340488Z valid dreaddit All roles gemma3:4b attempt=1 valid=370/3600
2026-09-03T17:45:37.128167Z valid goemotions Generalist qwen3:8b attempt=1 valid=371/3600
2026-09-03T17:45:40.785009Z valid goemotions Fixed role qwen3:8b attempt=1 valid=372/3600
2026-09-03T17:45:44.872449Z valid goemotions All roles qwen3:8b attempt=1 valid=373/3600
2026-09-03T17:45:48.300177Z valid goemotions Generalist llama3.1:8b attempt=1 valid=374/3600
2026-09-03T17:45:51.448254Z valid goemotions Fixed role llama3.1:8b attempt=1 valid=375/3600
2026-09-03T17:45:55.130466Z valid goemotions All roles llama3.1:8b attempt=1 valid=376/3600
2026-09-03T17:45:58.625437Z valid goemotions Generalist gemma3:4b attempt=1 valid=377/3600
2026-09-03T17:46:02.151265Z valid goemotions Fixed role gemma3:4b attempt=1 valid=378/3600
2026-09-03T17:46:06.040858Z valid goemotions All roles gemma3:4b attempt=1 valid=379/3600
2026-09-03T17:46:09.878574Z valid agyw_focus_groups Generalist qwen3:8b attempt=1 valid=380/3600
2026-09-03T17:46:13.584260Z valid agyw_focus_groups Fixed role qwen3:8b attempt=1 valid=381/3600
2026-09-03T17:46:18.052547Z valid agyw_focus_groups All roles qwen3:8b attempt=1 valid=382/3600
2026-09-03T17:46:22.941662Z valid agyw_focus_groups Generalist llama3.1:8b attempt=1 valid=383/3600
2026-09-03T17:46:27.072108Z valid agyw_focus_groups Fixed role llama3.1:8b attempt=1 valid=384/3600
2026-09-03T17:46:32.230364Z valid agyw_focus_groups All roles llama3.1:8b attempt=1 valid=385/3600
2026-09-03T17:46:36.401677Z valid agyw_focus_groups Generalist gemma3:4b attempt=1 valid=386/3600
2026-09-03T17:46:40.458789Z valid agyw_focus_groups Fixed role gemma3:4b attempt=1 valid=387/3600
2026-09-03T17:46:44.990668Z valid agyw_focus_groups All roles gemma3:4b attempt=1 valid=388/3600
2026-09-03T17:46:49.832822Z valid parlamint_gb Generalist qwen3:8b attempt=1 valid=389/3600
2026-09-03T17:46:54.383374Z valid parlamint_gb Fixed role qwen3:8b attempt=1 valid=390/3600
2026-09-03T17:46:59.650219Z valid parlamint_gb All roles qwen3:8b attempt=1 valid=391/3600
2026-09-03T17:47:04.385287Z valid parlamint_gb Generalist llama3.1:8b attempt=1 valid=392/3600
2026-09-03T17:47:09.051754Z valid parlamint_gb Fixed role llama3.1:8b attempt=1 valid=393/3600
2026-09-03T17:47:14.416216Z valid parlamint_gb All roles llama3.1:8b attempt=1 valid=394/3600
2026-09-03T17:47:19.101597Z valid parlamint_gb Generalist gemma3:4b attempt=1 valid=395/3600
2026-09-03T17:47:23.759898Z valid parlamint_gb Fixed role gemma3:4b attempt=1 valid=396/3600
2026-09-03T17:47:29.317920Z valid parlamint_gb All roles gemma3:4b attempt=1 valid=397/3600
2026-09-03T17:47:34.169100Z valid dreaddit Generalist qwen3:8b attempt=1 valid=398/3600
2026-09-03T17:47:38.912855Z valid dreaddit Fixed role qwen3:8b attempt=1 valid=399/3600
2026-09-03T17:47:43.985740Z valid dreaddit All roles qwen3:8b attempt=1 valid=400/3600
2026-09-03T17:47:48.949140Z valid dreaddit Generalist llama3.1:8b attempt=1 valid=401/3600
2026-09-03T17:47:54.984068Z valid dreaddit Fixed role llama3.1:8b attempt=1 valid=402/3600
2026-09-03T17:48:00.450461Z valid dreaddit All roles llama3.1:8b attempt=1 valid=403/3600
2026-09-03T17:48:05.390458Z valid dreaddit Generalist gemma3:4b attempt=1 valid=404/3600
2026-09-03T17:48:10.051634Z valid dreaddit Fixed role gemma3:4b attempt=1 valid=405/3600
2026-09-03T17:48:16.054629Z valid dreaddit All roles gemma3:4b attempt=1 valid=406/3600
2026-09-03T17:48:19.477051Z valid goemotions Generalist qwen3:8b attempt=1 valid=407/3600
2026-09-03T17:48:22.685942Z valid goemotions Fixed role qwen3:8b attempt=1 valid=408/3600
2026-09-03T17:48:26.852187Z valid goemotions All roles qwen3:8b attempt=1 valid=409/3600
2026-09-03T17:48:30.243221Z valid goemotions Generalist llama3.1:8b attempt=1 valid=410/3600
2026-09-03T17:48:33.580013Z valid goemotions Fixed role llama3.1:8b attempt=1 valid=411/3600
2026-09-03T17:48:38.154179Z valid goemotions All roles llama3.1:8b attempt=1 valid=412/3600
2026-09-03T17:48:42.020663Z valid goemotions Generalist gemma3:4b attempt=1 valid=413/3600
2026-09-03T17:48:45.476962Z valid goemotions Fixed role gemma3:4b attempt=1 valid=414/3600
2026-09-03T17:48:49.052322Z valid goemotions All roles gemma3:4b attempt=1 valid=415/3600
2026-09-03T17:48:52.984891Z valid agyw_focus_groups Generalist qwen3:8b attempt=1 valid=416/3600
2026-09-03T17:48:57.198036Z valid agyw_focus_groups Fixed role qwen3:8b attempt=1 valid=417/3600
2026-09-03T17:49:01.668750Z valid agyw_focus_groups All roles qwen3:8b attempt=1 valid=418/3600
2026-09-03T17:49:05.919427Z valid agyw_focus_groups Generalist llama3.1:8b attempt=1 valid=419/3600
2026-09-03T17:49:09.989533Z valid agyw_focus_groups Fixed role llama3.1:8b attempt=1 valid=420/3600
2026-09-03T17:49:14.148789Z valid agyw_focus_groups All roles llama3.1:8b attempt=1 valid=421/3600
2026-09-03T17:49:18.288593Z valid agyw_focus_groups Generalist gemma3:4b attempt=1 valid=422/3600
2026-09-03T17:49:22.729468Z valid agyw_focus_groups Fixed role gemma3:4b attempt=1 valid=423/3600
2026-09-03T17:49:27.814203Z valid agyw_focus_groups All roles gemma3:4b attempt=1 valid=424/3600
2026-09-03T17:49:32.180837Z valid parlamint_gb Generalist qwen3:8b attempt=1 valid=425/3600
2026-09-03T17:49:36.488667Z valid parlamint_gb Fixed role qwen3:8b attempt=1 valid=426/3600
2026-09-03T17:49:40.916078Z valid parlamint_gb All roles qwen3:8b attempt=1 valid=427/3600
2026-09-03T17:49:45.985574Z valid parlamint_gb Generalist llama3.1:8b attempt=1 valid=428/3600
2026-09-03T17:49:50.448099Z valid parlamint_gb Fixed role llama3.1:8b attempt=1 valid=429/3600
2026-09-03T17:49:55.406602Z valid parlamint_gb All roles llama3.1:8b attempt=1 valid=430/3600
2026-09-03T17:49:59.597194Z valid parlamint_gb Generalist gemma3:4b attempt=1 valid=431/3600
2026-09-03T17:50:05.004521Z valid parlamint_gb Fixed role gemma3:4b attempt=1 valid=432/3600
2026-09-03T17:50:10.021229Z valid parlamint_gb All roles gemma3:4b attempt=1 valid=433/3600
2026-09-03T17:50:14.781275Z valid dreaddit Generalist qwen3:8b attempt=1 valid=434/3600
2026-09-03T17:50:19.406608Z valid dreaddit Fixed role qwen3:8b attempt=1 valid=435/3600
2026-09-03T17:50:24.579332Z valid dreaddit All roles qwen3:8b attempt=1 valid=436/3600
2026-09-03T17:50:29.805588Z valid dreaddit Generalist llama3.1:8b attempt=1 valid=437/3600
2026-09-03T17:50:34.184845Z valid dreaddit Fixed role llama3.1:8b attempt=1 valid=438/3600
2026-09-03T17:50:40.634957Z valid dreaddit All roles llama3.1:8b attempt=1 valid=439/3600
2026-09-03T17:50:46.200375Z valid dreaddit Generalist gemma3:4b attempt=1 valid=440/3600
2026-09-03T17:50:51.017743Z valid dreaddit Fixed role gemma3:4b attempt=1 valid=441/3600
2026-09-03T17:50:56.487185Z valid dreaddit All roles gemma3:4b attempt=1 valid=442/3600
2026-09-03T17:50:59.743057Z valid goemotions Generalist qwen3:8b attempt=1 valid=443/3600
2026-09-03T17:51:02.827641Z valid goemotions Fixed role qwen3:8b attempt=1 valid=444/3600
2026-09-03T17:51:06.981683Z valid goemotions All roles qwen3:8b attempt=1 valid=445/3600
2026-09-03T17:51:10.419974Z valid goemotions Generalist llama3.1:8b attempt=1 valid=446/3600
2026-09-03T17:51:13.556202Z valid goemotions Fixed role llama3.1:8b attempt=1 valid=447/3600
2026-09-03T17:51:17.032542Z valid goemotions All roles llama3.1:8b attempt=1 valid=448/3600
2026-09-03T17:51:20.182586Z valid goemotions Generalist gemma3:4b attempt=1 valid=449/3600
2026-09-03T17:51:23.444022Z valid goemotions Fixed role gemma3:4b attempt=1 valid=450/3600
2026-09-03T17:51:27.666040Z valid goemotions All roles gemma3:4b attempt=1 valid=451/3600
2026-09-03T17:51:31.897135Z valid agyw_focus_groups Generalist qwen3:8b attempt=1 valid=452/3600
2026-09-03T17:51:35.750586Z valid agyw_focus_groups Fixed role qwen3:8b attempt=1 valid=453/3600
2026-09-03T17:51:40.475003Z valid agyw_focus_groups All roles qwen3:8b attempt=1 valid=454/3600
2026-09-03T17:51:44.404287Z valid agyw_focus_groups Generalist llama3.1:8b attempt=1 valid=455/3600
2026-09-03T17:51:48.133067Z valid agyw_focus_groups Fixed role llama3.1:8b attempt=1 valid=456/3600
2026-09-03T17:51:52.929545Z valid agyw_focus_groups All roles llama3.1:8b attempt=1 valid=457/3600
2026-09-03T17:51:56.708380Z valid agyw_focus_groups Generalist gemma3:4b attempt=1 valid=458/3600
2026-09-03T17:52:00.615951Z valid agyw_focus_groups Fixed role gemma3:4b attempt=1 valid=459/3600
2026-09-03T17:52:04.769103Z valid agyw_focus_groups All roles gemma3:4b attempt=1 valid=460/3600
2026-09-03T17:52:12.790073Z valid parlamint_gb Generalist qwen3:8b attempt=1 valid=461/3600
2026-09-03T17:52:20.248532Z valid parlamint_gb Fixed role qwen3:8b attempt=1 valid=462/3600
2026-09-03T17:52:28.315643Z valid parlamint_gb All roles qwen3:8b attempt=1 valid=463/3600
2026-09-03T17:52:35.839636Z valid parlamint_gb Generalist llama3.1:8b attempt=1 valid=464/3600
2026-09-03T17:52:43.433573Z valid parlamint_gb Fixed role llama3.1:8b attempt=1 valid=465/3600
2026-09-03T17:52:51.578488Z valid parlamint_gb All roles llama3.1:8b attempt=1 valid=466/3600
2026-09-03T17:52:59.696052Z valid parlamint_gb Generalist gemma3:4b attempt=1 valid=467/3600
2026-09-03T17:53:07.068359Z valid parlamint_gb Fixed role gemma3:4b attempt=1 valid=468/3600
2026-09-03T17:53:15.440202Z valid parlamint_gb All roles gemma3:4b attempt=1 valid=469/3600
2026-09-03T17:53:21.946366Z valid dreaddit Generalist qwen3:8b attempt=1 valid=470/3600
2026-09-03T17:53:26.368779Z valid dreaddit Fixed role qwen3:8b attempt=1 valid=471/3600
2026-09-03T17:53:31.521679Z valid dreaddit All roles qwen3:8b attempt=1 valid=472/3600
2026-09-03T17:53:36.509130Z valid dreaddit Generalist llama3.1:8b attempt=1 valid=473/3600
2026-09-03T17:53:41.434983Z valid dreaddit Fixed role llama3.1:8b attempt=1 valid=474/3600
2026-09-03T17:53:46.442496Z valid dreaddit All roles llama3.1:8b attempt=1 valid=475/3600
2026-09-03T17:53:51.015006Z valid dreaddit Generalist gemma3:4b attempt=1 valid=476/3600
2026-09-03T17:53:55.471537Z valid dreaddit Fixed role gemma3:4b attempt=1 valid=477/3600
2026-09-03T17:54:00.980291Z valid dreaddit All roles gemma3:4b attempt=1 valid=478/3600
2026-09-03T17:54:05.045006Z valid goemotions Generalist qwen3:8b attempt=1 valid=479/3600
2026-09-03T17:54:08.905877Z valid goemotions Fixed role qwen3:8b attempt=1 valid=480/3600
2026-09-03T17:54:14.064700Z valid goemotions All roles qwen3:8b attempt=1 valid=481/3600
2026-09-03T17:54:18.234144Z valid goemotions Generalist llama3.1:8b attempt=1 valid=482/3600
2026-09-03T17:54:21.974165Z valid goemotions Fixed role llama3.1:8b attempt=1 valid=483/3600
2026-09-03T17:54:26.639559Z valid goemotions All roles llama3.1:8b attempt=1 valid=484/3600
2026-09-03T17:54:30.622518Z valid goemotions Generalist gemma3:4b attempt=1 valid=485/3600
2026-09-03T17:54:34.259893Z valid goemotions Fixed role gemma3:4b attempt=1 valid=486/3600
2026-09-03T17:54:39.421719Z valid goemotions All roles gemma3:4b attempt=1 valid=487/3600
2026-09-03T17:54:43.455526Z valid agyw_focus_groups Generalist qwen3:8b attempt=1 valid=488/3600
2026-09-03T17:54:47.332046Z valid agyw_focus_groups Fixed role qwen3:8b attempt=1 valid=489/3600
2026-09-03T17:54:51.759713Z valid agyw_focus_groups All roles qwen3:8b attempt=1 valid=490/3600
2026-09-03T17:54:55.660267Z valid agyw_focus_groups Generalist llama3.1:8b attempt=1 valid=491/3600
2026-09-03T17:54:59.573317Z valid agyw_focus_groups Fixed role llama3.1:8b attempt=1 valid=492/3600
2026-09-03T17:55:03.544993Z valid agyw_focus_groups All roles llama3.1:8b attempt=1 valid=493/3600
2026-09-03T17:55:07.396522Z valid agyw_focus_groups Generalist gemma3:4b attempt=1 valid=494/3600
2026-09-03T17:55:11.098922Z valid agyw_focus_groups Fixed role gemma3:4b attempt=1 valid=495/3600
2026-09-03T17:55:15.056585Z valid agyw_focus_groups All roles gemma3:4b attempt=1 valid=496/3600
2026-09-03T17:55:20.347068Z valid parlamint_gb Generalist qwen3:8b attempt=1 valid=497/3600
2026-09-03T17:55:25.586556Z valid parlamint_gb Fixed role qwen3:8b attempt=1 valid=498/3600
2026-09-03T17:55:31.065047Z valid parlamint_gb All roles qwen3:8b attempt=1 valid=499/3600
2026-09-03T17:55:36.264577Z valid parlamint_gb Generalist llama3.1:8b attempt=1 valid=500/3600
2026-09-03T17:55:41.366151Z valid parlamint_gb Fixed role llama3.1:8b attempt=1 valid=501/3600
2026-09-03T17:55:46.788771Z valid parlamint_gb All roles llama3.1:8b attempt=1 valid=502/3600
2026-09-03T17:55:52.097422Z valid parlamint_gb Generalist gemma3:4b attempt=1 valid=503/3600
2026-09-03T17:55:57.098167Z valid parlamint_gb Fixed role gemma3:4b attempt=1 valid=504/3600
2026-09-03T17:56:02.461841Z valid parlamint_gb All roles gemma3:4b attempt=1 valid=505/3600
2026-09-03T17:56:08.583772Z valid dreaddit Generalist qwen3:8b attempt=1 valid=506/3600
2026-09-03T17:56:14.740974Z valid dreaddit Fixed role qwen3:8b attempt=1 valid=507/3600
2026-09-03T17:56:21.441041Z valid dreaddit All roles qwen3:8b attempt=1 valid=508/3600
2026-09-03T17:56:26.745874Z valid dreaddit Generalist llama3.1:8b attempt=1 valid=509/3600
2026-09-03T17:56:32.268567Z valid dreaddit Fixed role llama3.1:8b attempt=1 valid=510/3600
2026-09-03T17:56:38.417938Z valid dreaddit All roles llama3.1:8b attempt=1 valid=511/3600
2026-09-03T17:56:43.918509Z valid dreaddit Generalist gemma3:4b attempt=1 valid=512/3600
2026-09-03T17:56:49.608697Z valid dreaddit Fixed role gemma3:4b attempt=1 valid=513/3600
2026-09-03T17:56:56.002293Z valid dreaddit All roles gemma3:4b attempt=1 valid=514/3600
2026-09-03T17:57:00.114978Z valid goemotions Generalist qwen3:8b attempt=1 valid=515/3600
2026-09-03T17:57:04.188270Z valid goemotions Fixed role qwen3:8b attempt=1 valid=516/3600
2026-09-03T17:57:07.910116Z valid goemotions All roles qwen3:8b attempt=1 valid=517/3600
2026-09-03T17:57:11.742523Z valid goemotions Generalist llama3.1:8b attempt=1 valid=518/3600
2026-09-03T17:57:15.471538Z valid goemotions Fixed role llama3.1:8b attempt=1 valid=519/3600
2026-09-03T17:57:20.494109Z valid goemotions All roles llama3.1:8b attempt=1 valid=520/3600
2026-09-03T17:57:24.136086Z valid goemotions Generalist gemma3:4b attempt=1 valid=521/3600
2026-09-03T17:57:28.482348Z valid goemotions Fixed role gemma3:4b attempt=1 valid=522/3600
2026-09-03T17:57:32.978881Z valid goemotions All roles gemma3:4b attempt=1 valid=523/3600
2026-09-03T17:57:37.444663Z valid agyw_focus_groups Generalist qwen3:8b attempt=1 valid=524/3600
2026-09-03T17:57:41.151866Z valid agyw_focus_groups Fixed role qwen3:8b attempt=1 valid=525/3600
2026-09-03T17:57:45.682407Z valid agyw_focus_groups All roles qwen3:8b attempt=1 valid=526/3600
2026-09-03T17:57:49.698765Z valid agyw_focus_groups Generalist llama3.1:8b attempt=1 valid=527/3600
2026-09-03T17:57:53.547749Z valid agyw_focus_groups Fixed role llama3.1:8b attempt=1 valid=528/3600
2026-09-03T17:57:57.925755Z valid agyw_focus_groups All roles llama3.1:8b attempt=1 valid=529/3600
2026-09-03T17:58:02.281903Z valid agyw_focus_groups Generalist gemma3:4b attempt=1 valid=530/3600
2026-09-03T17:58:06.458981Z valid agyw_focus_groups Fixed role gemma3:4b attempt=1 valid=531/3600
2026-09-03T17:58:11.218163Z valid agyw_focus_groups All roles gemma3:4b attempt=1 valid=532/3600
2026-09-03T17:58:17.740752Z valid parlamint_gb Generalist qwen3:8b attempt=1 valid=533/3600
2026-09-03T17:58:23.639306Z valid parlamint_gb Fixed role qwen3:8b attempt=1 valid=534/3600
2026-09-03T17:58:29.980231Z valid parlamint_gb All roles qwen3:8b attempt=1 valid=535/3600
2026-09-03T17:58:35.602201Z valid parlamint_gb Generalist llama3.1:8b attempt=1 valid=536/3600
2026-09-03T17:58:41.413223Z valid parlamint_gb Fixed role llama3.1:8b attempt=1 valid=537/3600
2026-09-03T17:58:48.593340Z valid parlamint_gb All roles llama3.1:8b attempt=1 valid=538/3600
2026-09-03T17:58:54.437567Z valid parlamint_gb Generalist gemma3:4b attempt=1 valid=539/3600
2026-09-03T17:59:00.569647Z valid parlamint_gb Fixed role gemma3:4b attempt=1 valid=540/3600
2026-09-03T17:59:07.476168Z valid parlamint_gb All roles gemma3:4b attempt=1 valid=541/3600
2026-09-03T17:59:12.548025Z valid dreaddit Generalist qwen3:8b attempt=1 valid=542/3600
2026-09-03T17:59:17.683085Z valid dreaddit Fixed role qwen3:8b attempt=1 valid=543/3600
2026-09-03T17:59:23.059547Z valid dreaddit All roles qwen3:8b attempt=1 valid=544/3600
2026-09-03T17:59:27.853359Z valid dreaddit Generalist llama3.1:8b attempt=1 valid=545/3600
2026-09-03T17:59:32.582337Z valid dreaddit Fixed role llama3.1:8b attempt=1 valid=546/3600
2026-09-03T17:59:37.755263Z valid dreaddit All roles llama3.1:8b attempt=1 valid=547/3600
2026-09-03T17:59:42.488782Z valid dreaddit Generalist gemma3:4b attempt=1 valid=548/3600
2026-09-03T17:59:47.735796Z valid dreaddit Fixed role gemma3:4b attempt=1 valid=549/3600
2026-09-03T17:59:53.557126Z valid dreaddit All roles gemma3:4b attempt=1 valid=550/3600
2026-09-03T17:59:57.724441Z valid goemotions Generalist qwen3:8b attempt=1 valid=551/3600
2026-09-03T18:00:01.723050Z valid goemotions Fixed role qwen3:8b attempt=1 valid=552/3600
2026-09-03T18:00:05.645610Z valid goemotions All roles qwen3:8b attempt=1 valid=553/3600
2026-09-03T18:00:09.278421Z valid goemotions Generalist llama3.1:8b attempt=1 valid=554/3600
2026-09-03T18:00:13.225271Z valid goemotions Fixed role llama3.1:8b attempt=1 valid=555/3600
2026-09-03T18:00:18.461787Z valid goemotions All roles llama3.1:8b attempt=1 valid=556/3600
2026-09-03T18:00:22.863568Z valid goemotions Generalist gemma3:4b attempt=1 valid=557/3600
2026-09-03T18:00:27.107591Z valid goemotions Fixed role gemma3:4b attempt=1 valid=558/3600
2026-09-03T18:00:32.416580Z valid goemotions All roles gemma3:4b attempt=1 valid=559/3600
2026-09-03T18:00:37.043695Z valid agyw_focus_groups Generalist qwen3:8b attempt=1 valid=560/3600
2026-09-03T18:00:40.865822Z valid agyw_focus_groups Fixed role qwen3:8b attempt=1 valid=561/3600
2026-09-03T18:00:45.203395Z valid agyw_focus_groups All roles qwen3:8b attempt=1 valid=562/3600
2026-09-03T18:00:48.899913Z valid agyw_focus_groups Generalist llama3.1:8b attempt=1 valid=563/3600
2026-09-03T18:00:53.145483Z valid agyw_focus_groups Fixed role llama3.1:8b attempt=1 valid=564/3600
2026-09-03T18:00:58.452961Z valid agyw_focus_groups All roles llama3.1:8b attempt=1 valid=565/3600
2026-09-03T18:01:03.073997Z valid agyw_focus_groups Generalist gemma3:4b attempt=1 valid=566/3600
2026-09-03T18:01:07.610905Z valid agyw_focus_groups Fixed role gemma3:4b attempt=1 valid=567/3600
2026-09-03T18:01:12.438037Z valid agyw_focus_groups All roles gemma3:4b attempt=1 valid=568/3600
2026-09-03T18:01:18.193162Z valid parlamint_gb Generalist qwen3:8b attempt=1 valid=569/3600
2026-09-03T18:01:24.031972Z valid parlamint_gb Fixed role qwen3:8b attempt=1 valid=570/3600
2026-09-03T18:01:30.201630Z valid parlamint_gb All roles qwen3:8b attempt=1 valid=571/3600
2026-09-03T18:01:35.898252Z valid parlamint_gb Generalist llama3.1:8b attempt=1 valid=572/3600
2026-09-03T18:01:41.564722Z valid parlamint_gb Fixed role llama3.1:8b attempt=1 valid=573/3600
2026-09-03T18:01:48.363475Z valid parlamint_gb All roles llama3.1:8b attempt=1 valid=574/3600
2026-09-03T18:01:54.176453Z valid parlamint_gb Generalist gemma3:4b attempt=1 valid=575/3600
2026-09-03T18:02:00.374210Z valid parlamint_gb Fixed role gemma3:4b attempt=1 valid=576/3600
2026-09-03T18:02:06.649731Z valid parlamint_gb All roles gemma3:4b attempt=1 valid=577/3600
2026-09-03T18:02:13.594559Z valid dreaddit Generalist qwen3:8b attempt=1 valid=578/3600
2026-09-03T18:02:18.862893Z valid dreaddit Fixed role qwen3:8b attempt=1 valid=579/3600
2026-09-03T18:02:24.112619Z valid dreaddit All roles qwen3:8b attempt=1 valid=580/3600
2026-09-03T18:02:29.492147Z valid dreaddit Generalist llama3.1:8b attempt=1 valid=581/3600
2026-09-03T18:02:34.572626Z valid dreaddit Fixed role llama3.1:8b attempt=1 valid=582/3600
2026-09-03T18:02:39.991136Z valid dreaddit All roles llama3.1:8b attempt=1 valid=583/3600
2026-09-03T18:02:45.464651Z valid dreaddit Generalist gemma3:4b attempt=1 valid=584/3600
2026-09-03T18:02:51.200128Z valid dreaddit Fixed role gemma3:4b attempt=1 valid=585/3600
2026-09-03T18:02:57.197647Z valid dreaddit All roles gemma3:4b attempt=1 valid=586/3600
2026-09-03T18:03:00.657562Z valid goemotions Generalist qwen3:8b attempt=1 valid=587/3600
2026-09-03T18:03:03.848287Z valid goemotions Fixed role qwen3:8b attempt=1 valid=588/3600
2026-09-03T18:03:07.812432Z valid goemotions All roles qwen3:8b attempt=1 valid=589/3600
2026-09-03T18:03:11.208405Z valid goemotions Generalist llama3.1:8b attempt=1 valid=590/3600
2026-09-03T18:03:14.757570Z valid goemotions Fixed role llama3.1:8b attempt=1 valid=591/3600
2026-09-03T18:03:18.712292Z valid goemotions All roles llama3.1:8b attempt=1 valid=592/3600
2026-09-03T18:03:22.687138Z valid goemotions Generalist gemma3:4b attempt=1 valid=593/3600
2026-09-03T18:03:26.017958Z valid goemotions Fixed role gemma3:4b attempt=1 valid=594/3600
2026-09-03T18:03:30.051308Z valid goemotions All roles gemma3:4b attempt=1 valid=595/3600
2026-09-03T18:03:33.978404Z valid agyw_focus_groups Generalist qwen3:8b attempt=1 valid=596/3600
2026-09-03T18:03:35.877065Z valid agyw_focus_groups Fixed role qwen3:8b attempt=1 valid=597/3600
2026-09-03T18:03:40.167572Z valid agyw_focus_groups All roles qwen3:8b attempt=1 valid=598/3600
2026-09-03T18:03:44.276658Z valid agyw_focus_groups Generalist llama3.1:8b attempt=1 valid=599/3600
2026-09-03T18:03:48.221039Z valid agyw_focus_groups Fixed role llama3.1:8b attempt=1 valid=600/3600
2026-09-03T18:03:53.218403Z valid agyw_focus_groups All roles llama3.1:8b attempt=1 valid=601/3600
2026-09-03T18:03:57.076262Z valid agyw_focus_groups Generalist gemma3:4b attempt=1 valid=602/3600
2026-09-03T18:04:00.715952Z valid agyw_focus_groups Fixed role gemma3:4b attempt=1 valid=603/3600
2026-09-03T18:04:05.167547Z valid agyw_focus_groups All roles gemma3:4b attempt=1 valid=604/3600
2026-09-03T18:04:10.842247Z valid parlamint_gb Generalist qwen3:8b attempt=1 valid=605/3600
2026-09-03T18:04:16.671230Z valid parlamint_gb Fixed role qwen3:8b attempt=1 valid=606/3600
2026-09-03T18:04:21.704679Z valid parlamint_gb All roles qwen3:8b attempt=1 valid=607/3600
2026-09-03T18:04:27.426223Z valid parlamint_gb Generalist llama3.1:8b attempt=1 valid=608/3600
2026-09-03T18:04:32.901573Z valid parlamint_gb Fixed role llama3.1:8b attempt=1 valid=609/3600
2026-09-03T18:04:38.653606Z valid parlamint_gb All roles llama3.1:8b attempt=1 valid=610/3600
2026-09-03T18:04:45.272085Z valid parlamint_gb Generalist gemma3:4b attempt=1 valid=611/3600
2026-09-03T18:04:51.321933Z valid parlamint_gb Fixed role gemma3:4b attempt=1 valid=612/3600
2026-09-03T18:04:57.075219Z valid parlamint_gb All roles gemma3:4b attempt=1 valid=613/3600
2026-09-03T18:05:01.794566Z valid dreaddit Generalist qwen3:8b attempt=1 valid=614/3600
2026-09-03T18:05:06.339844Z valid dreaddit Fixed role qwen3:8b attempt=1 valid=615/3600
2026-09-03T18:05:11.402796Z valid dreaddit All roles qwen3:8b attempt=1 valid=616/3600
2026-09-03T18:05:16.185634Z valid dreaddit Generalist llama3.1:8b attempt=1 valid=617/3600
2026-09-03T18:05:21.273710Z valid dreaddit Fixed role llama3.1:8b attempt=1 valid=618/3600
2026-09-03T18:05:27.029267Z valid dreaddit All roles llama3.1:8b attempt=1 valid=619/3600
2026-09-03T18:05:32.312051Z valid dreaddit Generalist gemma3:4b attempt=1 valid=620/3600
2026-09-03T18:05:36.823712Z valid dreaddit Fixed role gemma3:4b attempt=1 valid=621/3600
2026-09-03T18:05:42.380931Z valid dreaddit All roles gemma3:4b attempt=1 valid=622/3600
2026-09-03T18:05:46.378895Z valid goemotions Generalist qwen3:8b attempt=1 valid=623/3600
2026-09-03T18:05:50.424870Z valid goemotions Fixed role qwen3:8b attempt=1 valid=624/3600
2026-09-03T18:05:53.667931Z valid goemotions All roles qwen3:8b attempt=1 valid=625/3600
2026-09-03T18:05:57.344940Z valid goemotions Generalist llama3.1:8b attempt=1 valid=626/3600
2026-09-03T18:06:01.443098Z valid goemotions Fixed role llama3.1:8b attempt=1 valid=627/3600
2026-09-03T18:06:06.129271Z valid goemotions All roles llama3.1:8b attempt=1 valid=628/3600
2026-09-03T18:06:09.867134Z valid goemotions Generalist gemma3:4b attempt=1 valid=629/3600
2026-09-03T18:06:14.023622Z valid goemotions Fixed role gemma3:4b attempt=1 valid=630/3600
2026-09-03T18:06:18.548313Z valid goemotions All roles gemma3:4b attempt=1 valid=631/3600
2026-09-03T18:06:22.550771Z valid agyw_focus_groups Generalist qwen3:8b attempt=1 valid=632/3600
2026-09-03T18:06:26.442511Z valid agyw_focus_groups Fixed role qwen3:8b attempt=1 valid=633/3600
2026-09-03T18:06:31.513526Z valid agyw_focus_groups All roles qwen3:8b attempt=1 valid=634/3600
2026-09-03T18:06:35.581477Z valid agyw_focus_groups Generalist llama3.1:8b attempt=1 valid=635/3600
2026-09-03T18:06:39.796052Z valid agyw_focus_groups Fixed role llama3.1:8b attempt=1 valid=636/3600
2026-09-03T18:06:44.333003Z valid agyw_focus_groups All roles llama3.1:8b attempt=1 valid=637/3600
2026-09-03T18:06:49.114571Z valid agyw_focus_groups Generalist gemma3:4b attempt=1 valid=638/3600
2026-09-03T18:06:53.804283Z valid agyw_focus_groups Fixed role gemma3:4b attempt=1 valid=639/3600
2026-09-03T18:06:59.126311Z valid agyw_focus_groups All roles gemma3:4b attempt=1 valid=640/3600
2026-09-03T18:07:07.478799Z valid parlamint_gb Generalist qwen3:8b attempt=1 valid=641/3600
2026-09-03T18:07:15.914537Z valid parlamint_gb Fixed role qwen3:8b attempt=1 valid=642/3600
2026-09-03T18:07:25.325637Z valid parlamint_gb All roles qwen3:8b attempt=1 valid=643/3600
2026-09-03T18:07:34.144317Z valid parlamint_gb Generalist llama3.1:8b attempt=1 valid=644/3600
2026-09-03T18:07:42.877696Z valid parlamint_gb Fixed role llama3.1:8b attempt=1 valid=645/3600
2026-09-03T18:07:51.787105Z valid parlamint_gb All roles llama3.1:8b attempt=1 valid=646/3600
2026-09-03T18:08:01.273561Z valid parlamint_gb Generalist gemma3:4b attempt=1 valid=647/3600
2026-09-03T18:08:11.733940Z valid parlamint_gb Fixed role gemma3:4b attempt=1 valid=648/3600
2026-09-03T18:08:20.350007Z valid parlamint_gb All roles gemma3:4b attempt=1 valid=649/3600
2026-09-03T18:08:25.167174Z valid dreaddit Generalist qwen3:8b attempt=1 valid=650/3600
2026-09-03T18:08:30.018178Z valid dreaddit Fixed role qwen3:8b attempt=1 valid=651/3600
2026-09-03T18:08:35.348413Z valid dreaddit All roles qwen3:8b attempt=1 valid=652/3600
2026-09-03T18:08:40.352210Z valid dreaddit Generalist llama3.1:8b attempt=1 valid=653/3600
2026-09-03T18:08:44.933181Z valid dreaddit Fixed role llama3.1:8b attempt=1 valid=654/3600
2026-09-03T18:08:50.826885Z valid dreaddit All roles llama3.1:8b attempt=1 valid=655/3600
2026-09-03T18:08:56.925388Z valid dreaddit Generalist gemma3:4b attempt=1 valid=656/3600
2026-09-03T18:09:01.516350Z valid dreaddit Fixed role gemma3:4b attempt=1 valid=657/3600
2026-09-03T18:09:07.396375Z valid dreaddit All roles gemma3:4b attempt=1 valid=658/3600
2026-09-03T18:09:11.590710Z valid goemotions Generalist qwen3:8b attempt=1 valid=659/3600
2026-09-03T18:09:15.284782Z valid goemotions Fixed role qwen3:8b attempt=1 valid=660/3600
2026-09-03T18:09:19.207600Z valid goemotions All roles qwen3:8b attempt=1 valid=661/3600
2026-09-03T18:09:22.920313Z valid goemotions Generalist llama3.1:8b attempt=1 valid=662/3600
2026-09-03T18:09:26.402284Z valid goemotions Fixed role llama3.1:8b attempt=1 valid=663/3600
2026-09-03T18:09:29.948450Z valid goemotions All roles llama3.1:8b attempt=1 valid=664/3600
2026-09-03T18:09:33.934134Z valid goemotions Generalist gemma3:4b attempt=1 valid=665/3600
2026-09-03T18:09:37.430424Z valid goemotions Fixed role gemma3:4b attempt=1 valid=666/3600
2026-09-03T18:09:41.963364Z valid goemotions All roles gemma3:4b attempt=1 valid=667/3600
2026-09-03T18:09:46.180740Z valid agyw_focus_groups Generalist qwen3:8b attempt=1 valid=668/3600
2026-09-03T18:09:50.780159Z valid agyw_focus_groups Fixed role qwen3:8b attempt=1 valid=669/3600
2026-09-03T18:09:55.441368Z valid agyw_focus_groups All roles qwen3:8b attempt=1 valid=670/3600
2026-09-03T18:10:00.304420Z valid agyw_focus_groups Generalist llama3.1:8b attempt=1 valid=671/3600
2026-09-03T18:10:04.653508Z valid agyw_focus_groups Fixed role llama3.1:8b attempt=1 valid=672/3600
2026-09-03T18:10:10.159127Z valid agyw_focus_groups All roles llama3.1:8b attempt=1 valid=673/3600
2026-09-03T18:10:14.669408Z valid agyw_focus_groups Generalist gemma3:4b attempt=1 valid=674/3600
2026-09-03T18:10:19.120092Z valid agyw_focus_groups Fixed role gemma3:4b attempt=1 valid=675/3600
2026-09-03T18:10:24.459397Z valid agyw_focus_groups All roles gemma3:4b attempt=1 valid=676/3600
2026-09-03T18:10:29.635173Z valid parlamint_gb Generalist qwen3:8b attempt=1 valid=677/3600
2026-09-03T18:10:34.833363Z valid parlamint_gb Fixed role qwen3:8b attempt=1 valid=678/3600
2026-09-03T18:10:40.387801Z valid parlamint_gb All roles qwen3:8b attempt=1 valid=679/3600
2026-09-03T18:10:45.627270Z valid parlamint_gb Generalist llama3.1:8b attempt=1 valid=680/3600
2026-09-03T18:10:47.801342Z valid parlamint_gb Fixed role llama3.1:8b attempt=1 valid=681/3600
2026-09-03T18:10:54.475329Z valid parlamint_gb All roles llama3.1:8b attempt=1 valid=682/3600
2026-09-03T18:10:59.957344Z valid parlamint_gb Generalist gemma3:4b attempt=1 valid=683/3600
2026-09-03T18:11:05.261194Z valid parlamint_gb Fixed role gemma3:4b attempt=1 valid=684/3600
2026-09-03T18:11:11.182891Z valid parlamint_gb All roles gemma3:4b attempt=1 valid=685/3600
2026-09-03T18:11:15.704904Z valid dreaddit Generalist qwen3:8b attempt=1 valid=686/3600
2026-09-03T18:11:20.574519Z valid dreaddit Fixed role qwen3:8b attempt=1 valid=687/3600
2026-09-03T18:11:25.271832Z valid dreaddit All roles qwen3:8b attempt=1 valid=688/3600
2026-09-03T18:11:29.261718Z valid dreaddit Generalist llama3.1:8b attempt=1 valid=689/3600
2026-09-03T18:11:34.041215Z valid dreaddit Fixed role llama3.1:8b attempt=1 valid=690/3600
2026-09-03T18:11:39.317798Z valid dreaddit All roles llama3.1:8b attempt=1 valid=691/3600
2026-09-03T18:11:44.722164Z valid dreaddit Generalist gemma3:4b attempt=1 valid=692/3600
2026-09-03T18:11:50.170302Z valid dreaddit Fixed role gemma3:4b attempt=1 valid=693/3600
2026-09-03T18:11:55.320400Z valid dreaddit All roles gemma3:4b attempt=1 valid=694/3600
2026-09-03T18:11:58.755428Z valid goemotions Generalist qwen3:8b attempt=1 valid=695/3600
2026-09-03T18:12:01.997677Z valid goemotions Fixed role qwen3:8b attempt=1 valid=696/3600
2026-09-03T18:12:05.916038Z valid goemotions All roles qwen3:8b attempt=1 valid=697/3600
2026-09-03T18:12:10.138345Z valid goemotions Generalist llama3.1:8b attempt=1 valid=698/3600
2026-09-03T18:12:13.868995Z valid goemotions Fixed role llama3.1:8b attempt=1 valid=699/3600
2026-09-03T18:12:18.093270Z valid goemotions All roles llama3.1:8b attempt=1 valid=700/3600
2026-09-03T18:12:21.691513Z valid goemotions Generalist gemma3:4b attempt=1 valid=701/3600
2026-09-03T18:12:25.018354Z valid goemotions Fixed role gemma3:4b attempt=1 valid=702/3600
2026-09-03T18:12:29.153535Z valid goemotions All roles gemma3:4b attempt=1 valid=703/3600
2026-09-03T18:12:33.914922Z valid agyw_focus_groups Generalist qwen3:8b attempt=1 valid=704/3600
2026-09-03T18:12:38.533181Z valid agyw_focus_groups Fixed role qwen3:8b attempt=1 valid=705/3600
2026-09-03T18:12:43.626494Z valid agyw_focus_groups All roles qwen3:8b attempt=1 valid=706/3600
2026-09-03T18:12:48.200786Z valid agyw_focus_groups Generalist llama3.1:8b attempt=1 valid=707/3600
2026-09-03T18:12:52.994643Z valid agyw_focus_groups Fixed role llama3.1:8b attempt=1 valid=708/3600
2026-09-03T18:12:58.107312Z valid agyw_focus_groups All roles llama3.1:8b attempt=1 valid=709/3600
2026-09-03T18:13:02.655544Z valid agyw_focus_groups Generalist gemma3:4b attempt=1 valid=710/3600
2026-09-03T18:13:06.979893Z valid agyw_focus_groups Fixed role gemma3:4b attempt=1 valid=711/3600
2026-09-03T18:13:12.248211Z valid agyw_focus_groups All roles gemma3:4b attempt=1 valid=712/3600
2026-09-03T18:13:18.588150Z valid parlamint_gb Generalist qwen3:8b attempt=1 valid=713/3600
2026-09-03T18:13:24.669203Z valid parlamint_gb Fixed role qwen3:8b attempt=1 valid=714/3600
2026-09-03T18:13:31.561856Z valid parlamint_gb All roles qwen3:8b attempt=1 valid=715/3600
2026-09-03T18:13:39.651392Z valid parlamint_gb Generalist llama3.1:8b attempt=1 valid=716/3600
2026-09-03T18:13:45.978098Z valid parlamint_gb Fixed role llama3.1:8b attempt=1 valid=717/3600
2026-09-03T18:13:52.361824Z valid parlamint_gb All roles llama3.1:8b attempt=1 valid=718/3600
2026-09-03T18:13:58.801302Z valid parlamint_gb Generalist gemma3:4b attempt=1 valid=719/3600
2026-09-03T18:14:04.624602Z valid parlamint_gb Fixed role gemma3:4b attempt=1 valid=720/3600
2026-09-03T18:14:11.483182Z valid parlamint_gb All roles gemma3:4b attempt=1 valid=721/3600
2026-09-03T18:14:18.537161Z valid dreaddit Generalist qwen3:8b attempt=1 valid=722/3600
2026-09-03T18:14:23.445442Z valid dreaddit Fixed role qwen3:8b attempt=1 valid=723/3600
2026-09-03T18:14:29.434388Z valid dreaddit All roles qwen3:8b attempt=1 valid=724/3600
2026-09-03T18:14:34.750207Z valid dreaddit Generalist llama3.1:8b attempt=1 valid=725/3600
2026-09-03T18:14:39.900152Z valid dreaddit Fixed role llama3.1:8b attempt=1 valid=726/3600
2026-09-03T18:14:45.382524Z valid dreaddit All roles llama3.1:8b attempt=1 valid=727/3600
2026-09-03T18:14:50.660636Z valid dreaddit Generalist gemma3:4b attempt=1 valid=728/3600
2026-09-03T18:14:56.121053Z valid dreaddit Fixed role gemma3:4b attempt=1 valid=729/3600
2026-09-03T18:15:01.867247Z valid dreaddit All roles gemma3:4b attempt=1 valid=730/3600
2026-09-03T18:15:05.560303Z valid goemotions Generalist qwen3:8b attempt=1 valid=731/3600
2026-09-03T18:15:09.270649Z valid goemotions Fixed role qwen3:8b attempt=1 valid=732/3600
2026-09-03T18:15:12.327670Z valid goemotions All roles qwen3:8b attempt=1 valid=733/3600
2026-09-03T18:15:16.531632Z valid goemotions Generalist llama3.1:8b attempt=1 valid=734/3600
2026-09-03T18:15:20.235591Z valid goemotions Fixed role llama3.1:8b attempt=1 valid=735/3600
2026-09-03T18:15:24.716780Z valid goemotions All roles llama3.1:8b attempt=1 valid=736/3600
2026-09-03T18:15:28.608737Z valid goemotions Generalist gemma3:4b attempt=1 valid=737/3600
2026-09-03T18:15:32.640436Z valid goemotions Fixed role gemma3:4b attempt=1 valid=738/3600
2026-09-03T18:15:37.446639Z valid goemotions All roles gemma3:4b attempt=1 valid=739/3600
2026-09-03T18:15:41.511058Z valid agyw_focus_groups Generalist qwen3:8b attempt=1 valid=740/3600
2026-09-03T18:15:45.365379Z valid agyw_focus_groups Fixed role qwen3:8b attempt=1 valid=741/3600
2026-09-03T18:15:49.349768Z valid agyw_focus_groups All roles qwen3:8b attempt=1 valid=742/3600
2026-09-03T18:15:52.763383Z valid agyw_focus_groups Generalist llama3.1:8b attempt=1 valid=743/3600
2026-09-03T18:15:56.732905Z valid agyw_focus_groups Fixed role llama3.1:8b attempt=1 valid=744/3600
2026-09-03T18:16:00.756341Z valid agyw_focus_groups All roles llama3.1:8b attempt=1 valid=745/3600
2026-09-03T18:16:04.843095Z valid agyw_focus_groups Generalist gemma3:4b attempt=1 valid=746/3600
2026-09-03T18:16:08.646869Z valid agyw_focus_groups Fixed role gemma3:4b attempt=1 valid=747/3600
2026-09-03T18:16:12.961235Z valid agyw_focus_groups All roles gemma3:4b attempt=1 valid=748/3600
2026-09-03T18:16:19.648444Z valid parlamint_gb Generalist qwen3:8b attempt=1 valid=749/3600
2026-09-03T18:16:25.917830Z valid parlamint_gb Fixed role qwen3:8b attempt=1 valid=750/3600
2026-09-03T18:16:32.570778Z valid parlamint_gb All roles qwen3:8b attempt=1 valid=751/3600
2026-09-03T18:16:41.039916Z valid parlamint_gb Generalist llama3.1:8b attempt=1 valid=752/3600
2026-09-03T18:16:48.030065Z valid parlamint_gb Fixed role llama3.1:8b attempt=1 valid=753/3600
2026-09-03T18:16:57.380251Z valid parlamint_gb All roles llama3.1:8b attempt=1 valid=754/3600
2026-09-03T18:17:04.595593Z valid parlamint_gb Generalist gemma3:4b attempt=1 valid=755/3600
2026-09-03T18:17:11.318863Z valid parlamint_gb Fixed role gemma3:4b attempt=1 valid=756/3600
2026-09-03T18:17:20.624295Z valid parlamint_gb All roles gemma3:4b attempt=1 valid=757/3600
2026-09-03T18:17:25.651305Z valid dreaddit Generalist qwen3:8b attempt=1 valid=758/3600
2026-09-03T18:17:30.175060Z valid dreaddit Fixed role qwen3:8b attempt=1 valid=759/3600
2026-09-03T18:17:35.905885Z valid dreaddit All roles qwen3:8b attempt=1 valid=760/3600
2026-09-03T18:17:40.357240Z valid dreaddit Generalist llama3.1:8b attempt=1 valid=761/3600
2026-09-03T18:17:45.556865Z valid dreaddit Fixed role llama3.1:8b attempt=1 valid=762/3600
2026-09-03T18:17:51.120208Z valid dreaddit All roles llama3.1:8b attempt=1 valid=763/3600
2026-09-03T18:17:56.972525Z valid dreaddit Generalist gemma3:4b attempt=1 valid=764/3600
2026-09-03T18:18:01.978575Z valid dreaddit Fixed role gemma3:4b attempt=1 valid=765/3600
2026-09-03T18:18:06.975820Z valid dreaddit All roles gemma3:4b attempt=1 valid=766/3600
2026-09-03T18:18:10.333607Z valid goemotions Generalist qwen3:8b attempt=1 valid=767/3600
2026-09-03T18:18:13.690340Z valid goemotions Fixed role qwen3:8b attempt=1 valid=768/3600
2026-09-03T18:18:17.316610Z valid goemotions All roles qwen3:8b attempt=1 valid=769/3600
2026-09-03T18:18:20.966445Z valid goemotions Generalist llama3.1:8b attempt=1 valid=770/3600
2026-09-03T18:18:24.767413Z valid goemotions Fixed role llama3.1:8b attempt=1 valid=771/3600
2026-09-03T18:18:29.742224Z valid goemotions All roles llama3.1:8b attempt=1 valid=772/3600
2026-09-03T18:18:33.400370Z valid goemotions Generalist gemma3:4b attempt=1 valid=773/3600
2026-09-03T18:18:36.987756Z valid goemotions Fixed role gemma3:4b attempt=1 valid=774/3600
2026-09-03T18:18:41.236512Z valid goemotions All roles gemma3:4b attempt=1 valid=775/3600
2026-09-03T18:18:44.927809Z valid agyw_focus_groups Generalist qwen3:8b attempt=1 valid=776/3600
2026-09-03T18:18:48.698689Z valid agyw_focus_groups Fixed role qwen3:8b attempt=1 valid=777/3600
2026-09-03T18:18:53.363918Z valid agyw_focus_groups All roles qwen3:8b attempt=1 valid=778/3600
2026-09-03T18:18:56.700177Z valid agyw_focus_groups Generalist llama3.1:8b attempt=1 valid=779/3600
2026-09-03T18:19:00.440216Z valid agyw_focus_groups Fixed role llama3.1:8b attempt=1 valid=780/3600
2026-09-03T18:19:04.730944Z valid agyw_focus_groups All roles llama3.1:8b attempt=1 valid=781/3600
2026-09-03T18:19:09.347482Z valid agyw_focus_groups Generalist gemma3:4b attempt=1 valid=782/3600
2026-09-03T18:19:13.004464Z valid agyw_focus_groups Fixed role gemma3:4b attempt=1 valid=783/3600
2026-09-03T18:19:17.375783Z valid agyw_focus_groups All roles gemma3:4b attempt=1 valid=784/3600
2026-09-03T18:19:22.720522Z valid parlamint_gb Generalist qwen3:8b attempt=1 valid=785/3600
2026-09-03T18:19:28.319722Z valid parlamint_gb Fixed role qwen3:8b attempt=1 valid=786/3600
2026-09-03T18:19:33.785891Z valid parlamint_gb All roles qwen3:8b attempt=1 valid=787/3600
2026-09-03T18:19:38.559122Z valid parlamint_gb Generalist llama3.1:8b attempt=1 valid=788/3600
2026-09-03T18:19:44.185291Z valid parlamint_gb Fixed role llama3.1:8b attempt=1 valid=789/3600
2026-09-03T18:19:50.357282Z valid parlamint_gb All roles llama3.1:8b attempt=1 valid=790/3600
2026-09-03T18:19:56.477035Z valid parlamint_gb Generalist gemma3:4b attempt=1 valid=791/3600
2026-09-03T18:20:01.434724Z valid parlamint_gb Fixed role gemma3:4b attempt=1 valid=792/3600
2026-09-03T18:20:07.958222Z valid parlamint_gb All roles gemma3:4b attempt=1 valid=793/3600
2026-09-03T18:20:12.430696Z valid dreaddit Generalist qwen3:8b attempt=1 valid=794/3600
2026-09-03T18:20:17.236449Z valid dreaddit Fixed role qwen3:8b attempt=1 valid=795/3600
2026-09-03T18:20:22.995371Z valid dreaddit All roles qwen3:8b attempt=1 valid=796/3600
2026-09-03T18:20:27.732065Z valid dreaddit Generalist llama3.1:8b attempt=1 valid=797/3600
2026-09-03T18:20:33.655611Z valid dreaddit Fixed role llama3.1:8b attempt=1 valid=798/3600
2026-09-03T18:20:38.938308Z valid dreaddit All roles llama3.1:8b attempt=1 valid=799/3600
2026-09-03T18:20:44.941425Z valid dreaddit Generalist gemma3:4b attempt=1 valid=800/3600
2026-09-03T18:20:49.616255Z valid dreaddit Fixed role gemma3:4b attempt=1 valid=801/3600
2026-09-03T18:20:55.081530Z valid dreaddit All roles gemma3:4b attempt=1 valid=802/3600
2026-09-03T18:20:58.143594Z valid goemotions Generalist qwen3:8b attempt=1 valid=803/3600
2026-09-03T18:21:02.067294Z valid goemotions Fixed role qwen3:8b attempt=1 valid=804/3600
2026-09-03T18:21:06.702272Z valid goemotions All roles qwen3:8b attempt=1 valid=805/3600
2026-09-03T18:21:10.476763Z valid goemotions Generalist llama3.1:8b attempt=1 valid=806/3600
2026-09-03T18:21:14.991524Z valid goemotions Fixed role llama3.1:8b attempt=1 valid=807/3600
2026-09-03T18:21:19.808034Z valid goemotions All roles llama3.1:8b attempt=1 valid=808/3600
2026-09-03T18:21:23.243910Z valid goemotions Generalist gemma3:4b attempt=1 valid=809/3600
2026-09-03T18:21:26.877422Z valid goemotions Fixed role gemma3:4b attempt=1 valid=810/3600
2026-09-03T18:21:31.060386Z valid goemotions All roles gemma3:4b attempt=1 valid=811/3600
2026-09-03T18:21:34.795789Z valid agyw_focus_groups Generalist qwen3:8b attempt=1 valid=812/3600
2026-09-03T18:21:38.331760Z valid agyw_focus_groups Fixed role qwen3:8b attempt=1 valid=813/3600
2026-09-03T18:21:42.363940Z valid agyw_focus_groups All roles qwen3:8b attempt=1 valid=814/3600
2026-09-03T18:21:46.734045Z valid agyw_focus_groups Generalist llama3.1:8b attempt=1 valid=815/3600
2026-09-03T18:21:51.364895Z valid agyw_focus_groups Fixed role llama3.1:8b attempt=1 valid=816/3600
2026-09-03T18:21:55.582862Z valid agyw_focus_groups All roles llama3.1:8b attempt=1 valid=817/3600
2026-09-03T18:21:59.516283Z valid agyw_focus_groups Generalist gemma3:4b attempt=1 valid=818/3600
2026-09-03T18:22:03.940483Z valid agyw_focus_groups Fixed role gemma3:4b attempt=1 valid=819/3600
2026-09-03T18:22:08.484722Z valid agyw_focus_groups All roles gemma3:4b attempt=1 valid=820/3600
2026-09-03T18:22:13.239602Z valid parlamint_gb Generalist qwen3:8b attempt=1 valid=821/3600
2026-09-03T18:22:17.784505Z valid parlamint_gb Fixed role qwen3:8b attempt=1 valid=822/3600
2026-09-03T18:22:22.646604Z valid parlamint_gb All roles qwen3:8b attempt=1 valid=823/3600
2026-09-03T18:22:27.330803Z valid parlamint_gb Generalist llama3.1:8b attempt=1 valid=824/3600
2026-09-03T18:22:31.982263Z valid parlamint_gb Fixed role llama3.1:8b attempt=1 valid=825/3600
2026-09-03T18:22:36.585842Z valid parlamint_gb All roles llama3.1:8b attempt=1 valid=826/3600
2026-09-03T18:22:41.681378Z valid parlamint_gb Generalist gemma3:4b attempt=1 valid=827/3600
2026-09-03T18:22:46.438155Z valid parlamint_gb Fixed role gemma3:4b attempt=1 valid=828/3600
2026-09-03T18:22:51.798150Z valid parlamint_gb All roles gemma3:4b attempt=1 valid=829/3600
2026-09-03T18:22:57.034148Z valid dreaddit Generalist qwen3:8b attempt=1 valid=830/3600
2026-09-03T18:23:02.311502Z valid dreaddit Fixed role qwen3:8b attempt=1 valid=831/3600
2026-09-03T18:23:07.725205Z valid dreaddit All roles qwen3:8b attempt=1 valid=832/3600
2026-09-03T18:23:14.370669Z valid dreaddit Generalist llama3.1:8b attempt=1 valid=833/3600
2026-09-03T18:23:20.166600Z valid dreaddit Fixed role llama3.1:8b attempt=1 valid=834/3600
2026-09-03T18:23:25.728101Z valid dreaddit All roles llama3.1:8b attempt=1 valid=835/3600
2026-09-03T18:23:31.468909Z valid dreaddit Generalist gemma3:4b attempt=1 valid=836/3600
2026-09-03T18:23:37.353553Z valid dreaddit Fixed role gemma3:4b attempt=1 valid=837/3600
2026-09-03T18:23:43.361755Z valid dreaddit All roles gemma3:4b attempt=1 valid=838/3600
2026-09-03T18:23:47.497578Z valid goemotions Generalist qwen3:8b attempt=1 valid=839/3600
2026-09-03T18:23:51.928994Z valid goemotions Fixed role qwen3:8b attempt=1 valid=840/3600
2026-09-03T18:23:56.469704Z valid goemotions All roles qwen3:8b attempt=1 valid=841/3600
2026-09-03T18:24:00.690317Z valid goemotions Generalist llama3.1:8b attempt=1 valid=842/3600
2026-09-03T18:24:04.133760Z valid goemotions Fixed role llama3.1:8b attempt=1 valid=843/3600
2026-09-03T18:24:09.106978Z valid goemotions All roles llama3.1:8b attempt=1 valid=844/3600
2026-09-03T18:24:13.799920Z valid goemotions Generalist gemma3:4b attempt=1 valid=845/3600
2026-09-03T18:24:17.902408Z valid goemotions Fixed role gemma3:4b attempt=1 valid=846/3600
2026-09-03T18:24:22.324748Z valid goemotions All roles gemma3:4b attempt=1 valid=847/3600
2026-09-03T18:24:26.146384Z valid agyw_focus_groups Generalist qwen3:8b attempt=1 valid=848/3600
2026-09-03T18:24:28.350935Z valid agyw_focus_groups Fixed role qwen3:8b attempt=1 valid=849/3600
2026-09-03T18:24:32.631251Z valid agyw_focus_groups All roles qwen3:8b attempt=1 valid=850/3600
2026-09-03T18:24:37.265313Z valid agyw_focus_groups Generalist llama3.1:8b attempt=1 valid=851/3600
2026-09-03T18:24:42.545678Z valid agyw_focus_groups Fixed role llama3.1:8b attempt=1 valid=852/3600
2026-09-03T18:24:47.516399Z valid agyw_focus_groups All roles llama3.1:8b attempt=1 valid=853/3600
2026-09-03T18:24:52.106729Z valid agyw_focus_groups Generalist gemma3:4b attempt=1 valid=854/3600
2026-09-03T18:24:56.793411Z valid agyw_focus_groups Fixed role gemma3:4b attempt=1 valid=855/3600
2026-09-03T18:25:01.383511Z valid agyw_focus_groups All roles gemma3:4b attempt=1 valid=856/3600
2026-09-03T18:25:07.151331Z valid parlamint_gb Generalist qwen3:8b attempt=1 valid=857/3600
2026-09-03T18:25:13.675772Z valid parlamint_gb Fixed role qwen3:8b attempt=1 valid=858/3600
2026-09-03T18:25:20.846403Z valid parlamint_gb All roles qwen3:8b attempt=1 valid=859/3600
2026-09-03T18:25:27.178528Z valid parlamint_gb Generalist llama3.1:8b attempt=1 valid=860/3600
2026-09-03T18:25:33.588339Z valid parlamint_gb Fixed role llama3.1:8b attempt=1 valid=861/3600
2026-09-03T18:25:40.855487Z valid parlamint_gb All roles llama3.1:8b attempt=1 valid=862/3600
2026-09-03T18:25:46.681283Z valid parlamint_gb Generalist gemma3:4b attempt=1 valid=863/3600
2026-09-03T18:25:53.090997Z valid parlamint_gb Fixed role gemma3:4b attempt=1 valid=864/3600
2026-09-03T18:26:00.260982Z valid parlamint_gb All roles gemma3:4b attempt=1 valid=865/3600
2026-09-03T18:26:06.239317Z valid dreaddit Generalist qwen3:8b attempt=1 valid=866/3600
2026-09-03T18:26:10.971399Z valid dreaddit Fixed role qwen3:8b attempt=1 valid=867/3600
2026-09-03T18:26:15.845484Z valid dreaddit All roles qwen3:8b attempt=1 valid=868/3600
2026-09-03T18:26:20.184786Z valid dreaddit Generalist llama3.1:8b attempt=1 valid=869/3600
2026-09-03T18:26:25.300698Z valid dreaddit Fixed role llama3.1:8b attempt=1 valid=870/3600
2026-09-03T18:26:30.739396Z valid dreaddit All roles llama3.1:8b attempt=1 valid=871/3600
2026-09-03T18:26:36.219602Z valid dreaddit Generalist gemma3:4b attempt=1 valid=872/3600
2026-09-03T18:26:42.097406Z valid dreaddit Fixed role gemma3:4b attempt=1 valid=873/3600
2026-09-03T18:26:47.343120Z valid dreaddit All roles gemma3:4b attempt=1 valid=874/3600
2026-09-03T18:26:50.958502Z valid goemotions Generalist qwen3:8b attempt=1 valid=875/3600
2026-09-03T18:26:54.207003Z valid goemotions Fixed role qwen3:8b attempt=1 valid=876/3600
2026-09-03T18:26:58.168808Z valid goemotions All roles qwen3:8b attempt=1 valid=877/3600
2026-09-03T18:27:01.982493Z valid goemotions Generalist llama3.1:8b attempt=1 valid=878/3600
2026-09-03T18:27:06.422865Z valid goemotions Fixed role llama3.1:8b attempt=1 valid=879/3600
2026-09-03T18:27:11.447099Z valid goemotions All roles llama3.1:8b attempt=1 valid=880/3600
2026-09-03T18:27:14.777096Z valid goemotions Generalist gemma3:4b attempt=1 valid=881/3600
2026-09-03T18:27:18.310913Z valid goemotions Fixed role gemma3:4b attempt=1 valid=882/3600
2026-09-03T18:27:22.691712Z valid goemotions All roles gemma3:4b attempt=1 valid=883/3600
2026-09-03T18:27:27.307430Z valid agyw_focus_groups Generalist qwen3:8b attempt=1 valid=884/3600
2026-09-03T18:27:30.882618Z valid agyw_focus_groups Fixed role qwen3:8b attempt=1 valid=885/3600
2026-09-03T18:27:35.612986Z valid agyw_focus_groups All roles qwen3:8b attempt=1 valid=886/3600
2026-09-03T18:27:40.560328Z valid agyw_focus_groups Generalist llama3.1:8b attempt=1 valid=887/3600
2026-09-03T18:27:44.505278Z valid agyw_focus_groups Fixed role llama3.1:8b attempt=1 valid=888/3600
2026-09-03T18:27:49.378738Z valid agyw_focus_groups All roles llama3.1:8b attempt=1 valid=889/3600
2026-09-03T18:27:53.451957Z valid agyw_focus_groups Generalist gemma3:4b attempt=1 valid=890/3600
2026-09-03T18:27:57.493567Z valid agyw_focus_groups Fixed role gemma3:4b attempt=1 valid=891/3600
2026-09-03T18:28:02.047487Z valid agyw_focus_groups All roles gemma3:4b attempt=1 valid=892/3600
2026-09-03T18:28:06.787079Z valid parlamint_gb Generalist qwen3:8b attempt=1 valid=893/3600
2026-09-03T18:28:11.521913Z valid parlamint_gb Fixed role qwen3:8b attempt=1 valid=894/3600
2026-09-03T18:28:15.971729Z valid parlamint_gb All roles qwen3:8b attempt=1 valid=895/3600
2026-09-03T18:28:20.523487Z valid parlamint_gb Generalist llama3.1:8b attempt=1 valid=896/3600
2026-09-03T18:28:26.676206Z valid parlamint_gb Fixed role llama3.1:8b attempt=1 valid=897/3600
2026-09-03T18:28:31.767793Z valid parlamint_gb All roles llama3.1:8b attempt=1 valid=898/3600
2026-09-03T18:28:36.942757Z valid parlamint_gb Generalist gemma3:4b attempt=1 valid=899/3600
2026-09-03T18:28:41.667726Z valid parlamint_gb Fixed role gemma3:4b attempt=1 valid=900/3600
2026-09-03T18:28:47.615561Z valid parlamint_gb All roles gemma3:4b attempt=1 valid=901/3600
2026-09-03T18:28:52.410821Z valid dreaddit Generalist qwen3:8b attempt=1 valid=902/3600
2026-09-03T18:28:57.129473Z valid dreaddit Fixed role qwen3:8b attempt=1 valid=903/3600
2026-09-03T18:29:02.792827Z valid dreaddit All roles qwen3:8b attempt=1 valid=904/3600
2026-09-03T18:29:07.973041Z valid dreaddit Generalist llama3.1:8b attempt=1 valid=905/3600
2026-09-03T18:29:12.920468Z valid dreaddit Fixed role llama3.1:8b attempt=1 valid=906/3600
2026-09-03T18:29:18.026291Z valid dreaddit All roles llama3.1:8b attempt=1 valid=907/3600
2026-09-03T18:29:22.823219Z valid dreaddit Generalist gemma3:4b attempt=1 valid=908/3600
2026-09-03T18:29:27.423578Z valid dreaddit Fixed role gemma3:4b attempt=1 valid=909/3600
2026-09-03T18:29:32.929908Z valid dreaddit All roles gemma3:4b attempt=1 valid=910/3600
2026-09-03T18:29:36.306535Z valid goemotions Generalist qwen3:8b attempt=1 valid=911/3600
2026-09-03T18:29:40.125851Z valid goemotions Fixed role qwen3:8b attempt=1 valid=912/3600
2026-09-03T18:29:44.577226Z valid goemotions All roles qwen3:8b attempt=1 valid=913/3600
2026-09-03T18:29:48.392383Z valid goemotions Generalist llama3.1:8b attempt=1 valid=914/3600
2026-09-03T18:29:52.745614Z valid goemotions Fixed role llama3.1:8b attempt=1 valid=915/3600
2026-09-03T18:29:57.889234Z valid goemotions All roles llama3.1:8b attempt=1 valid=916/3600
2026-09-03T18:30:01.986507Z valid goemotions Generalist gemma3:4b attempt=1 valid=917/3600
2026-09-03T18:30:06.083396Z valid goemotions Fixed role gemma3:4b attempt=1 valid=918/3600
2026-09-03T18:30:11.128781Z valid goemotions All roles gemma3:4b attempt=1 valid=919/3600
2026-09-03T18:30:15.152071Z valid agyw_focus_groups Generalist qwen3:8b attempt=1 valid=920/3600
2026-09-03T18:30:18.686384Z valid agyw_focus_groups Fixed role qwen3:8b attempt=1 valid=921/3600
2026-09-03T18:30:22.875236Z valid agyw_focus_groups All roles qwen3:8b attempt=1 valid=922/3600
2026-09-03T18:30:26.618275Z valid agyw_focus_groups Generalist llama3.1:8b attempt=1 valid=923/3600
2026-09-03T18:30:31.033463Z valid agyw_focus_groups Fixed role llama3.1:8b attempt=1 valid=924/3600
2026-09-03T18:30:36.035468Z valid agyw_focus_groups All roles llama3.1:8b attempt=1 valid=925/3600
2026-09-03T18:30:40.127802Z valid agyw_focus_groups Generalist gemma3:4b attempt=1 valid=926/3600
2026-09-03T18:30:43.981373Z valid agyw_focus_groups Fixed role gemma3:4b attempt=1 valid=927/3600
2026-09-03T18:30:48.463479Z valid agyw_focus_groups All roles gemma3:4b attempt=1 valid=928/3600
2026-09-03T18:30:53.447310Z valid parlamint_gb Generalist qwen3:8b attempt=1 valid=929/3600
2026-09-03T18:30:57.896564Z valid parlamint_gb Fixed role qwen3:8b attempt=1 valid=930/3600
2026-09-03T18:31:02.183163Z valid parlamint_gb All roles qwen3:8b attempt=1 valid=931/3600
2026-09-03T18:31:07.218940Z valid parlamint_gb Generalist llama3.1:8b attempt=1 valid=932/3600
2026-09-03T18:31:12.064930Z valid parlamint_gb Fixed role llama3.1:8b attempt=1 valid=933/3600
2026-09-03T18:31:16.663735Z valid parlamint_gb All roles llama3.1:8b attempt=1 valid=934/3600
2026-09-03T18:31:21.020724Z valid parlamint_gb Generalist gemma3:4b attempt=1 valid=935/3600
2026-09-03T18:31:26.105854Z valid parlamint_gb Fixed role gemma3:4b attempt=1 valid=936/3600
2026-09-03T18:31:31.351549Z valid parlamint_gb All roles gemma3:4b attempt=1 valid=937/3600
2026-09-03T18:31:36.260567Z valid dreaddit Generalist qwen3:8b attempt=1 valid=938/3600
2026-09-03T18:31:40.902541Z valid dreaddit Fixed role qwen3:8b attempt=1 valid=939/3600
2026-09-03T18:31:45.937289Z valid dreaddit All roles qwen3:8b attempt=1 valid=940/3600
2026-09-03T18:31:50.703853Z valid dreaddit Generalist llama3.1:8b attempt=1 valid=941/3600
2026-09-03T18:31:55.557302Z valid dreaddit Fixed role llama3.1:8b attempt=1 valid=942/3600
2026-09-03T18:32:00.661790Z valid dreaddit All roles llama3.1:8b attempt=1 valid=943/3600
2026-09-03T18:32:05.314733Z valid dreaddit Generalist gemma3:4b attempt=1 valid=944/3600
2026-09-03T18:32:10.315483Z valid dreaddit Fixed role gemma3:4b attempt=1 valid=945/3600
2026-09-03T18:32:15.344338Z valid dreaddit All roles gemma3:4b attempt=1 valid=946/3600
2026-09-03T18:32:18.628465Z valid goemotions Generalist qwen3:8b attempt=1 valid=947/3600
2026-09-03T18:32:22.758467Z valid goemotions Fixed role qwen3:8b attempt=1 valid=948/3600
2026-09-03T18:32:27.193143Z valid goemotions All roles qwen3:8b attempt=1 valid=949/3600
2026-09-03T18:32:30.910555Z valid goemotions Generalist llama3.1:8b attempt=1 valid=950/3600
2026-09-03T18:32:34.149018Z valid goemotions Fixed role llama3.1:8b attempt=1 valid=951/3600
2026-09-03T18:32:37.962855Z valid goemotions All roles llama3.1:8b attempt=1 valid=952/3600
2026-09-03T18:32:41.109460Z valid goemotions Generalist gemma3:4b attempt=1 valid=953/3600
2026-09-03T18:32:44.486831Z valid goemotions Fixed role gemma3:4b attempt=1 valid=954/3600
2026-09-03T18:32:48.472234Z valid goemotions All roles gemma3:4b attempt=1 valid=955/3600
2026-09-03T18:32:52.622764Z valid agyw_focus_groups Generalist qwen3:8b attempt=1 valid=956/3600
2026-09-03T18:32:57.104447Z valid agyw_focus_groups Fixed role qwen3:8b attempt=1 valid=957/3600
2026-09-03T18:33:01.705857Z valid agyw_focus_groups All roles qwen3:8b attempt=1 valid=958/3600
2026-09-03T18:33:05.612269Z valid agyw_focus_groups Generalist llama3.1:8b attempt=1 valid=959/3600
2026-09-03T18:33:09.650739Z valid agyw_focus_groups Fixed role llama3.1:8b attempt=1 valid=960/3600
2026-09-03T18:33:14.861233Z valid agyw_focus_groups All roles llama3.1:8b attempt=1 valid=961/3600
2026-09-03T18:33:19.298368Z valid agyw_focus_groups Generalist gemma3:4b attempt=1 valid=962/3600
2026-09-03T18:33:23.354864Z valid agyw_focus_groups Fixed role gemma3:4b attempt=1 valid=963/3600
2026-09-03T18:33:28.570460Z valid agyw_focus_groups All roles gemma3:4b attempt=1 valid=964/3600
2026-09-03T18:33:35.372634Z valid parlamint_gb Generalist qwen3:8b attempt=1 valid=965/3600
2026-09-03T18:33:41.989310Z valid parlamint_gb Fixed role qwen3:8b attempt=1 valid=966/3600
2026-09-03T18:33:49.488598Z valid parlamint_gb All roles qwen3:8b attempt=1 valid=967/3600
2026-09-03T18:33:55.901438Z valid parlamint_gb Generalist llama3.1:8b attempt=1 valid=968/3600
2026-09-03T18:34:01.881858Z valid parlamint_gb Fixed role llama3.1:8b attempt=1 valid=969/3600
2026-09-03T18:34:08.183670Z valid parlamint_gb All roles llama3.1:8b attempt=1 valid=970/3600
2026-09-03T18:34:15.214967Z valid parlamint_gb Generalist gemma3:4b attempt=1 valid=971/3600
2026-09-03T18:34:21.005750Z valid parlamint_gb Fixed role gemma3:4b attempt=1 valid=972/3600
2026-09-03T18:34:27.815456Z valid parlamint_gb All roles gemma3:4b attempt=1 valid=973/3600
2026-09-03T18:34:33.975750Z valid dreaddit Generalist qwen3:8b attempt=1 valid=974/3600
2026-09-03T18:34:38.689908Z valid dreaddit Fixed role qwen3:8b attempt=1 valid=975/3600
2026-09-03T18:34:43.728030Z valid dreaddit All roles qwen3:8b attempt=1 valid=976/3600
2026-09-03T18:34:49.261514Z valid dreaddit Generalist llama3.1:8b attempt=1 valid=977/3600
2026-09-03T18:34:53.961232Z valid dreaddit Fixed role llama3.1:8b attempt=1 valid=978/3600
2026-09-03T18:34:58.702957Z valid dreaddit All roles llama3.1:8b attempt=1 valid=979/3600
2026-09-03T18:35:03.775751Z valid dreaddit Generalist gemma3:4b attempt=1 valid=980/3600
2026-09-03T18:35:09.205748Z valid dreaddit Fixed role gemma3:4b attempt=1 valid=981/3600
2026-09-03T18:35:15.346170Z valid dreaddit All roles gemma3:4b attempt=1 valid=982/3600
2026-09-03T18:35:19.334782Z valid goemotions Generalist qwen3:8b attempt=1 valid=983/3600
2026-09-03T18:35:23.480052Z valid goemotions Fixed role qwen3:8b attempt=1 valid=984/3600
2026-09-03T18:35:27.996372Z valid goemotions All roles qwen3:8b attempt=1 valid=985/3600
2026-09-03T18:35:31.865790Z valid goemotions Generalist llama3.1:8b attempt=1 valid=986/3600
2026-09-03T18:35:35.842904Z valid goemotions Fixed role llama3.1:8b attempt=1 valid=987/3600
2026-09-03T18:35:40.503577Z valid goemotions All roles llama3.1:8b attempt=1 valid=988/3600
2026-09-03T18:35:44.600414Z valid goemotions Generalist gemma3:4b attempt=1 valid=989/3600
2026-09-03T18:35:48.703509Z schema_error goemotions Fixed role gemma3:4b attempt=1 valid=989/3600
2026-09-03T18:35:52.139338Z schema_error goemotions Fixed role gemma3:4b attempt=2 valid=989/3600
2026-09-03T18:35:55.573188Z schema_error goemotions Fixed role gemma3:4b attempt=3 valid=989/3600
2026-09-03T18:36:01.047164Z valid goemotions All roles gemma3:4b attempt=1 valid=990/3600
2026-09-03T18:36:04.784951Z valid agyw_focus_groups Generalist qwen3:8b attempt=1 valid=991/3600
2026-09-03T18:36:08.180556Z valid agyw_focus_groups Fixed role qwen3:8b attempt=1 valid=992/3600
2026-09-03T18:36:12.090843Z valid agyw_focus_groups All roles qwen3:8b attempt=1 valid=993/3600
2026-09-03T18:36:15.706771Z valid agyw_focus_groups Generalist llama3.1:8b attempt=1 valid=994/3600
2026-09-03T18:36:19.493839Z valid agyw_focus_groups Fixed role llama3.1:8b attempt=1 valid=995/3600
2026-09-03T18:36:23.636687Z valid agyw_focus_groups All roles llama3.1:8b attempt=1 valid=996/3600
2026-09-03T18:36:27.081238Z valid agyw_focus_groups Generalist gemma3:4b attempt=1 valid=997/3600
2026-09-03T18:36:30.551757Z valid agyw_focus_groups Fixed role gemma3:4b attempt=1 valid=998/3600
2026-09-03T18:36:34.699364Z valid agyw_focus_groups All roles gemma3:4b attempt=1 valid=999/3600
2026-09-03T18:36:41.020233Z valid parlamint_gb Generalist qwen3:8b attempt=1 valid=1000/3600
2026-09-03T18:36:43.102800Z valid parlamint_gb Fixed role qwen3:8b attempt=1 valid=1001/3600
2026-09-03T18:36:50.209522Z valid parlamint_gb All roles qwen3:8b attempt=1 valid=1002/3600
2026-09-03T18:36:58.539106Z valid parlamint_gb Generalist llama3.1:8b attempt=1 valid=1003/3600
2026-09-03T18:37:06.705769Z valid parlamint_gb Fixed role llama3.1:8b attempt=1 valid=1004/3600
2026-09-03T18:37:14.222774Z valid parlamint_gb All roles llama3.1:8b attempt=1 valid=1005/3600
2026-09-03T18:37:20.877410Z valid parlamint_gb Generalist gemma3:4b attempt=1 valid=1006/3600
2026-09-03T18:37:27.339496Z valid parlamint_gb Fixed role gemma3:4b attempt=1 valid=1007/3600
2026-09-03T18:37:34.310794Z valid parlamint_gb All roles gemma3:4b attempt=1 valid=1008/3600
2026-09-03T18:37:38.743905Z valid dreaddit Generalist qwen3:8b attempt=1 valid=1009/3600
2026-09-03T18:37:42.824263Z valid dreaddit Fixed role qwen3:8b attempt=1 valid=1010/3600
2026-09-03T18:37:47.333167Z valid dreaddit All roles qwen3:8b attempt=1 valid=1011/3600
2026-09-03T18:37:51.098720Z valid dreaddit Generalist llama3.1:8b attempt=1 valid=1012/3600
2026-09-03T18:37:55.091768Z valid dreaddit Fixed role llama3.1:8b attempt=1 valid=1013/3600
2026-09-03T18:38:00.228692Z valid dreaddit All roles llama3.1:8b attempt=1 valid=1014/3600
2026-09-03T18:38:04.263798Z valid dreaddit Generalist gemma3:4b attempt=1 valid=1015/3600
2026-09-03T18:38:08.807463Z valid dreaddit Fixed role gemma3:4b attempt=1 valid=1016/3600
2026-09-03T18:38:13.797174Z valid dreaddit All roles gemma3:4b attempt=1 valid=1017/3600
2026-09-03T18:38:16.915809Z valid goemotions Generalist qwen3:8b attempt=1 valid=1018/3600
2026-09-03T18:38:20.008176Z valid goemotions Fixed role qwen3:8b attempt=1 valid=1019/3600
2026-09-03T18:38:23.445105Z valid goemotions All roles qwen3:8b attempt=1 valid=1020/3600
2026-09-03T18:38:26.592894Z valid goemotions Generalist llama3.1:8b attempt=1 valid=1021/3600
2026-09-03T18:38:29.936439Z valid goemotions Fixed role llama3.1:8b attempt=1 valid=1022/3600
2026-09-03T18:38:33.388087Z valid goemotions All roles llama3.1:8b attempt=1 valid=1023/3600
2026-09-03T18:38:36.481567Z valid goemotions Generalist gemma3:4b attempt=1 valid=1024/3600
2026-09-03T18:38:40.022364Z valid goemotions Fixed role gemma3:4b attempt=1 valid=1025/3600
2026-09-03T18:38:43.594955Z valid goemotions All roles gemma3:4b attempt=1 valid=1026/3600
2026-09-03T18:38:48.672308Z valid agyw_focus_groups Generalist qwen3:8b attempt=1 valid=1027/3600
2026-09-03T18:38:53.442556Z valid agyw_focus_groups Fixed role qwen3:8b attempt=1 valid=1028/3600
2026-09-03T18:38:58.590283Z valid agyw_focus_groups All roles qwen3:8b attempt=1 valid=1029/3600
2026-09-03T18:39:02.836692Z valid agyw_focus_groups Generalist llama3.1:8b attempt=1 valid=1030/3600
2026-09-03T18:39:07.422486Z valid agyw_focus_groups Fixed role llama3.1:8b attempt=1 valid=1031/3600
2026-09-03T18:39:12.845229Z valid agyw_focus_groups All roles llama3.1:8b attempt=1 valid=1032/3600
2026-09-03T18:39:17.978065Z valid agyw_focus_groups Generalist gemma3:4b attempt=1 valid=1033/3600
2026-09-03T18:39:22.862484Z valid agyw_focus_groups Fixed role gemma3:4b attempt=1 valid=1034/3600
2026-09-03T18:39:28.022443Z valid agyw_focus_groups All roles gemma3:4b attempt=1 valid=1035/3600
2026-09-03T18:39:34.111962Z valid parlamint_gb Generalist qwen3:8b attempt=1 valid=1036/3600
2026-09-03T18:39:40.056747Z valid parlamint_gb Fixed role qwen3:8b attempt=1 valid=1037/3600
2026-09-03T18:39:46.346598Z valid parlamint_gb All roles qwen3:8b attempt=1 valid=1038/3600
2026-09-03T18:39:52.034333Z valid parlamint_gb Generalist llama3.1:8b attempt=1 valid=1039/3600
2026-09-03T18:39:57.696224Z valid parlamint_gb Fixed role llama3.1:8b attempt=1 valid=1040/3600
2026-09-03T18:40:03.781670Z valid parlamint_gb All roles llama3.1:8b attempt=1 valid=1041/3600
2026-09-03T18:40:09.322285Z valid parlamint_gb Generalist gemma3:4b attempt=1 valid=1042/3600
2026-09-03T18:40:15.535512Z valid parlamint_gb Fixed role gemma3:4b attempt=1 valid=1043/3600
2026-09-03T18:40:22.075822Z valid parlamint_gb All roles gemma3:4b attempt=1 valid=1044/3600
2026-09-03T18:40:27.171307Z valid dreaddit Generalist qwen3:8b attempt=1 valid=1045/3600
2026-09-03T18:40:31.461770Z valid dreaddit Fixed role qwen3:8b attempt=1 valid=1046/3600
2026-09-03T18:40:36.287735Z valid dreaddit All roles qwen3:8b attempt=1 valid=1047/3600
2026-09-03T18:40:40.971943Z valid dreaddit Generalist llama3.1:8b attempt=1 valid=1048/3600
2026-09-03T18:40:45.218645Z valid dreaddit Fixed role llama3.1:8b attempt=1 valid=1049/3600
2026-09-03T18:40:50.303907Z valid dreaddit All roles llama3.1:8b attempt=1 valid=1050/3600
2026-09-03T18:40:54.916019Z valid dreaddit Generalist gemma3:4b attempt=1 valid=1051/3600
2026-09-03T18:40:59.556246Z valid dreaddit Fixed role gemma3:4b attempt=1 valid=1052/3600
2026-09-03T18:41:04.677999Z valid dreaddit All roles gemma3:4b attempt=1 valid=1053/3600
2026-09-03T18:41:08.435455Z valid goemotions Generalist qwen3:8b attempt=1 valid=1054/3600
2026-09-03T18:41:12.911510Z valid goemotions Fixed role qwen3:8b attempt=1 valid=1055/3600
2026-09-03T18:41:19.135482Z valid goemotions All roles qwen3:8b attempt=1 valid=1056/3600
2026-09-03T18:41:23.246417Z valid goemotions Generalist llama3.1:8b attempt=1 valid=1057/3600
2026-09-03T18:41:27.516554Z valid goemotions Fixed role llama3.1:8b attempt=1 valid=1058/3600
2026-09-03T18:41:31.181585Z valid goemotions All roles llama3.1:8b attempt=1 valid=1059/3600
2026-09-03T18:41:34.908112Z valid goemotions Generalist gemma3:4b attempt=1 valid=1060/3600
2026-09-03T18:41:38.792985Z valid goemotions Fixed role gemma3:4b attempt=1 valid=1061/3600
2026-09-03T18:41:42.568731Z valid goemotions All roles gemma3:4b attempt=1 valid=1062/3600
2026-09-03T18:41:45.920210Z valid agyw_focus_groups Generalist qwen3:8b attempt=1 valid=1063/3600
2026-09-03T18:41:49.461711Z valid agyw_focus_groups Fixed role qwen3:8b attempt=1 valid=1064/3600
2026-09-03T18:41:52.999189Z valid agyw_focus_groups All roles qwen3:8b attempt=1 valid=1065/3600
2026-09-03T18:41:56.891407Z valid agyw_focus_groups Generalist llama3.1:8b attempt=1 valid=1066/3600
2026-09-03T18:42:00.445308Z valid agyw_focus_groups Fixed role llama3.1:8b attempt=1 valid=1067/3600
2026-09-03T18:42:04.937119Z valid agyw_focus_groups All roles llama3.1:8b attempt=1 valid=1068/3600
2026-09-03T18:42:08.806365Z valid agyw_focus_groups Generalist gemma3:4b attempt=1 valid=1069/3600
2026-09-03T18:42:12.507669Z valid agyw_focus_groups Fixed role gemma3:4b attempt=1 valid=1070/3600
2026-09-03T18:42:17.039188Z valid agyw_focus_groups All roles gemma3:4b attempt=1 valid=1071/3600
2026-09-03T18:42:23.852749Z valid parlamint_gb Generalist qwen3:8b attempt=1 valid=1072/3600
2026-09-03T18:42:31.002050Z valid parlamint_gb Fixed role qwen3:8b attempt=1 valid=1073/3600
2026-09-03T18:42:37.455669Z valid parlamint_gb All roles qwen3:8b attempt=1 valid=1074/3600
2026-09-03T18:42:45.545543Z valid parlamint_gb Generalist llama3.1:8b attempt=1 valid=1075/3600
2026-09-03T18:42:51.622351Z valid parlamint_gb Fixed role llama3.1:8b attempt=1 valid=1076/3600
2026-09-03T18:42:58.264168Z valid parlamint_gb All roles llama3.1:8b attempt=1 valid=1077/3600
2026-09-03T18:43:04.508756Z valid parlamint_gb Generalist gemma3:4b attempt=1 valid=1078/3600
2026-09-03T18:43:10.985177Z valid parlamint_gb Fixed role gemma3:4b attempt=1 valid=1079/3600
2026-09-03T18:43:18.115515Z valid parlamint_gb All roles gemma3:4b attempt=1 valid=1080/3600
2026-09-03T18:43:24.202938Z valid dreaddit Generalist qwen3:8b attempt=1 valid=1081/3600
2026-09-03T18:43:28.312987Z valid dreaddit Fixed role qwen3:8b attempt=1 valid=1082/3600
2026-09-03T18:43:33.109074Z valid dreaddit All roles qwen3:8b attempt=1 valid=1083/3600
2026-09-03T18:43:37.407681Z valid dreaddit Generalist llama3.1:8b attempt=1 valid=1084/3600
2026-09-03T18:43:41.774957Z valid dreaddit Fixed role llama3.1:8b attempt=1 valid=1085/3600
2026-09-03T18:43:46.970188Z valid dreaddit All roles llama3.1:8b attempt=1 valid=1086/3600
2026-09-03T18:43:51.174561Z valid dreaddit Generalist gemma3:4b attempt=1 valid=1087/3600
2026-09-03T18:43:55.420672Z valid dreaddit Fixed role gemma3:4b attempt=1 valid=1088/3600
2026-09-03T18:44:00.587505Z valid dreaddit All roles gemma3:4b attempt=1 valid=1089/3600
2026-09-03T18:44:04.107831Z valid goemotions Generalist qwen3:8b attempt=1 valid=1090/3600
2026-09-03T18:44:08.309645Z valid goemotions Fixed role qwen3:8b attempt=1 valid=1091/3600
2026-09-03T18:44:12.616717Z valid goemotions All roles qwen3:8b attempt=1 valid=1092/3600
2026-09-03T18:44:16.529627Z valid goemotions Generalist llama3.1:8b attempt=1 valid=1093/3600
2026-09-03T18:44:19.607891Z valid goemotions Fixed role llama3.1:8b attempt=1 valid=1094/3600
2026-09-03T18:44:23.967539Z valid goemotions All roles llama3.1:8b attempt=1 valid=1095/3600
2026-09-03T18:44:28.179869Z valid goemotions Generalist gemma3:4b attempt=1 valid=1096/3600
2026-09-03T18:44:31.737234Z valid goemotions Fixed role gemma3:4b attempt=1 valid=1097/3600
2026-09-03T18:44:36.273276Z valid goemotions All roles gemma3:4b attempt=1 valid=1098/3600
2026-09-03T18:44:39.687386Z valid agyw_focus_groups Generalist qwen3:8b attempt=1 valid=1099/3600
2026-09-03T18:44:44.041779Z valid agyw_focus_groups Fixed role qwen3:8b attempt=1 valid=1100/3600
2026-09-03T18:44:48.650528Z valid agyw_focus_groups All roles qwen3:8b attempt=1 valid=1101/3600
2026-09-03T18:44:52.136628Z valid agyw_focus_groups Generalist llama3.1:8b attempt=1 valid=1102/3600
2026-09-03T18:44:55.806250Z valid agyw_focus_groups Fixed role llama3.1:8b attempt=1 valid=1103/3600
2026-09-03T18:44:59.677696Z valid agyw_focus_groups All roles llama3.1:8b attempt=1 valid=1104/3600
2026-09-03T18:45:04.170613Z valid agyw_focus_groups Generalist gemma3:4b attempt=1 valid=1105/3600
2026-09-03T18:45:09.099217Z valid agyw_focus_groups Fixed role gemma3:4b attempt=1 valid=1106/3600
2026-09-03T18:45:13.233135Z valid agyw_focus_groups All roles gemma3:4b attempt=1 valid=1107/3600
2026-09-03T18:45:18.343449Z valid parlamint_gb Generalist qwen3:8b attempt=1 valid=1108/3600
2026-09-03T18:45:24.339117Z valid parlamint_gb Fixed role qwen3:8b attempt=1 valid=1109/3600
2026-09-03T18:45:29.672810Z valid parlamint_gb All roles qwen3:8b attempt=1 valid=1110/3600
2026-09-03T18:45:35.758967Z valid parlamint_gb Generalist llama3.1:8b attempt=1 valid=1111/3600
2026-09-03T18:45:40.655869Z valid parlamint_gb Fixed role llama3.1:8b attempt=1 valid=1112/3600
2026-09-03T18:45:46.439888Z valid parlamint_gb All roles llama3.1:8b attempt=1 valid=1113/3600
2026-09-03T18:45:51.019491Z valid parlamint_gb Generalist gemma3:4b attempt=1 valid=1114/3600
2026-09-03T18:45:56.242123Z valid parlamint_gb Fixed role gemma3:4b attempt=1 valid=1115/3600
2026-09-03T18:46:01.693086Z valid parlamint_gb All roles gemma3:4b attempt=1 valid=1116/3600
2026-09-03T18:46:06.471593Z valid dreaddit Generalist qwen3:8b attempt=1 valid=1117/3600
2026-09-03T18:46:10.975669Z valid dreaddit Fixed role qwen3:8b attempt=1 valid=1118/3600
2026-09-03T18:46:15.955746Z valid dreaddit All roles qwen3:8b attempt=1 valid=1119/3600
2026-09-03T18:46:21.190814Z valid dreaddit Generalist llama3.1:8b attempt=1 valid=1120/3600
2026-09-03T18:46:28.313956Z schema_error dreaddit Fixed role llama3.1:8b attempt=1 valid=1120/3600
2026-09-03T18:46:33.744198Z schema_error dreaddit Fixed role llama3.1:8b attempt=2 valid=1120/3600
2026-09-03T18:46:39.106589Z schema_error dreaddit Fixed role llama3.1:8b attempt=3 valid=1120/3600
2026-09-03T18:46:44.217328Z valid dreaddit All roles llama3.1:8b attempt=1 valid=1121/3600
2026-09-03T18:46:49.304440Z valid dreaddit Generalist gemma3:4b attempt=1 valid=1122/3600
2026-09-03T18:46:53.892648Z valid dreaddit Fixed role gemma3:4b attempt=1 valid=1123/3600
2026-09-03T18:46:58.789438Z valid dreaddit All roles gemma3:4b attempt=1 valid=1124/3600
2026-09-03T18:47:01.721785Z valid goemotions Generalist qwen3:8b attempt=1 valid=1125/3600
2026-09-03T18:47:06.343698Z valid goemotions Fixed role qwen3:8b attempt=1 valid=1126/3600
2026-09-03T18:47:10.041720Z valid goemotions All roles qwen3:8b attempt=1 valid=1127/3600
2026-09-03T18:47:13.774794Z valid goemotions Generalist llama3.1:8b attempt=1 valid=1128/3600
2026-09-03T18:47:16.740554Z valid goemotions Fixed role llama3.1:8b attempt=1 valid=1129/3600
2026-09-03T18:47:20.870614Z valid goemotions All roles llama3.1:8b attempt=1 valid=1130/3600
2026-09-03T18:47:24.495019Z valid goemotions Generalist gemma3:4b attempt=1 valid=1131/3600
2026-09-03T18:47:28.690838Z valid goemotions Fixed role gemma3:4b attempt=1 valid=1132/3600
2026-09-03T18:47:33.004901Z valid goemotions All roles gemma3:4b attempt=1 valid=1133/3600
2026-09-03T18:47:37.093609Z valid agyw_focus_groups Generalist qwen3:8b attempt=1 valid=1134/3600
2026-09-03T18:47:41.516335Z valid agyw_focus_groups Fixed role qwen3:8b attempt=1 valid=1135/3600
2026-09-03T18:47:46.339366Z valid agyw_focus_groups All roles qwen3:8b attempt=1 valid=1136/3600
2026-09-03T18:47:50.877940Z valid agyw_focus_groups Generalist llama3.1:8b attempt=1 valid=1137/3600
2026-09-03T18:47:54.990799Z valid agyw_focus_groups Fixed role llama3.1:8b attempt=1 valid=1138/3600
2026-09-03T18:47:59.836983Z valid agyw_focus_groups All roles llama3.1:8b attempt=1 valid=1139/3600
2026-09-03T18:48:04.809027Z valid agyw_focus_groups Generalist gemma3:4b attempt=1 valid=1140/3600
2026-09-03T18:48:08.708250Z valid agyw_focus_groups Fixed role gemma3:4b attempt=1 valid=1141/3600
2026-09-03T18:48:12.861629Z valid agyw_focus_groups All roles gemma3:4b attempt=1 valid=1142/3600
2026-09-03T18:48:18.513064Z valid parlamint_gb Generalist qwen3:8b attempt=1 valid=1143/3600
2026-09-03T18:48:23.771175Z valid parlamint_gb Fixed role qwen3:8b attempt=1 valid=1144/3600
2026-09-03T18:48:29.202550Z valid parlamint_gb All roles qwen3:8b attempt=1 valid=1145/3600
2026-09-03T18:48:34.251344Z valid parlamint_gb Generalist llama3.1:8b attempt=1 valid=1146/3600
2026-09-03T18:48:40.331901Z valid parlamint_gb Fixed role llama3.1:8b attempt=1 valid=1147/3600
2026-09-03T18:48:46.475183Z valid parlamint_gb All roles llama3.1:8b attempt=1 valid=1148/3600
2026-09-03T18:48:51.734671Z valid parlamint_gb Generalist gemma3:4b attempt=1 valid=1149/3600
2026-09-03T18:48:56.838704Z valid parlamint_gb Fixed role gemma3:4b attempt=1 valid=1150/3600
2026-09-03T18:49:02.231281Z valid parlamint_gb All roles gemma3:4b attempt=1 valid=1151/3600
2026-09-03T18:49:06.552666Z valid dreaddit Generalist qwen3:8b attempt=1 valid=1152/3600
2026-09-03T18:49:10.803889Z valid dreaddit Fixed role qwen3:8b attempt=1 valid=1153/3600
2026-09-03T18:49:15.378687Z valid dreaddit All roles qwen3:8b attempt=1 valid=1154/3600
2026-09-03T18:49:19.523249Z valid dreaddit Generalist llama3.1:8b attempt=1 valid=1155/3600
2026-09-03T18:49:24.963910Z valid dreaddit Fixed role llama3.1:8b attempt=1 valid=1156/3600
2026-09-03T18:49:29.833299Z valid dreaddit All roles llama3.1:8b attempt=1 valid=1157/3600
2026-09-03T18:49:35.088999Z valid dreaddit Generalist gemma3:4b attempt=1 valid=1158/3600
2026-09-03T18:49:40.577064Z valid dreaddit Fixed role gemma3:4b attempt=1 valid=1159/3600
2026-09-03T18:49:46.067008Z valid dreaddit All roles gemma3:4b attempt=1 valid=1160/3600
2026-09-03T18:49:49.525252Z valid goemotions Generalist qwen3:8b attempt=1 valid=1161/3600
2026-09-03T18:49:52.685515Z valid goemotions Fixed role qwen3:8b attempt=1 valid=1162/3600
2026-09-03T18:49:56.892604Z valid goemotions All roles qwen3:8b attempt=1 valid=1163/3600
2026-09-03T18:50:00.498315Z valid goemotions Generalist llama3.1:8b attempt=1 valid=1164/3600
2026-09-03T18:50:03.499651Z valid goemotions Fixed role llama3.1:8b attempt=1 valid=1165/3600
2026-09-03T18:50:07.795740Z valid goemotions All roles llama3.1:8b attempt=1 valid=1166/3600
2026-09-03T18:50:11.025616Z valid goemotions Generalist gemma3:4b attempt=1 valid=1167/3600
2026-09-03T18:50:13.968181Z valid goemotions Fixed role gemma3:4b attempt=1 valid=1168/3600
2026-09-03T18:50:18.000567Z valid goemotions All roles gemma3:4b attempt=1 valid=1169/3600
2026-09-03T18:50:22.179433Z valid agyw_focus_groups Generalist qwen3:8b attempt=1 valid=1170/3600
2026-09-03T18:50:26.185115Z valid agyw_focus_groups Fixed role qwen3:8b attempt=1 valid=1171/3600
2026-09-03T18:50:30.262202Z valid agyw_focus_groups All roles qwen3:8b attempt=1 valid=1172/3600
2026-09-03T18:50:34.252646Z valid agyw_focus_groups Generalist llama3.1:8b attempt=1 valid=1173/3600
2026-09-03T18:50:37.918670Z valid agyw_focus_groups Fixed role llama3.1:8b attempt=1 valid=1174/3600
2026-09-03T18:50:42.213209Z valid agyw_focus_groups All roles llama3.1:8b attempt=1 valid=1175/3600
2026-09-03T18:50:46.279196Z valid agyw_focus_groups Generalist gemma3:4b attempt=1 valid=1176/3600
2026-09-03T18:50:50.562354Z valid agyw_focus_groups Fixed role gemma3:4b attempt=1 valid=1177/3600
2026-09-03T18:50:55.325530Z valid agyw_focus_groups All roles gemma3:4b attempt=1 valid=1178/3600
2026-09-03T18:51:03.879267Z valid parlamint_gb Generalist qwen3:8b attempt=1 valid=1179/3600
2026-09-03T18:51:11.559831Z valid parlamint_gb Fixed role qwen3:8b attempt=1 valid=1180/3600
2026-09-03T18:51:21.283953Z valid parlamint_gb All roles qwen3:8b attempt=1 valid=1181/3600
2026-09-03T18:51:30.384343Z valid parlamint_gb Generalist llama3.1:8b attempt=1 valid=1182/3600
2026-09-03T18:51:39.303190Z valid parlamint_gb Fixed role llama3.1:8b attempt=1 valid=1183/3600
2026-09-03T18:51:49.773776Z valid parlamint_gb All roles llama3.1:8b attempt=1 valid=1184/3600
2026-09-03T18:51:57.517771Z valid parlamint_gb Generalist gemma3:4b attempt=1 valid=1185/3600
2026-09-03T18:52:06.254375Z valid parlamint_gb Fixed role gemma3:4b attempt=1 valid=1186/3600
2026-09-03T18:52:14.781965Z valid parlamint_gb All roles gemma3:4b attempt=1 valid=1187/3600
2026-09-03T18:52:21.568765Z valid dreaddit Generalist qwen3:8b attempt=1 valid=1188/3600
2026-09-03T18:52:26.208740Z valid dreaddit Fixed role qwen3:8b attempt=1 valid=1189/3600
2026-09-03T18:52:31.786570Z valid dreaddit All roles qwen3:8b attempt=1 valid=1190/3600
2026-09-03T18:52:36.756730Z valid dreaddit Generalist llama3.1:8b attempt=1 valid=1191/3600
2026-09-03T18:52:42.073053Z valid dreaddit Fixed role llama3.1:8b attempt=1 valid=1192/3600
2026-09-03T18:52:47.343800Z valid dreaddit All roles llama3.1:8b attempt=1 valid=1193/3600
2026-09-03T18:52:52.535952Z valid dreaddit Generalist gemma3:4b attempt=1 valid=1194/3600
2026-09-03T18:52:57.877598Z valid dreaddit Fixed role gemma3:4b attempt=1 valid=1195/3600
2026-09-03T18:53:03.736453Z valid dreaddit All roles gemma3:4b attempt=1 valid=1196/3600
2026-09-03T18:53:07.201926Z valid goemotions Generalist qwen3:8b attempt=1 valid=1197/3600
2026-09-03T18:53:10.681926Z valid goemotions Fixed role qwen3:8b attempt=1 valid=1198/3600
2026-09-03T18:53:14.361156Z valid goemotions All roles qwen3:8b attempt=1 valid=1199/3600
2026-09-03T18:53:18.696177Z schema_error goemotions Generalist llama3.1:8b attempt=1 valid=1199/3600
2026-09-03T18:53:22.584257Z valid goemotions Generalist llama3.1:8b attempt=2 valid=1200/3600
2026-09-03T18:53:26.354159Z valid goemotions Fixed role llama3.1:8b attempt=1 valid=1201/3600
2026-09-03T18:53:30.674182Z valid goemotions All roles llama3.1:8b attempt=1 valid=1202/3600
2026-09-03T18:53:33.737982Z valid goemotions Generalist gemma3:4b attempt=1 valid=1203/3600
2026-09-03T18:53:36.915916Z valid goemotions Fixed role gemma3:4b attempt=1 valid=1204/3600
2026-09-03T18:53:41.124114Z valid goemotions All roles gemma3:4b attempt=1 valid=1205/3600
2026-09-03T18:53:45.700059Z valid agyw_focus_groups Generalist qwen3:8b attempt=1 valid=1206/3600
2026-09-03T18:53:49.931820Z valid agyw_focus_groups Fixed role qwen3:8b attempt=1 valid=1207/3600
2026-09-03T18:53:54.271277Z valid agyw_focus_groups All roles qwen3:8b attempt=1 valid=1208/3600
2026-09-03T18:53:58.805942Z valid agyw_focus_groups Generalist llama3.1:8b attempt=1 valid=1209/3600
2026-09-03T18:54:02.957122Z valid agyw_focus_groups Fixed role llama3.1:8b attempt=1 valid=1210/3600
2026-09-03T18:54:07.446150Z valid agyw_focus_groups All roles llama3.1:8b attempt=1 valid=1211/3600
2026-09-03T18:54:11.451685Z valid agyw_focus_groups Generalist gemma3:4b attempt=1 valid=1212/3600
2026-09-03T18:54:15.669710Z valid agyw_focus_groups Fixed role gemma3:4b attempt=1 valid=1213/3600
2026-09-03T18:54:20.417469Z valid agyw_focus_groups All roles gemma3:4b attempt=1 valid=1214/3600
2026-09-03T18:54:25.590821Z valid parlamint_gb Generalist qwen3:8b attempt=1 valid=1215/3600
2026-09-03T18:54:30.597311Z valid parlamint_gb Fixed role qwen3:8b attempt=1 valid=1216/3600
2026-09-03T18:54:36.082301Z valid parlamint_gb All roles qwen3:8b attempt=1 valid=1217/3600
2026-09-03T18:54:41.030156Z valid parlamint_gb Generalist llama3.1:8b attempt=1 valid=1218/3600
2026-09-03T18:54:45.906225Z valid parlamint_gb Fixed role llama3.1:8b attempt=1 valid=1219/3600
2026-09-03T18:54:51.622090Z valid parlamint_gb All roles llama3.1:8b attempt=1 valid=1220/3600
2026-09-03T18:54:56.989980Z valid parlamint_gb Generalist gemma3:4b attempt=1 valid=1221/3600
2026-09-03T18:55:02.170279Z valid parlamint_gb Fixed role gemma3:4b attempt=1 valid=1222/3600
2026-09-03T18:55:08.364102Z valid parlamint_gb All roles gemma3:4b attempt=1 valid=1223/3600
2026-09-03T18:55:13.495962Z valid dreaddit Generalist qwen3:8b attempt=1 valid=1224/3600
2026-09-03T18:55:17.383148Z valid dreaddit Fixed role qwen3:8b attempt=1 valid=1225/3600
2026-09-03T18:55:21.744890Z valid dreaddit All roles qwen3:8b attempt=1 valid=1226/3600
2026-09-03T18:55:25.566732Z valid dreaddit Generalist llama3.1:8b attempt=1 valid=1227/3600
2026-09-03T18:55:29.639101Z valid dreaddit Fixed role llama3.1:8b attempt=1 valid=1228/3600
2026-09-03T18:55:33.572086Z valid dreaddit All roles llama3.1:8b attempt=1 valid=1229/3600
2026-09-03T18:55:37.686183Z valid dreaddit Generalist gemma3:4b attempt=1 valid=1230/3600
2026-09-03T18:55:41.807750Z valid dreaddit Fixed role gemma3:4b attempt=1 valid=1231/3600
2026-09-03T18:55:46.438829Z valid dreaddit All roles gemma3:4b attempt=1 valid=1232/3600
2026-09-03T18:55:49.989049Z valid goemotions Generalist qwen3:8b attempt=1 valid=1233/3600
2026-09-03T18:55:53.822182Z valid goemotions Fixed role qwen3:8b attempt=1 valid=1234/3600
2026-09-03T18:55:58.086758Z valid goemotions All roles qwen3:8b attempt=1 valid=1235/3600
2026-09-03T18:56:01.155498Z valid goemotions Generalist llama3.1:8b attempt=1 valid=1236/3600
2026-09-03T18:56:04.854288Z valid goemotions Fixed role llama3.1:8b attempt=1 valid=1237/3600
2026-09-03T18:56:08.564744Z valid goemotions All roles llama3.1:8b attempt=1 valid=1238/3600
2026-09-03T18:56:11.506849Z valid goemotions Generalist gemma3:4b attempt=1 valid=1239/3600
2026-09-03T18:56:14.518222Z valid goemotions Fixed role gemma3:4b attempt=1 valid=1240/3600
2026-09-03T18:56:18.365700Z valid goemotions All roles gemma3:4b attempt=1 valid=1241/3600
2026-09-03T18:56:22.145420Z valid agyw_focus_groups Generalist qwen3:8b attempt=1 valid=1242/3600
2026-09-03T18:56:25.695759Z valid agyw_focus_groups Fixed role qwen3:8b attempt=1 valid=1243/3600
2026-09-03T18:56:30.035858Z valid agyw_focus_groups All roles qwen3:8b attempt=1 valid=1244/3600
2026-09-03T18:56:34.091905Z valid agyw_focus_groups Generalist llama3.1:8b attempt=1 valid=1245/3600
2026-09-03T18:56:37.903494Z valid agyw_focus_groups Fixed role llama3.1:8b attempt=1 valid=1246/3600
2026-09-03T18:56:42.423130Z valid agyw_focus_groups All roles llama3.1:8b attempt=1 valid=1247/3600
2026-09-03T18:56:46.908738Z valid agyw_focus_groups Generalist gemma3:4b attempt=1 valid=1248/3600
2026-09-03T18:56:51.065439Z valid agyw_focus_groups Fixed role gemma3:4b attempt=1 valid=1249/3600
2026-09-03T18:56:55.445187Z valid agyw_focus_groups All roles gemma3:4b attempt=1 valid=1250/3600
2026-09-03T18:57:04.323100Z valid parlamint_gb Generalist qwen3:8b attempt=1 valid=1251/3600
2026-09-03T18:57:15.086338Z valid parlamint_gb Fixed role qwen3:8b attempt=1 valid=1252/3600
2026-09-03T18:57:24.584530Z valid parlamint_gb All roles qwen3:8b attempt=1 valid=1253/3600
2026-09-03T18:57:34.378951Z valid parlamint_gb Generalist llama3.1:8b attempt=1 valid=1254/3600
2026-09-03T18:57:44.237040Z valid parlamint_gb Fixed role llama3.1:8b attempt=1 valid=1255/3600
2026-09-03T18:57:54.431026Z valid parlamint_gb All roles llama3.1:8b attempt=1 valid=1256/3600
2026-09-03T18:58:03.899799Z valid parlamint_gb Generalist gemma3:4b attempt=1 valid=1257/3600
2026-09-03T18:58:13.000999Z valid parlamint_gb Fixed role gemma3:4b attempt=1 valid=1258/3600
2026-09-03T18:58:22.533952Z valid parlamint_gb All roles gemma3:4b attempt=1 valid=1259/3600
2026-09-03T18:58:27.833023Z valid dreaddit Generalist qwen3:8b attempt=1 valid=1260/3600
2026-09-03T18:58:33.405214Z valid dreaddit Fixed role qwen3:8b attempt=1 valid=1261/3600
2026-09-03T18:58:38.783475Z valid dreaddit All roles qwen3:8b attempt=1 valid=1262/3600
2026-09-03T18:58:43.820356Z valid dreaddit Generalist llama3.1:8b attempt=1 valid=1263/3600
2026-09-03T18:58:49.401072Z valid dreaddit Fixed role llama3.1:8b attempt=1 valid=1264/3600
2026-09-03T18:58:55.810965Z valid dreaddit All roles llama3.1:8b attempt=1 valid=1265/3600
2026-09-03T18:59:00.814668Z valid dreaddit Generalist gemma3:4b attempt=1 valid=1266/3600
2026-09-03T18:59:05.410966Z valid dreaddit Fixed role gemma3:4b attempt=1 valid=1267/3600
2026-09-03T18:59:10.641191Z valid dreaddit All roles gemma3:4b attempt=1 valid=1268/3600
2026-09-03T18:59:14.072741Z valid goemotions Generalist qwen3:8b attempt=1 valid=1269/3600
2026-09-03T18:59:17.848858Z valid goemotions Fixed role qwen3:8b attempt=1 valid=1270/3600
2026-09-03T18:59:21.830795Z valid goemotions All roles qwen3:8b attempt=1 valid=1271/3600
2026-09-03T18:59:25.690626Z valid goemotions Generalist llama3.1:8b attempt=1 valid=1272/3600
2026-09-03T18:59:30.154178Z valid goemotions Fixed role llama3.1:8b attempt=1 valid=1273/3600
2026-09-03T18:59:34.647489Z valid goemotions All roles llama3.1:8b attempt=1 valid=1274/3600
2026-09-03T18:59:38.357477Z valid goemotions Generalist gemma3:4b attempt=1 valid=1275/3600
2026-09-03T18:59:41.945850Z valid goemotions Fixed role gemma3:4b attempt=1 valid=1276/3600
2026-09-03T18:59:46.090126Z valid goemotions All roles gemma3:4b attempt=1 valid=1277/3600
2026-09-03T18:59:50.302174Z valid agyw_focus_groups Generalist qwen3:8b attempt=1 valid=1278/3600
2026-09-03T18:59:52.309675Z valid agyw_focus_groups Fixed role qwen3:8b attempt=1 valid=1279/3600
2026-09-03T18:59:57.174492Z valid agyw_focus_groups All roles qwen3:8b attempt=1 valid=1280/3600
2026-09-03T19:00:01.637274Z valid agyw_focus_groups Generalist llama3.1:8b attempt=1 valid=1281/3600
2026-09-03T19:00:06.524925Z valid agyw_focus_groups Fixed role llama3.1:8b attempt=1 valid=1282/3600
2026-09-03T19:00:11.741741Z valid agyw_focus_groups All roles llama3.1:8b attempt=1 valid=1283/3600
2026-09-03T19:00:16.042732Z valid agyw_focus_groups Generalist gemma3:4b attempt=1 valid=1284/3600
2026-09-03T19:00:21.059087Z valid agyw_focus_groups Fixed role gemma3:4b attempt=1 valid=1285/3600
2026-09-03T19:00:25.822517Z valid agyw_focus_groups All roles gemma3:4b attempt=1 valid=1286/3600
2026-09-03T19:00:30.644769Z valid parlamint_gb Generalist qwen3:8b attempt=1 valid=1287/3600
2026-09-03T19:00:35.601111Z valid parlamint_gb Fixed role qwen3:8b attempt=1 valid=1288/3600
2026-09-03T19:00:41.256003Z valid parlamint_gb All roles qwen3:8b attempt=1 valid=1289/3600
2026-09-03T19:00:46.007922Z valid parlamint_gb Generalist llama3.1:8b attempt=1 valid=1290/3600
2026-09-03T19:00:51.783040Z valid parlamint_gb Fixed role llama3.1:8b attempt=1 valid=1291/3600
2026-09-03T19:00:57.688126Z valid parlamint_gb All roles llama3.1:8b attempt=1 valid=1292/3600
2026-09-03T19:01:02.891175Z valid parlamint_gb Generalist gemma3:4b attempt=1 valid=1293/3600
2026-09-03T19:01:07.855333Z valid parlamint_gb Fixed role gemma3:4b attempt=1 valid=1294/3600
2026-09-03T19:01:14.134514Z valid parlamint_gb All roles gemma3:4b attempt=1 valid=1295/3600
2026-09-03T19:01:18.492075Z valid dreaddit Generalist qwen3:8b attempt=1 valid=1296/3600
2026-09-03T19:01:22.576344Z valid dreaddit Fixed role qwen3:8b attempt=1 valid=1297/3600
2026-09-03T19:01:27.860588Z valid dreaddit All roles qwen3:8b attempt=1 valid=1298/3600
2026-09-03T19:01:33.522201Z valid dreaddit Generalist llama3.1:8b attempt=1 valid=1299/3600
2026-09-03T19:01:38.573063Z valid dreaddit Fixed role llama3.1:8b attempt=1 valid=1300/3600
2026-09-03T19:01:44.084952Z valid dreaddit All roles llama3.1:8b attempt=1 valid=1301/3600
2026-09-03T19:01:48.694436Z valid dreaddit Generalist gemma3:4b attempt=1 valid=1302/3600
2026-09-03T19:01:53.622384Z valid dreaddit Fixed role gemma3:4b attempt=1 valid=1303/3600
2026-09-03T19:01:59.288628Z valid dreaddit All roles gemma3:4b attempt=1 valid=1304/3600
2026-09-03T19:02:02.470700Z valid goemotions Generalist qwen3:8b attempt=1 valid=1305/3600
2026-09-03T19:02:05.792806Z valid goemotions Fixed role qwen3:8b attempt=1 valid=1306/3600
2026-09-03T19:02:09.538216Z valid goemotions All roles qwen3:8b attempt=1 valid=1307/3600
2026-09-03T19:02:12.963213Z valid goemotions Generalist llama3.1:8b attempt=1 valid=1308/3600
2026-09-03T19:02:16.607569Z valid goemotions Fixed role llama3.1:8b attempt=1 valid=1309/3600
2026-09-03T19:02:20.348476Z valid goemotions All roles llama3.1:8b attempt=1 valid=1310/3600
2026-09-03T19:02:24.053840Z valid goemotions Generalist gemma3:4b attempt=1 valid=1311/3600
2026-09-03T19:02:27.306171Z valid goemotions Fixed role gemma3:4b attempt=1 valid=1312/3600
2026-09-03T19:02:31.192937Z valid goemotions All roles gemma3:4b attempt=1 valid=1313/3600
2026-09-03T19:02:35.321423Z valid agyw_focus_groups Generalist qwen3:8b attempt=1 valid=1314/3600
2026-09-03T19:02:39.849065Z valid agyw_focus_groups Fixed role qwen3:8b attempt=1 valid=1315/3600
2026-09-03T19:02:44.630943Z valid agyw_focus_groups All roles qwen3:8b attempt=1 valid=1316/3600
2026-09-03T19:02:48.485269Z valid agyw_focus_groups Generalist llama3.1:8b attempt=1 valid=1317/3600
2026-09-03T19:02:52.376250Z valid agyw_focus_groups Fixed role llama3.1:8b attempt=1 valid=1318/3600
2026-09-03T19:02:57.173483Z valid agyw_focus_groups All roles llama3.1:8b attempt=1 valid=1319/3600
2026-09-03T19:03:01.301821Z valid agyw_focus_groups Generalist gemma3:4b attempt=1 valid=1320/3600
2026-09-03T19:03:05.436802Z valid agyw_focus_groups Fixed role gemma3:4b attempt=1 valid=1321/3600
2026-09-03T19:03:10.544327Z valid agyw_focus_groups All roles gemma3:4b attempt=1 valid=1322/3600
2026-09-03T19:03:16.016113Z valid parlamint_gb Generalist qwen3:8b attempt=1 valid=1323/3600
2026-09-03T19:03:22.539731Z valid parlamint_gb Fixed role qwen3:8b attempt=1 valid=1324/3600
2026-09-03T19:03:28.624236Z valid parlamint_gb All roles qwen3:8b attempt=1 valid=1325/3600
2026-09-03T19:03:35.017701Z valid parlamint_gb Generalist llama3.1:8b attempt=1 valid=1326/3600
2026-09-03T19:03:41.824539Z valid parlamint_gb Fixed role llama3.1:8b attempt=1 valid=1327/3600
2026-09-03T19:03:47.697607Z valid parlamint_gb All roles llama3.1:8b attempt=1 valid=1328/3600
2026-09-03T19:03:53.255688Z valid parlamint_gb Generalist gemma3:4b attempt=1 valid=1329/3600
2026-09-03T19:04:00.473017Z valid parlamint_gb Fixed role gemma3:4b attempt=1 valid=1330/3600
2026-09-03T19:04:06.640855Z valid parlamint_gb All roles gemma3:4b attempt=1 valid=1331/3600
2026-09-03T19:04:11.372583Z valid dreaddit Generalist qwen3:8b attempt=1 valid=1332/3600
2026-09-03T19:04:15.984646Z valid dreaddit Fixed role qwen3:8b attempt=1 valid=1333/3600
2026-09-03T19:04:20.745847Z valid dreaddit All roles qwen3:8b attempt=1 valid=1334/3600
2026-09-03T19:04:25.871027Z valid dreaddit Generalist llama3.1:8b attempt=1 valid=1335/3600
2026-09-03T19:04:30.410483Z valid dreaddit Fixed role llama3.1:8b attempt=1 valid=1336/3600
2026-09-03T19:04:36.773418Z valid dreaddit All roles llama3.1:8b attempt=1 valid=1337/3600
2026-09-03T19:04:41.430923Z valid dreaddit Generalist gemma3:4b attempt=1 valid=1338/3600
2026-09-03T19:04:46.018249Z valid dreaddit Fixed role gemma3:4b attempt=1 valid=1339/3600
2026-09-03T19:04:51.520360Z valid dreaddit All roles gemma3:4b attempt=1 valid=1340/3600
2026-09-03T19:04:55.126113Z valid goemotions Generalist qwen3:8b attempt=1 valid=1341/3600
2026-09-03T19:04:58.537925Z valid goemotions Fixed role qwen3:8b attempt=1 valid=1342/3600
2026-09-03T19:05:02.940784Z valid goemotions All roles qwen3:8b attempt=1 valid=1343/3600
2026-09-03T19:05:06.374317Z valid goemotions Generalist llama3.1:8b attempt=1 valid=1344/3600
2026-09-03T19:05:09.497278Z valid goemotions Fixed role llama3.1:8b attempt=1 valid=1345/3600
2026-09-03T19:05:13.762246Z valid goemotions All roles llama3.1:8b attempt=1 valid=1346/3600
2026-09-03T19:05:17.141870Z valid goemotions Generalist gemma3:4b attempt=1 valid=1347/3600
2026-09-03T19:05:20.560357Z valid goemotions Fixed role gemma3:4b attempt=1 valid=1348/3600
2026-09-03T19:05:25.532731Z valid goemotions All roles gemma3:4b attempt=1 valid=1349/3600
2026-09-03T19:05:30.647592Z valid agyw_focus_groups Generalist qwen3:8b attempt=1 valid=1350/3600
2026-09-03T19:05:35.661070Z valid agyw_focus_groups Fixed role qwen3:8b attempt=1 valid=1351/3600
2026-09-03T19:05:40.904356Z valid agyw_focus_groups All roles qwen3:8b attempt=1 valid=1352/3600
2026-09-03T19:05:45.120234Z valid agyw_focus_groups Generalist llama3.1:8b attempt=1 valid=1353/3600
2026-09-03T19:05:51.011632Z valid agyw_focus_groups Fixed role llama3.1:8b attempt=1 valid=1354/3600
2026-09-03T19:05:55.903057Z valid agyw_focus_groups All roles llama3.1:8b attempt=1 valid=1355/3600
2026-09-03T19:06:01.072743Z valid agyw_focus_groups Generalist gemma3:4b attempt=1 valid=1356/3600
2026-09-03T19:06:07.339632Z valid agyw_focus_groups Fixed role gemma3:4b attempt=1 valid=1357/3600
2026-09-03T19:06:13.259070Z valid agyw_focus_groups All roles gemma3:4b attempt=1 valid=1358/3600
2026-09-03T19:06:19.115273Z valid parlamint_gb Generalist qwen3:8b attempt=1 valid=1359/3600
2026-09-03T19:06:25.657667Z valid parlamint_gb Fixed role qwen3:8b attempt=1 valid=1360/3600
2026-09-03T19:06:31.838744Z valid parlamint_gb All roles qwen3:8b attempt=1 valid=1361/3600
2026-09-03T19:06:37.349109Z valid parlamint_gb Generalist llama3.1:8b attempt=1 valid=1362/3600
2026-09-03T19:06:42.500368Z valid parlamint_gb Fixed role llama3.1:8b attempt=1 valid=1363/3600
2026-09-03T19:06:48.316128Z valid parlamint_gb All roles llama3.1:8b attempt=1 valid=1364/3600
2026-09-03T19:06:53.527447Z valid parlamint_gb Generalist gemma3:4b attempt=1 valid=1365/3600
2026-09-03T19:06:58.625982Z valid parlamint_gb Fixed role gemma3:4b attempt=1 valid=1366/3600
2026-09-03T19:07:04.104309Z valid parlamint_gb All roles gemma3:4b attempt=1 valid=1367/3600
2026-09-03T19:07:08.997047Z valid dreaddit Generalist qwen3:8b attempt=1 valid=1368/3600
2026-09-03T19:07:14.310776Z valid dreaddit Fixed role qwen3:8b attempt=1 valid=1369/3600
2026-09-03T19:07:19.778172Z valid dreaddit All roles qwen3:8b attempt=1 valid=1370/3600
2026-09-03T19:07:26.569467Z valid dreaddit Generalist llama3.1:8b attempt=1 valid=1371/3600
2026-09-03T19:07:31.905495Z valid dreaddit Fixed role llama3.1:8b attempt=1 valid=1372/3600
2026-09-03T19:07:37.472373Z valid dreaddit All roles llama3.1:8b attempt=1 valid=1373/3600
2026-09-03T19:07:42.317206Z valid dreaddit Generalist gemma3:4b attempt=1 valid=1374/3600
2026-09-03T19:07:47.001711Z valid dreaddit Fixed role gemma3:4b attempt=1 valid=1375/3600
2026-09-03T19:07:52.966046Z valid dreaddit All roles gemma3:4b attempt=1 valid=1376/3600
2026-09-03T19:07:56.308494Z valid goemotions Generalist qwen3:8b attempt=1 valid=1377/3600
2026-09-03T19:07:59.598424Z valid goemotions Fixed role qwen3:8b attempt=1 valid=1378/3600
2026-09-03T19:08:04.515207Z valid goemotions All roles qwen3:8b attempt=1 valid=1379/3600
2026-09-03T19:08:07.975224Z valid goemotions Generalist llama3.1:8b attempt=1 valid=1380/3600
2026-09-03T19:08:11.535025Z valid goemotions Fixed role llama3.1:8b attempt=1 valid=1381/3600
2026-09-03T19:08:15.258507Z valid goemotions All roles llama3.1:8b attempt=1 valid=1382/3600
2026-09-03T19:08:18.569869Z valid goemotions Generalist gemma3:4b attempt=1 valid=1383/3600
2026-09-03T19:08:21.670700Z valid goemotions Fixed role gemma3:4b attempt=1 valid=1384/3600
2026-09-03T19:08:24.988239Z valid goemotions All roles gemma3:4b attempt=1 valid=1385/3600
2026-09-03T19:08:30.196666Z valid agyw_focus_groups Generalist qwen3:8b attempt=1 valid=1386/3600
2026-09-03T19:08:35.028713Z valid agyw_focus_groups Fixed role qwen3:8b attempt=1 valid=1387/3600
2026-09-03T19:08:40.227853Z valid agyw_focus_groups All roles qwen3:8b attempt=1 valid=1388/3600
2026-09-03T19:08:44.454090Z valid agyw_focus_groups Generalist llama3.1:8b attempt=1 valid=1389/3600
2026-09-03T19:08:48.490912Z valid agyw_focus_groups Fixed role llama3.1:8b attempt=1 valid=1390/3600
2026-09-03T19:08:53.506001Z valid agyw_focus_groups All roles llama3.1:8b attempt=1 valid=1391/3600
2026-09-03T19:08:58.130609Z valid agyw_focus_groups Generalist gemma3:4b attempt=1 valid=1392/3600
2026-09-03T19:09:02.697601Z valid agyw_focus_groups Fixed role gemma3:4b attempt=1 valid=1393/3600
2026-09-03T19:09:07.778702Z valid agyw_focus_groups All roles gemma3:4b attempt=1 valid=1394/3600
2026-09-03T19:09:12.738479Z valid parlamint_gb Generalist qwen3:8b attempt=1 valid=1395/3600
2026-09-03T19:09:17.650785Z valid parlamint_gb Fixed role qwen3:8b attempt=1 valid=1396/3600
2026-09-03T19:09:23.128342Z valid parlamint_gb All roles qwen3:8b attempt=1 valid=1397/3600
2026-09-03T19:09:27.667219Z valid parlamint_gb Generalist llama3.1:8b attempt=1 valid=1398/3600
2026-09-03T19:09:32.492738Z valid parlamint_gb Fixed role llama3.1:8b attempt=1 valid=1399/3600
2026-09-03T19:09:38.394257Z valid parlamint_gb All roles llama3.1:8b attempt=1 valid=1400/3600
2026-09-03T19:09:43.265816Z valid parlamint_gb Generalist gemma3:4b attempt=1 valid=1401/3600
2026-09-03T19:09:48.932039Z valid parlamint_gb Fixed role gemma3:4b attempt=1 valid=1402/3600
2026-09-03T19:09:54.064011Z valid parlamint_gb All roles gemma3:4b attempt=1 valid=1403/3600
2026-09-03T19:09:58.580067Z valid dreaddit Generalist qwen3:8b attempt=1 valid=1404/3600
2026-09-03T19:10:03.656994Z valid dreaddit Fixed role qwen3:8b attempt=1 valid=1405/3600
2026-09-03T19:10:09.310590Z valid dreaddit All roles qwen3:8b attempt=1 valid=1406/3600
2026-09-03T19:10:13.576008Z valid dreaddit Generalist llama3.1:8b attempt=1 valid=1407/3600
2026-09-03T19:10:18.602592Z valid dreaddit Fixed role llama3.1:8b attempt=1 valid=1408/3600
2026-09-03T19:10:23.178257Z valid dreaddit All roles llama3.1:8b attempt=1 valid=1409/3600
2026-09-03T19:10:27.981569Z valid dreaddit Generalist gemma3:4b attempt=1 valid=1410/3600
2026-09-03T19:10:32.742799Z valid dreaddit Fixed role gemma3:4b attempt=1 valid=1411/3600
2026-09-03T19:10:38.207133Z valid dreaddit All roles gemma3:4b attempt=1 valid=1412/3600
2026-09-03T19:10:41.709324Z valid goemotions Generalist qwen3:8b attempt=1 valid=1413/3600
2026-09-03T19:10:45.039594Z valid goemotions Fixed role qwen3:8b attempt=1 valid=1414/3600
2026-09-03T19:10:49.143816Z valid goemotions All roles qwen3:8b attempt=1 valid=1415/3600
2026-09-03T19:10:52.241384Z valid goemotions Generalist llama3.1:8b attempt=1 valid=1416/3600
2026-09-03T19:10:55.552818Z valid goemotions Fixed role llama3.1:8b attempt=1 valid=1417/3600
2026-09-03T19:10:59.796580Z valid goemotions All roles llama3.1:8b attempt=1 valid=1418/3600
2026-09-03T19:11:02.955171Z valid goemotions Generalist gemma3:4b attempt=1 valid=1419/3600
2026-09-03T19:11:06.338429Z valid goemotions Fixed role gemma3:4b attempt=1 valid=1420/3600
2026-09-03T19:11:10.647550Z valid goemotions All roles gemma3:4b attempt=1 valid=1421/3600
2026-09-03T19:11:14.894283Z valid agyw_focus_groups Generalist qwen3:8b attempt=1 valid=1422/3600
2026-09-03T19:11:18.641347Z valid agyw_focus_groups Fixed role qwen3:8b attempt=1 valid=1423/3600
2026-09-03T19:11:22.976317Z valid agyw_focus_groups All roles qwen3:8b attempt=1 valid=1424/3600
2026-09-03T19:11:27.821553Z valid agyw_focus_groups Generalist llama3.1:8b attempt=1 valid=1425/3600
2026-09-03T19:11:32.335102Z valid agyw_focus_groups Fixed role llama3.1:8b attempt=1 valid=1426/3600
2026-09-03T19:11:37.030706Z valid agyw_focus_groups All roles llama3.1:8b attempt=1 valid=1427/3600
2026-09-03T19:11:40.941248Z valid agyw_focus_groups Generalist gemma3:4b attempt=1 valid=1428/3600
2026-09-03T19:11:44.775744Z valid agyw_focus_groups Fixed role gemma3:4b attempt=1 valid=1429/3600
2026-09-03T19:11:49.357409Z valid agyw_focus_groups All roles gemma3:4b attempt=1 valid=1430/3600
2026-09-03T19:11:54.662475Z valid parlamint_gb Generalist qwen3:8b attempt=1 valid=1431/3600
2026-09-03T19:12:00.158266Z valid parlamint_gb Fixed role qwen3:8b attempt=1 valid=1432/3600
2026-09-03T19:12:06.238833Z valid parlamint_gb All roles qwen3:8b attempt=1 valid=1433/3600
2026-09-03T19:12:11.303716Z valid parlamint_gb Generalist llama3.1:8b attempt=1 valid=1434/3600
2026-09-03T19:12:17.120088Z valid parlamint_gb Fixed role llama3.1:8b attempt=1 valid=1435/3600
2026-09-03T19:12:23.222694Z valid parlamint_gb All roles llama3.1:8b attempt=1 valid=1436/3600
2026-09-03T19:12:28.564343Z valid parlamint_gb Generalist gemma3:4b attempt=1 valid=1437/3600
2026-09-03T19:12:34.648902Z valid parlamint_gb Fixed role gemma3:4b attempt=1 valid=1438/3600
2026-09-03T19:12:41.435736Z valid parlamint_gb All roles gemma3:4b attempt=1 valid=1439/3600
2026-09-03T19:12:46.637675Z valid dreaddit Generalist qwen3:8b attempt=1 valid=1440/3600
2026-09-03T19:12:51.155913Z valid dreaddit Fixed role qwen3:8b attempt=1 valid=1441/3600
2026-09-03T19:12:56.555871Z valid dreaddit All roles qwen3:8b attempt=1 valid=1442/3600
2026-09-03T19:13:02.124827Z valid dreaddit Generalist llama3.1:8b attempt=1 valid=1443/3600
2026-09-03T19:13:07.815437Z valid dreaddit Fixed role llama3.1:8b attempt=1 valid=1444/3600
2026-09-03T19:13:14.290288Z valid dreaddit All roles llama3.1:8b attempt=1 valid=1445/3600
2026-09-03T19:13:18.965449Z valid dreaddit Generalist gemma3:4b attempt=1 valid=1446/3600
2026-09-03T19:13:23.788645Z valid dreaddit Fixed role gemma3:4b attempt=1 valid=1447/3600
2026-09-03T19:13:29.201940Z valid dreaddit All roles gemma3:4b attempt=1 valid=1448/3600
2026-09-03T19:13:32.899463Z valid goemotions Generalist qwen3:8b attempt=1 valid=1449/3600
2026-09-03T19:13:36.682421Z valid goemotions Fixed role qwen3:8b attempt=1 valid=1450/3600
2026-09-03T19:13:41.636117Z valid goemotions All roles qwen3:8b attempt=1 valid=1451/3600
2026-09-03T19:13:45.486273Z valid goemotions Generalist llama3.1:8b attempt=1 valid=1452/3600
2026-09-03T19:13:49.985790Z valid goemotions Fixed role llama3.1:8b attempt=1 valid=1453/3600
2026-09-03T19:13:54.999123Z valid goemotions All roles llama3.1:8b attempt=1 valid=1454/3600
2026-09-03T19:13:59.511669Z valid goemotions Generalist gemma3:4b attempt=1 valid=1455/3600
2026-09-03T19:14:03.993159Z valid goemotions Fixed role gemma3:4b attempt=1 valid=1456/3600
2026-09-03T19:14:08.936432Z valid goemotions All roles gemma3:4b attempt=1 valid=1457/3600
2026-09-03T19:14:13.013099Z valid agyw_focus_groups Generalist qwen3:8b attempt=1 valid=1458/3600
2026-09-03T19:14:17.278326Z valid agyw_focus_groups Fixed role qwen3:8b attempt=1 valid=1459/3600
2026-09-03T19:14:22.034931Z valid agyw_focus_groups All roles qwen3:8b attempt=1 valid=1460/3600
2026-09-03T19:14:26.972243Z valid agyw_focus_groups Generalist llama3.1:8b attempt=1 valid=1461/3600
2026-09-03T19:14:31.256098Z valid agyw_focus_groups Fixed role llama3.1:8b attempt=1 valid=1462/3600
2026-09-03T19:14:36.272760Z valid agyw_focus_groups All roles llama3.1:8b attempt=1 valid=1463/3600
2026-09-03T19:14:42.001487Z valid agyw_focus_groups Generalist gemma3:4b attempt=1 valid=1464/3600
2026-09-03T19:14:46.931556Z valid agyw_focus_groups Fixed role gemma3:4b attempt=1 valid=1465/3600
2026-09-03T19:14:52.177982Z valid agyw_focus_groups All roles gemma3:4b attempt=1 valid=1466/3600
2026-09-03T19:14:56.911563Z valid parlamint_gb Generalist qwen3:8b attempt=1 valid=1467/3600
2026-09-03T19:15:01.609726Z valid parlamint_gb Fixed role qwen3:8b attempt=1 valid=1468/3600
2026-09-03T19:15:06.700861Z valid parlamint_gb All roles qwen3:8b attempt=1 valid=1469/3600
2026-09-03T19:15:11.339087Z valid parlamint_gb Generalist llama3.1:8b attempt=1 valid=1470/3600
2026-09-03T19:15:16.664083Z valid parlamint_gb Fixed role llama3.1:8b attempt=1 valid=1471/3600
2026-09-03T19:15:22.789748Z valid parlamint_gb All roles llama3.1:8b attempt=1 valid=1472/3600
2026-09-03T19:15:27.944308Z valid parlamint_gb Generalist gemma3:4b attempt=1 valid=1473/3600
2026-09-03T19:15:32.571572Z valid parlamint_gb Fixed role gemma3:4b attempt=1 valid=1474/3600
2026-09-03T19:15:37.954654Z valid parlamint_gb All roles gemma3:4b attempt=1 valid=1475/3600
2026-09-03T19:15:42.590223Z valid dreaddit Generalist qwen3:8b attempt=1 valid=1476/3600
2026-09-03T19:15:47.169829Z valid dreaddit Fixed role qwen3:8b attempt=1 valid=1477/3600
2026-09-03T19:15:52.418074Z valid dreaddit All roles qwen3:8b attempt=1 valid=1478/3600
2026-09-03T19:15:57.387369Z valid dreaddit Generalist llama3.1:8b attempt=1 valid=1479/3600
2026-09-03T19:16:02.217779Z valid dreaddit Fixed role llama3.1:8b attempt=1 valid=1480/3600
2026-09-03T19:16:07.463402Z valid dreaddit All roles llama3.1:8b attempt=1 valid=1481/3600
2026-09-03T19:16:11.803003Z valid dreaddit Generalist gemma3:4b attempt=1 valid=1482/3600
2026-09-03T19:16:15.996414Z valid dreaddit Fixed role gemma3:4b attempt=1 valid=1483/3600
2026-09-03T19:16:21.814393Z valid dreaddit All roles gemma3:4b attempt=1 valid=1484/3600
2026-09-03T19:16:25.465714Z valid goemotions Generalist qwen3:8b attempt=1 valid=1485/3600
2026-09-03T19:16:29.865712Z valid goemotions Fixed role qwen3:8b attempt=1 valid=1486/3600
2026-09-03T19:16:35.119922Z valid goemotions All roles qwen3:8b attempt=1 valid=1487/3600
2026-09-03T19:16:39.072977Z valid goemotions Generalist llama3.1:8b attempt=1 valid=1488/3600
2026-09-03T19:16:42.918759Z valid goemotions Fixed role llama3.1:8b attempt=1 valid=1489/3600
2026-09-03T19:16:47.707633Z valid goemotions All roles llama3.1:8b attempt=1 valid=1490/3600
2026-09-03T19:16:52.302405Z valid goemotions Generalist gemma3:4b attempt=1 valid=1491/3600
2026-09-03T19:16:56.059185Z valid goemotions Fixed role gemma3:4b attempt=1 valid=1492/3600
2026-09-03T19:17:00.408879Z valid goemotions All roles gemma3:4b attempt=1 valid=1493/3600
2026-09-03T19:17:04.639730Z valid agyw_focus_groups Generalist qwen3:8b attempt=1 valid=1494/3600
2026-09-03T19:17:08.867780Z valid agyw_focus_groups Fixed role qwen3:8b attempt=1 valid=1495/3600
2026-09-03T19:17:13.268644Z valid agyw_focus_groups All roles qwen3:8b attempt=1 valid=1496/3600
2026-09-03T19:17:17.276690Z valid agyw_focus_groups Generalist llama3.1:8b attempt=1 valid=1497/3600
2026-09-03T19:17:21.574096Z valid agyw_focus_groups Fixed role llama3.1:8b attempt=1 valid=1498/3600
2026-09-03T19:17:26.681196Z valid agyw_focus_groups All roles llama3.1:8b attempt=1 valid=1499/3600
2026-09-03T19:17:30.842026Z valid agyw_focus_groups Generalist gemma3:4b attempt=1 valid=1500/3600
2026-09-03T19:17:35.290315Z valid agyw_focus_groups Fixed role gemma3:4b attempt=1 valid=1501/3600
2026-09-03T19:17:40.144711Z valid agyw_focus_groups All roles gemma3:4b attempt=1 valid=1502/3600
2026-09-03T19:17:45.155520Z valid parlamint_gb Generalist qwen3:8b attempt=1 valid=1503/3600
2026-09-03T19:17:49.750304Z valid parlamint_gb Fixed role qwen3:8b attempt=1 valid=1504/3600
2026-09-03T19:17:55.309225Z valid parlamint_gb All roles qwen3:8b attempt=1 valid=1505/3600
2026-09-03T19:18:00.316282Z valid parlamint_gb Generalist llama3.1:8b attempt=1 valid=1506/3600
2026-09-03T19:18:05.128276Z valid parlamint_gb Fixed role llama3.1:8b attempt=1 valid=1507/3600
2026-09-03T19:18:10.731336Z valid parlamint_gb All roles llama3.1:8b attempt=1 valid=1508/3600
2026-09-03T19:18:15.738864Z valid parlamint_gb Generalist gemma3:4b attempt=1 valid=1509/3600
2026-09-03T19:18:20.648938Z valid parlamint_gb Fixed role gemma3:4b attempt=1 valid=1510/3600
2026-09-03T19:18:26.079243Z valid parlamint_gb All roles gemma3:4b attempt=1 valid=1511/3600
2026-09-03T19:18:31.628718Z valid dreaddit Generalist qwen3:8b attempt=1 valid=1512/3600
2026-09-03T19:18:36.968377Z valid dreaddit Fixed role qwen3:8b attempt=1 valid=1513/3600
2026-09-03T19:18:41.944066Z valid dreaddit All roles qwen3:8b attempt=1 valid=1514/3600
2026-09-03T19:18:46.742255Z valid dreaddit Generalist llama3.1:8b attempt=1 valid=1515/3600
2026-09-03T19:18:52.488202Z valid dreaddit Fixed role llama3.1:8b attempt=1 valid=1516/3600
2026-09-03T19:18:57.878441Z valid dreaddit All roles llama3.1:8b attempt=1 valid=1517/3600
2026-09-03T19:19:03.249571Z valid dreaddit Generalist gemma3:4b attempt=1 valid=1518/3600
2026-09-03T19:19:08.487476Z valid dreaddit Fixed role gemma3:4b attempt=1 valid=1519/3600
2026-09-03T19:19:13.832312Z valid dreaddit All roles gemma3:4b attempt=1 valid=1520/3600
2026-09-03T19:19:17.542747Z valid goemotions Generalist qwen3:8b attempt=1 valid=1521/3600
2026-09-03T19:19:21.673238Z valid goemotions Fixed role qwen3:8b attempt=1 valid=1522/3600
2026-09-03T19:19:26.139457Z valid goemotions All roles qwen3:8b attempt=1 valid=1523/3600
2026-09-03T19:19:30.200310Z valid goemotions Generalist llama3.1:8b attempt=1 valid=1524/3600
2026-09-03T19:19:34.202573Z valid goemotions Fixed role llama3.1:8b attempt=1 valid=1525/3600
2026-09-03T19:19:38.954868Z valid goemotions All roles llama3.1:8b attempt=1 valid=1526/3600
2026-09-03T19:19:42.499940Z valid goemotions Generalist gemma3:4b attempt=1 valid=1527/3600
2026-09-03T19:19:46.109854Z valid goemotions Fixed role gemma3:4b attempt=1 valid=1528/3600
2026-09-03T19:19:50.758300Z valid goemotions All roles gemma3:4b attempt=1 valid=1529/3600
2026-09-03T19:19:55.233403Z valid agyw_focus_groups Generalist qwen3:8b attempt=1 valid=1530/3600
2026-09-03T19:19:59.362296Z valid agyw_focus_groups Fixed role qwen3:8b attempt=1 valid=1531/3600
2026-09-03T19:20:04.328435Z valid agyw_focus_groups All roles qwen3:8b attempt=1 valid=1532/3600
2026-09-03T19:20:08.725796Z valid agyw_focus_groups Generalist llama3.1:8b attempt=1 valid=1533/3600
2026-09-03T19:20:13.127977Z valid agyw_focus_groups Fixed role llama3.1:8b attempt=1 valid=1534/3600
2026-09-03T19:20:17.540879Z valid agyw_focus_groups All roles llama3.1:8b attempt=1 valid=1535/3600
2026-09-03T19:20:22.799139Z valid agyw_focus_groups Generalist gemma3:4b attempt=1 valid=1536/3600
2026-09-03T19:20:27.132814Z valid agyw_focus_groups Fixed role gemma3:4b attempt=1 valid=1537/3600
2026-09-03T19:20:32.323129Z valid agyw_focus_groups All roles gemma3:4b attempt=1 valid=1538/3600
2026-09-03T19:20:43.613906Z valid parlamint_gb Generalist qwen3:8b attempt=1 valid=1539/3600
2026-09-03T19:20:56.931875Z valid parlamint_gb Fixed role qwen3:8b attempt=1 valid=1540/3600
2026-09-03T19:21:07.921055Z valid parlamint_gb All roles qwen3:8b attempt=1 valid=1541/3600
2026-09-03T19:21:19.483382Z valid parlamint_gb Generalist llama3.1:8b attempt=1 valid=1542/3600
2026-09-03T19:21:30.325445Z valid parlamint_gb Fixed role llama3.1:8b attempt=1 valid=1543/3600
2026-09-03T19:21:41.212115Z valid parlamint_gb All roles llama3.1:8b attempt=1 valid=1544/3600
2026-09-03T19:21:52.515886Z valid parlamint_gb Generalist gemma3:4b attempt=1 valid=1545/3600
2026-09-03T19:22:03.025704Z valid parlamint_gb Fixed role gemma3:4b attempt=1 valid=1546/3600
2026-09-03T19:22:14.778897Z valid parlamint_gb All roles gemma3:4b attempt=1 valid=1547/3600
2026-09-03T19:22:19.414497Z valid dreaddit Generalist qwen3:8b attempt=1 valid=1548/3600
2026-09-03T19:22:24.387563Z valid dreaddit Fixed role qwen3:8b attempt=1 valid=1549/3600
2026-09-03T19:22:29.601180Z valid dreaddit All roles qwen3:8b attempt=1 valid=1550/3600
2026-09-03T19:22:34.153789Z valid dreaddit Generalist llama3.1:8b attempt=1 valid=1551/3600
2026-09-03T19:22:38.858395Z valid dreaddit Fixed role llama3.1:8b attempt=1 valid=1552/3600
2026-09-03T19:22:44.321999Z valid dreaddit All roles llama3.1:8b attempt=1 valid=1553/3600
2026-09-03T19:22:48.797011Z valid dreaddit Generalist gemma3:4b attempt=1 valid=1554/3600
2026-09-03T19:22:53.304165Z valid dreaddit Fixed role gemma3:4b attempt=1 valid=1555/3600
2026-09-03T19:22:59.071716Z valid dreaddit All roles gemma3:4b attempt=1 valid=1556/3600
2026-09-03T19:23:03.353302Z valid goemotions Generalist qwen3:8b attempt=1 valid=1557/3600
2026-09-03T19:23:07.150606Z valid goemotions Fixed role qwen3:8b attempt=1 valid=1558/3600
2026-09-03T19:23:10.811815Z valid goemotions All roles qwen3:8b attempt=1 valid=1559/3600
2026-09-03T19:23:15.715366Z valid goemotions Generalist llama3.1:8b attempt=1 valid=1560/3600
2026-09-03T19:23:20.099209Z valid goemotions Fixed role llama3.1:8b attempt=1 valid=1561/3600
2026-09-03T19:23:24.531368Z valid goemotions All roles llama3.1:8b attempt=1 valid=1562/3600
2026-09-03T19:23:28.963797Z valid goemotions Generalist gemma3:4b attempt=1 valid=1563/3600
2026-09-03T19:23:33.156651Z valid goemotions Fixed role gemma3:4b attempt=1 valid=1564/3600
2026-09-03T19:23:38.428073Z valid goemotions All roles gemma3:4b attempt=1 valid=1565/3600
2026-09-03T19:23:42.473400Z valid agyw_focus_groups Generalist qwen3:8b attempt=1 valid=1566/3600
2026-09-03T19:23:46.109683Z valid agyw_focus_groups Fixed role qwen3:8b attempt=1 valid=1567/3600
2026-09-03T19:23:50.675959Z valid agyw_focus_groups All roles qwen3:8b attempt=1 valid=1568/3600
2026-09-03T19:23:54.888790Z valid agyw_focus_groups Generalist llama3.1:8b attempt=1 valid=1569/3600
2026-09-03T19:23:58.564718Z valid agyw_focus_groups Fixed role llama3.1:8b attempt=1 valid=1570/3600
2026-09-03T19:24:03.338569Z valid agyw_focus_groups All roles llama3.1:8b attempt=1 valid=1571/3600
2026-09-03T19:24:08.022551Z valid agyw_focus_groups Generalist gemma3:4b attempt=1 valid=1572/3600
2026-09-03T19:24:11.981760Z valid agyw_focus_groups Fixed role gemma3:4b attempt=1 valid=1573/3600
2026-09-03T19:24:16.814898Z valid agyw_focus_groups All roles gemma3:4b attempt=1 valid=1574/3600
2026-09-03T19:24:23.340516Z valid parlamint_gb Generalist qwen3:8b attempt=1 valid=1575/3600
2026-09-03T19:24:29.511038Z valid parlamint_gb Fixed role qwen3:8b attempt=1 valid=1576/3600
2026-09-03T19:24:36.779366Z valid parlamint_gb All roles qwen3:8b attempt=1 valid=1577/3600
2026-09-03T19:24:43.523807Z valid parlamint_gb Generalist llama3.1:8b attempt=1 valid=1578/3600
2026-09-03T19:24:50.228189Z valid parlamint_gb Fixed role llama3.1:8b attempt=1 valid=1579/3600
2026-09-03T19:24:57.295160Z valid parlamint_gb All roles llama3.1:8b attempt=1 valid=1580/3600
2026-09-03T19:25:04.364865Z valid parlamint_gb Generalist gemma3:4b attempt=1 valid=1581/3600
2026-09-03T19:25:11.210029Z valid parlamint_gb Fixed role gemma3:4b attempt=1 valid=1582/3600
2026-09-03T19:25:18.256028Z valid parlamint_gb All roles gemma3:4b attempt=1 valid=1583/3600
2026-09-03T19:25:23.644587Z valid dreaddit Generalist qwen3:8b attempt=1 valid=1584/3600
2026-09-03T19:25:28.357582Z valid dreaddit Fixed role qwen3:8b attempt=1 valid=1585/3600
2026-09-03T19:25:33.338349Z valid dreaddit All roles qwen3:8b attempt=1 valid=1586/3600
2026-09-03T19:25:38.515851Z valid dreaddit Generalist llama3.1:8b attempt=1 valid=1587/3600
2026-09-03T19:25:42.560399Z valid dreaddit Fixed role llama3.1:8b attempt=1 valid=1588/3600
2026-09-03T19:25:47.945284Z valid dreaddit All roles llama3.1:8b attempt=1 valid=1589/3600
2026-09-03T19:25:53.200406Z valid dreaddit Generalist gemma3:4b attempt=1 valid=1590/3600
2026-09-03T19:25:58.309784Z valid dreaddit Fixed role gemma3:4b attempt=1 valid=1591/3600
2026-09-03T19:26:03.300069Z valid dreaddit All roles gemma3:4b attempt=1 valid=1592/3600
2026-09-03T19:26:06.684028Z valid goemotions Generalist qwen3:8b attempt=1 valid=1593/3600
2026-09-03T19:26:09.856656Z valid goemotions Fixed role qwen3:8b attempt=1 valid=1594/3600
2026-09-03T19:26:13.970088Z valid goemotions All roles qwen3:8b attempt=1 valid=1595/3600
2026-09-03T19:26:17.344987Z valid goemotions Generalist llama3.1:8b attempt=1 valid=1596/3600
2026-09-03T19:26:20.791000Z valid goemotions Fixed role llama3.1:8b attempt=1 valid=1597/3600
2026-09-03T19:26:25.073180Z valid goemotions All roles llama3.1:8b attempt=1 valid=1598/3600
2026-09-03T19:26:28.803183Z valid goemotions Generalist gemma3:4b attempt=1 valid=1599/3600
2026-09-03T19:26:32.252528Z valid goemotions Fixed role gemma3:4b attempt=1 valid=1600/3600
2026-09-03T19:26:36.486190Z valid goemotions All roles gemma3:4b attempt=1 valid=1601/3600
2026-09-03T19:26:40.277046Z valid agyw_focus_groups Generalist qwen3:8b attempt=1 valid=1602/3600
2026-09-03T19:26:42.315627Z valid agyw_focus_groups Fixed role qwen3:8b attempt=1 valid=1603/3600
2026-09-03T19:26:46.681900Z valid agyw_focus_groups All roles qwen3:8b attempt=1 valid=1604/3600
2026-09-03T19:26:50.721838Z valid agyw_focus_groups Generalist llama3.1:8b attempt=1 valid=1605/3600
2026-09-03T19:26:55.428448Z valid agyw_focus_groups Fixed role llama3.1:8b attempt=1 valid=1606/3600
2026-09-03T19:27:00.040286Z valid agyw_focus_groups All roles llama3.1:8b attempt=1 valid=1607/3600
2026-09-03T19:27:04.468387Z valid agyw_focus_groups Generalist gemma3:4b attempt=1 valid=1608/3600
2026-09-03T19:27:09.214622Z valid agyw_focus_groups Fixed role gemma3:4b attempt=1 valid=1609/3600
2026-09-03T19:27:13.534131Z valid agyw_focus_groups All roles gemma3:4b attempt=1 valid=1610/3600
2026-09-03T19:27:20.139763Z valid parlamint_gb Generalist qwen3:8b attempt=1 valid=1611/3600
2026-09-03T19:27:26.548438Z valid parlamint_gb Fixed role qwen3:8b attempt=1 valid=1612/3600
2026-09-03T19:27:33.373113Z valid parlamint_gb All roles qwen3:8b attempt=1 valid=1613/3600
2026-09-03T19:27:40.500726Z valid parlamint_gb Generalist llama3.1:8b attempt=1 valid=1614/3600
2026-09-03T19:27:46.909584Z valid parlamint_gb Fixed role llama3.1:8b attempt=1 valid=1615/3600
2026-09-03T19:27:53.492820Z valid parlamint_gb All roles llama3.1:8b attempt=1 valid=1616/3600
2026-09-03T19:28:00.241950Z valid parlamint_gb Generalist gemma3:4b attempt=1 valid=1617/3600
2026-09-03T19:28:06.624101Z valid parlamint_gb Fixed role gemma3:4b attempt=1 valid=1618/3600
2026-09-03T19:28:13.366692Z valid parlamint_gb All roles gemma3:4b attempt=1 valid=1619/3600
2026-09-03T19:28:18.785730Z valid dreaddit Generalist qwen3:8b attempt=1 valid=1620/3600
2026-09-03T19:28:24.537982Z valid dreaddit Fixed role qwen3:8b attempt=1 valid=1621/3600
2026-09-03T19:28:30.199534Z valid dreaddit All roles qwen3:8b attempt=1 valid=1622/3600
2026-09-03T19:28:34.113936Z valid dreaddit Generalist llama3.1:8b attempt=1 valid=1623/3600
2026-09-03T19:28:37.969116Z valid dreaddit Fixed role llama3.1:8b attempt=1 valid=1624/3600
2026-09-03T19:28:42.252447Z valid dreaddit All roles llama3.1:8b attempt=1 valid=1625/3600
2026-09-03T19:28:46.562647Z valid dreaddit Generalist gemma3:4b attempt=1 valid=1626/3600
2026-09-03T19:28:50.429215Z valid dreaddit Fixed role gemma3:4b attempt=1 valid=1627/3600
2026-09-03T19:28:54.778713Z valid dreaddit All roles gemma3:4b attempt=1 valid=1628/3600
2026-09-03T19:28:58.584233Z valid goemotions Generalist qwen3:8b attempt=1 valid=1629/3600
2026-09-03T19:29:02.763462Z valid goemotions Fixed role qwen3:8b attempt=1 valid=1630/3600
2026-09-03T19:29:06.729068Z valid goemotions All roles qwen3:8b attempt=1 valid=1631/3600
2026-09-03T19:29:10.910107Z valid goemotions Generalist llama3.1:8b attempt=1 valid=1632/3600
2026-09-03T19:29:14.670321Z valid goemotions Fixed role llama3.1:8b attempt=1 valid=1633/3600
2026-09-03T19:29:19.339805Z valid goemotions All roles llama3.1:8b attempt=1 valid=1634/3600
2026-09-03T19:29:23.333220Z valid goemotions Generalist gemma3:4b attempt=1 valid=1635/3600
2026-09-03T19:29:26.792997Z valid goemotions Fixed role gemma3:4b attempt=1 valid=1636/3600
2026-09-03T19:29:31.149946Z valid goemotions All roles gemma3:4b attempt=1 valid=1637/3600
2026-09-03T19:29:34.975063Z valid agyw_focus_groups Generalist qwen3:8b attempt=1 valid=1638/3600
2026-09-03T19:29:38.949666Z valid agyw_focus_groups Fixed role qwen3:8b attempt=1 valid=1639/3600
2026-09-03T19:29:42.947452Z valid agyw_focus_groups All roles qwen3:8b attempt=1 valid=1640/3600
2026-09-03T19:29:46.858077Z valid agyw_focus_groups Generalist llama3.1:8b attempt=1 valid=1641/3600
2026-09-03T19:29:50.852532Z valid agyw_focus_groups Fixed role llama3.1:8b attempt=1 valid=1642/3600
2026-09-03T19:29:55.257142Z valid agyw_focus_groups All roles llama3.1:8b attempt=1 valid=1643/3600
2026-09-03T19:29:59.422919Z valid agyw_focus_groups Generalist gemma3:4b attempt=1 valid=1644/3600
2026-09-03T19:30:03.475859Z valid agyw_focus_groups Fixed role gemma3:4b attempt=1 valid=1645/3600
2026-09-03T19:30:08.295690Z valid agyw_focus_groups All roles gemma3:4b attempt=1 valid=1646/3600
2026-09-03T19:30:13.453559Z valid parlamint_gb Generalist qwen3:8b attempt=1 valid=1647/3600
2026-09-03T19:30:18.894088Z valid parlamint_gb Fixed role qwen3:8b attempt=1 valid=1648/3600
2026-09-03T19:30:24.331537Z valid parlamint_gb All roles qwen3:8b attempt=1 valid=1649/3600
2026-09-03T19:30:29.164227Z valid parlamint_gb Generalist llama3.1:8b attempt=1 valid=1650/3600
2026-09-03T19:30:33.799899Z valid parlamint_gb Fixed role llama3.1:8b attempt=1 valid=1651/3600
2026-09-03T19:30:39.094141Z valid parlamint_gb All roles llama3.1:8b attempt=1 valid=1652/3600
2026-09-03T19:30:44.026888Z valid parlamint_gb Generalist gemma3:4b attempt=1 valid=1653/3600
2026-09-03T19:30:48.911157Z valid parlamint_gb Fixed role gemma3:4b attempt=1 valid=1654/3600
2026-09-03T19:30:54.737672Z valid parlamint_gb All roles gemma3:4b attempt=1 valid=1655/3600
2026-09-03T19:30:59.082807Z valid dreaddit Generalist qwen3:8b attempt=1 valid=1656/3600
2026-09-03T19:31:03.133284Z valid dreaddit Fixed role qwen3:8b attempt=1 valid=1657/3600
2026-09-03T19:31:07.992268Z valid dreaddit All roles qwen3:8b attempt=1 valid=1658/3600
2026-09-03T19:31:11.858694Z valid dreaddit Generalist llama3.1:8b attempt=1 valid=1659/3600
2026-09-03T19:31:15.883124Z valid dreaddit Fixed role llama3.1:8b attempt=1 valid=1660/3600
2026-09-03T19:31:20.626393Z valid dreaddit All roles llama3.1:8b attempt=1 valid=1661/3600
2026-09-03T19:31:25.163479Z valid dreaddit Generalist gemma3:4b attempt=1 valid=1662/3600
2026-09-03T19:31:30.010635Z valid dreaddit Fixed role gemma3:4b attempt=1 valid=1663/3600
2026-09-03T19:31:35.903491Z valid dreaddit All roles gemma3:4b attempt=1 valid=1664/3600
2026-09-03T19:31:39.577817Z valid goemotions Generalist qwen3:8b attempt=1 valid=1665/3600
2026-09-03T19:31:43.157329Z valid goemotions Fixed role qwen3:8b attempt=1 valid=1666/3600
2026-09-03T19:31:46.877686Z valid goemotions All roles qwen3:8b attempt=1 valid=1667/3600
2026-09-03T19:31:50.352265Z valid goemotions Generalist llama3.1:8b attempt=1 valid=1668/3600
2026-09-03T19:31:53.697183Z valid goemotions Fixed role llama3.1:8b attempt=1 valid=1669/3600
2026-09-03T19:31:57.821242Z valid goemotions All roles llama3.1:8b attempt=1 valid=1670/3600
2026-09-03T19:32:01.278183Z valid goemotions Generalist gemma3:4b attempt=1 valid=1671/3600
2026-09-03T19:32:05.023302Z valid goemotions Fixed role gemma3:4b attempt=1 valid=1672/3600
2026-09-03T19:32:08.819258Z valid goemotions All roles gemma3:4b attempt=1 valid=1673/3600
2026-09-03T19:32:12.604399Z valid agyw_focus_groups Generalist qwen3:8b attempt=1 valid=1674/3600
2026-09-03T19:32:16.545806Z valid agyw_focus_groups Fixed role qwen3:8b attempt=1 valid=1675/3600
2026-09-03T19:32:21.217862Z valid agyw_focus_groups All roles qwen3:8b attempt=1 valid=1676/3600
2026-09-03T19:32:24.877093Z valid agyw_focus_groups Generalist llama3.1:8b attempt=1 valid=1677/3600
2026-09-03T19:32:28.984197Z valid agyw_focus_groups Fixed role llama3.1:8b attempt=1 valid=1678/3600
2026-09-03T19:32:34.011903Z valid agyw_focus_groups All roles llama3.1:8b attempt=1 valid=1679/3600
2026-09-03T19:32:38.015751Z valid agyw_focus_groups Generalist gemma3:4b attempt=1 valid=1680/3600
2026-09-03T19:32:42.101433Z valid agyw_focus_groups Fixed role gemma3:4b attempt=1 valid=1681/3600
2026-09-03T19:32:46.517691Z valid agyw_focus_groups All roles gemma3:4b attempt=1 valid=1682/3600
2026-09-03T19:32:51.253972Z valid parlamint_gb Generalist qwen3:8b attempt=1 valid=1683/3600
2026-09-03T19:32:55.881873Z valid parlamint_gb Fixed role qwen3:8b attempt=1 valid=1684/3600
2026-09-03T19:33:01.068194Z valid parlamint_gb All roles qwen3:8b attempt=1 valid=1685/3600
2026-09-03T19:33:05.969180Z valid parlamint_gb Generalist llama3.1:8b attempt=1 valid=1686/3600
2026-09-03T19:33:10.939622Z valid parlamint_gb Fixed role llama3.1:8b attempt=1 valid=1687/3600
2026-09-03T19:33:16.685760Z valid parlamint_gb All roles llama3.1:8b attempt=1 valid=1688/3600
2026-09-03T19:33:21.765484Z valid parlamint_gb Generalist gemma3:4b attempt=1 valid=1689/3600
2026-09-03T19:33:27.360672Z valid parlamint_gb Fixed role gemma3:4b attempt=1 valid=1690/3600
2026-09-03T19:33:32.734825Z valid parlamint_gb All roles gemma3:4b attempt=1 valid=1691/3600
2026-09-03T19:33:37.948232Z valid dreaddit Generalist qwen3:8b attempt=1 valid=1692/3600
2026-09-03T19:33:42.241817Z valid dreaddit Fixed role qwen3:8b attempt=1 valid=1693/3600
2026-09-03T19:33:47.629317Z valid dreaddit All roles qwen3:8b attempt=1 valid=1694/3600
2026-09-03T19:33:52.169065Z valid dreaddit Generalist llama3.1:8b attempt=1 valid=1695/3600
2026-09-03T19:33:57.452586Z valid dreaddit Fixed role llama3.1:8b attempt=1 valid=1696/3600
2026-09-03T19:34:02.925354Z valid dreaddit All roles llama3.1:8b attempt=1 valid=1697/3600
2026-09-03T19:34:07.857976Z valid dreaddit Generalist gemma3:4b attempt=1 valid=1698/3600
2026-09-03T19:34:12.517206Z valid dreaddit Fixed role gemma3:4b attempt=1 valid=1699/3600
2026-09-03T19:34:18.535735Z valid dreaddit All roles gemma3:4b attempt=1 valid=1700/3600
2026-09-03T19:34:22.086892Z valid goemotions Generalist qwen3:8b attempt=1 valid=1701/3600
2026-09-03T19:34:25.759914Z valid goemotions Fixed role qwen3:8b attempt=1 valid=1702/3600
2026-09-03T19:34:29.661746Z valid goemotions All roles qwen3:8b attempt=1 valid=1703/3600
2026-09-03T19:34:33.001755Z valid goemotions Generalist llama3.1:8b attempt=1 valid=1704/3600
2026-09-03T19:34:36.271230Z valid goemotions Fixed role llama3.1:8b attempt=1 valid=1705/3600
2026-09-03T19:34:41.027993Z valid goemotions All roles llama3.1:8b attempt=1 valid=1706/3600
2026-09-03T19:34:44.197869Z valid goemotions Generalist gemma3:4b attempt=1 valid=1707/3600
2026-09-03T19:34:47.349640Z valid goemotions Fixed role gemma3:4b attempt=1 valid=1708/3600
2026-09-03T19:34:52.232980Z valid goemotions All roles gemma3:4b attempt=1 valid=1709/3600
2026-09-03T19:34:56.286184Z valid agyw_focus_groups Generalist qwen3:8b attempt=1 valid=1710/3600
2026-09-03T19:35:00.045084Z valid agyw_focus_groups Fixed role qwen3:8b attempt=1 valid=1711/3600
2026-09-03T19:35:04.252195Z valid agyw_focus_groups All roles qwen3:8b attempt=1 valid=1712/3600
2026-09-03T19:35:08.661881Z valid agyw_focus_groups Generalist llama3.1:8b attempt=1 valid=1713/3600
2026-09-03T19:35:12.314801Z valid agyw_focus_groups Fixed role llama3.1:8b attempt=1 valid=1714/3600
2026-09-03T19:35:16.700644Z valid agyw_focus_groups All roles llama3.1:8b attempt=1 valid=1715/3600
2026-09-03T19:35:20.480943Z valid agyw_focus_groups Generalist gemma3:4b attempt=1 valid=1716/3600
2026-09-03T19:35:24.497884Z valid agyw_focus_groups Fixed role gemma3:4b attempt=1 valid=1717/3600
2026-09-03T19:35:29.189959Z valid agyw_focus_groups All roles gemma3:4b attempt=1 valid=1718/3600
2026-09-03T19:35:38.751099Z valid parlamint_gb Generalist qwen3:8b attempt=1 valid=1719/3600
2026-09-03T19:35:48.025536Z valid parlamint_gb Fixed role qwen3:8b attempt=1 valid=1720/3600
2026-09-03T19:35:57.414157Z valid parlamint_gb All roles qwen3:8b attempt=1 valid=1721/3600
2026-09-03T19:36:06.739146Z valid parlamint_gb Generalist llama3.1:8b attempt=1 valid=1722/3600
2026-09-03T19:36:16.265314Z valid parlamint_gb Fixed role llama3.1:8b attempt=1 valid=1723/3600
2026-09-03T19:36:28.594603Z valid parlamint_gb All roles llama3.1:8b attempt=1 valid=1724/3600
2026-09-03T19:36:37.770004Z valid parlamint_gb Generalist gemma3:4b attempt=1 valid=1725/3600
2026-09-03T19:36:47.224674Z valid parlamint_gb Fixed role gemma3:4b attempt=1 valid=1726/3600
2026-09-03T19:36:57.607472Z valid parlamint_gb All roles gemma3:4b attempt=1 valid=1727/3600
2026-09-03T19:37:02.647349Z valid dreaddit Generalist qwen3:8b attempt=1 valid=1728/3600
2026-09-03T19:37:08.216780Z valid dreaddit Fixed role qwen3:8b attempt=1 valid=1729/3600
2026-09-03T19:37:13.670161Z valid dreaddit All roles qwen3:8b attempt=1 valid=1730/3600
2026-09-03T19:37:18.412176Z valid dreaddit Generalist llama3.1:8b attempt=1 valid=1731/3600
2026-09-03T19:37:23.600301Z valid dreaddit Fixed role llama3.1:8b attempt=1 valid=1732/3600
2026-09-03T19:37:28.810799Z valid dreaddit All roles llama3.1:8b attempt=1 valid=1733/3600
2026-09-03T19:37:34.347055Z valid dreaddit Generalist gemma3:4b attempt=1 valid=1734/3600
2026-09-03T19:37:39.776423Z valid dreaddit Fixed role gemma3:4b attempt=1 valid=1735/3600
2026-09-03T19:37:45.331303Z valid dreaddit All roles gemma3:4b attempt=1 valid=1736/3600
2026-09-03T19:37:49.200185Z valid goemotions Generalist qwen3:8b attempt=1 valid=1737/3600
2026-09-03T19:37:52.390193Z valid goemotions Fixed role qwen3:8b attempt=1 valid=1738/3600
2026-09-03T19:37:56.375753Z valid goemotions All roles qwen3:8b attempt=1 valid=1739/3600
2026-09-03T19:38:00.299206Z valid goemotions Generalist llama3.1:8b attempt=1 valid=1740/3600
2026-09-03T19:38:03.983731Z valid goemotions Fixed role llama3.1:8b attempt=1 valid=1741/3600
2026-09-03T19:38:08.481259Z valid goemotions All roles llama3.1:8b attempt=1 valid=1742/3600
2026-09-03T19:38:12.560154Z valid goemotions Generalist gemma3:4b attempt=1 valid=1743/3600
2026-09-03T19:38:16.493019Z valid goemotions Fixed role gemma3:4b attempt=1 valid=1744/3600
2026-09-03T19:38:20.249346Z valid goemotions All roles gemma3:4b attempt=1 valid=1745/3600
2026-09-03T19:38:24.927793Z valid agyw_focus_groups Generalist qwen3:8b attempt=1 valid=1746/3600
2026-09-03T19:38:29.686425Z valid agyw_focus_groups Fixed role qwen3:8b attempt=1 valid=1747/3600
2026-09-03T19:38:34.490426Z valid agyw_focus_groups All roles qwen3:8b attempt=1 valid=1748/3600
2026-09-03T19:38:39.060218Z valid agyw_focus_groups Generalist llama3.1:8b attempt=1 valid=1749/3600
2026-09-03T19:38:43.225867Z valid agyw_focus_groups Fixed role llama3.1:8b attempt=1 valid=1750/3600
2026-09-03T19:38:47.867575Z valid agyw_focus_groups All roles llama3.1:8b attempt=1 valid=1751/3600
2026-09-03T19:38:52.407336Z valid agyw_focus_groups Generalist gemma3:4b attempt=1 valid=1752/3600
2026-09-03T19:38:56.685370Z valid agyw_focus_groups Fixed role gemma3:4b attempt=1 valid=1753/3600
2026-09-03T19:39:02.227305Z valid agyw_focus_groups All roles gemma3:4b attempt=1 valid=1754/3600
2026-09-03T19:39:07.817996Z valid parlamint_gb Generalist qwen3:8b attempt=1 valid=1755/3600
2026-09-03T19:39:12.836681Z valid parlamint_gb Fixed role qwen3:8b attempt=1 valid=1756/3600
2026-09-03T19:39:18.439618Z valid parlamint_gb All roles qwen3:8b attempt=1 valid=1757/3600
2026-09-03T19:39:23.606739Z valid parlamint_gb Generalist llama3.1:8b attempt=1 valid=1758/3600
2026-09-03T19:39:28.807464Z valid parlamint_gb Fixed role llama3.1:8b attempt=1 valid=1759/3600
2026-09-03T19:39:34.342756Z valid parlamint_gb All roles llama3.1:8b attempt=1 valid=1760/3600
2026-09-03T19:39:39.502195Z valid parlamint_gb Generalist gemma3:4b attempt=1 valid=1761/3600
2026-09-03T19:39:44.893583Z valid parlamint_gb Fixed role gemma3:4b attempt=1 valid=1762/3600
2026-09-03T19:39:50.523034Z valid parlamint_gb All roles gemma3:4b attempt=1 valid=1763/3600
2026-09-03T19:39:56.971119Z valid dreaddit Generalist qwen3:8b attempt=1 valid=1764/3600
2026-09-03T19:40:00.803640Z valid dreaddit Fixed role qwen3:8b attempt=1 valid=1765/3600
2026-09-03T19:40:07.450353Z valid dreaddit All roles qwen3:8b attempt=1 valid=1766/3600
2026-09-03T19:40:14.136438Z valid dreaddit Generalist llama3.1:8b attempt=1 valid=1767/3600
2026-09-03T19:40:21.413031Z valid dreaddit Fixed role llama3.1:8b attempt=1 valid=1768/3600
2026-09-03T19:40:27.159110Z valid dreaddit All roles llama3.1:8b attempt=1 valid=1769/3600
2026-09-03T19:40:33.666707Z valid dreaddit Generalist gemma3:4b attempt=1 valid=1770/3600
2026-09-03T19:40:40.374244Z valid dreaddit Fixed role gemma3:4b attempt=1 valid=1771/3600
2026-09-03T19:40:46.559398Z valid dreaddit All roles gemma3:4b attempt=1 valid=1772/3600
2026-09-03T19:40:49.906445Z valid goemotions Generalist qwen3:8b attempt=1 valid=1773/3600
2026-09-03T19:40:53.509159Z valid goemotions Fixed role qwen3:8b attempt=1 valid=1774/3600
2026-09-03T19:40:57.332342Z valid goemotions All roles qwen3:8b attempt=1 valid=1775/3600
2026-09-03T19:41:01.002551Z valid goemotions Generalist llama3.1:8b attempt=1 valid=1776/3600
2026-09-03T19:41:04.374153Z valid goemotions Fixed role llama3.1:8b attempt=1 valid=1777/3600
2026-09-03T19:41:08.705970Z valid goemotions All roles llama3.1:8b attempt=1 valid=1778/3600
2026-09-03T19:41:11.839138Z valid goemotions Generalist gemma3:4b attempt=1 valid=1779/3600
2026-09-03T19:41:15.670090Z valid goemotions Fixed role gemma3:4b attempt=1 valid=1780/3600
2026-09-03T19:41:19.499246Z valid goemotions All roles gemma3:4b attempt=1 valid=1781/3600
2026-09-03T19:41:23.916637Z valid agyw_focus_groups Generalist qwen3:8b attempt=1 valid=1782/3600
2026-09-03T19:41:28.636990Z valid agyw_focus_groups Fixed role qwen3:8b attempt=1 valid=1783/3600
2026-09-03T19:41:33.618882Z valid agyw_focus_groups All roles qwen3:8b attempt=1 valid=1784/3600
2026-09-03T19:41:38.498113Z valid agyw_focus_groups Generalist llama3.1:8b attempt=1 valid=1785/3600
2026-09-03T19:41:42.861101Z valid agyw_focus_groups Fixed role llama3.1:8b attempt=1 valid=1786/3600
2026-09-03T19:41:47.765039Z valid agyw_focus_groups All roles llama3.1:8b attempt=1 valid=1787/3600
2026-09-03T19:41:52.265802Z valid agyw_focus_groups Generalist gemma3:4b attempt=1 valid=1788/3600
2026-09-03T19:41:56.671475Z valid agyw_focus_groups Fixed role gemma3:4b attempt=1 valid=1789/3600
2026-09-03T19:42:01.705973Z valid agyw_focus_groups All roles gemma3:4b attempt=1 valid=1790/3600
2026-09-03T19:42:06.916453Z valid parlamint_gb Generalist qwen3:8b attempt=1 valid=1791/3600
2026-09-03T19:42:12.766014Z valid parlamint_gb Fixed role qwen3:8b attempt=1 valid=1792/3600
2026-09-03T19:42:18.239411Z valid parlamint_gb All roles qwen3:8b attempt=1 valid=1793/3600
2026-09-03T19:42:23.118312Z valid parlamint_gb Generalist llama3.1:8b attempt=1 valid=1794/3600
2026-09-03T19:42:28.360026Z valid parlamint_gb Fixed role llama3.1:8b attempt=1 valid=1795/3600
2026-09-03T19:42:34.284219Z valid parlamint_gb All roles llama3.1:8b attempt=1 valid=1796/3600
2026-09-03T19:42:39.516594Z valid parlamint_gb Generalist gemma3:4b attempt=1 valid=1797/3600
2026-09-03T19:42:44.911291Z valid parlamint_gb Fixed role gemma3:4b attempt=1 valid=1798/3600
2026-09-03T19:42:51.225324Z valid parlamint_gb All roles gemma3:4b attempt=1 valid=1799/3600
2026-09-03T19:42:56.912042Z valid dreaddit Generalist qwen3:8b attempt=1 valid=1800/3600
2026-09-03T19:43:01.547014Z valid dreaddit Fixed role qwen3:8b attempt=1 valid=1801/3600
2026-09-03T19:43:06.915166Z valid dreaddit All roles qwen3:8b attempt=1 valid=1802/3600
2026-09-03T19:43:12.684849Z valid dreaddit Generalist llama3.1:8b attempt=1 valid=1803/3600
2026-09-03T19:43:19.169953Z valid dreaddit Fixed role llama3.1:8b attempt=1 valid=1804/3600
2026-09-03T19:43:25.118449Z valid dreaddit All roles llama3.1:8b attempt=1 valid=1805/3600
2026-09-03T19:43:29.924156Z valid dreaddit Generalist gemma3:4b attempt=1 valid=1806/3600
2026-09-03T19:43:34.517584Z valid dreaddit Fixed role gemma3:4b attempt=1 valid=1807/3600
2026-09-03T19:43:40.206705Z valid dreaddit All roles gemma3:4b attempt=1 valid=1808/3600
2026-09-03T19:43:44.183760Z valid goemotions Generalist qwen3:8b attempt=1 valid=1809/3600
2026-09-03T19:43:47.828527Z valid goemotions Fixed role qwen3:8b attempt=1 valid=1810/3600
2026-09-03T19:43:51.394852Z valid goemotions All roles qwen3:8b attempt=1 valid=1811/3600
2026-09-03T19:43:55.710154Z valid goemotions Generalist llama3.1:8b attempt=1 valid=1812/3600
2026-09-03T19:43:59.640433Z valid goemotions Fixed role llama3.1:8b attempt=1 valid=1813/3600
2026-09-03T19:44:03.810595Z valid goemotions All roles llama3.1:8b attempt=1 valid=1814/3600
2026-09-03T19:44:08.077692Z valid goemotions Generalist gemma3:4b attempt=1 valid=1815/3600
2026-09-03T19:44:12.214781Z valid goemotions Fixed role gemma3:4b attempt=1 valid=1816/3600
2026-09-03T19:44:17.262471Z valid goemotions All roles gemma3:4b attempt=1 valid=1817/3600
2026-09-03T19:44:21.798782Z valid agyw_focus_groups Generalist qwen3:8b attempt=1 valid=1818/3600
2026-09-03T19:44:26.105250Z valid agyw_focus_groups Fixed role qwen3:8b attempt=1 valid=1819/3600
2026-09-03T19:44:30.714067Z valid agyw_focus_groups All roles qwen3:8b attempt=1 valid=1820/3600
2026-09-03T19:44:35.370048Z valid agyw_focus_groups Generalist llama3.1:8b attempt=1 valid=1821/3600
2026-09-03T19:44:40.360489Z valid agyw_focus_groups Fixed role llama3.1:8b attempt=1 valid=1822/3600
2026-09-03T19:44:45.512729Z valid agyw_focus_groups All roles llama3.1:8b attempt=1 valid=1823/3600
2026-09-03T19:44:50.984481Z valid agyw_focus_groups Generalist gemma3:4b attempt=1 valid=1824/3600
2026-09-03T19:44:55.951282Z valid agyw_focus_groups Fixed role gemma3:4b attempt=1 valid=1825/3600
2026-09-03T19:45:01.250498Z valid agyw_focus_groups All roles gemma3:4b attempt=1 valid=1826/3600
2026-09-03T19:45:07.057781Z valid parlamint_gb Generalist qwen3:8b attempt=1 valid=1827/3600
2026-09-03T19:45:12.523307Z valid parlamint_gb Fixed role qwen3:8b attempt=1 valid=1828/3600
2026-09-03T19:45:19.073491Z valid parlamint_gb All roles qwen3:8b attempt=1 valid=1829/3600
2026-09-03T19:45:24.788999Z valid parlamint_gb Generalist llama3.1:8b attempt=1 valid=1830/3600
2026-09-03T19:45:30.427932Z valid parlamint_gb Fixed role llama3.1:8b attempt=1 valid=1831/3600
2026-09-03T19:45:37.113619Z valid parlamint_gb All roles llama3.1:8b attempt=1 valid=1832/3600
2026-09-03T19:45:43.331177Z valid parlamint_gb Generalist gemma3:4b attempt=1 valid=1833/3600
2026-09-03T19:45:49.321334Z valid parlamint_gb Fixed role gemma3:4b attempt=1 valid=1834/3600
2026-09-03T19:45:56.486628Z valid parlamint_gb All roles gemma3:4b attempt=1 valid=1835/3600
2026-09-03T19:46:01.184601Z valid dreaddit Generalist qwen3:8b attempt=1 valid=1836/3600
2026-09-03T19:46:05.798759Z valid dreaddit Fixed role qwen3:8b attempt=1 valid=1837/3600
2026-09-03T19:46:11.389660Z valid dreaddit All roles qwen3:8b attempt=1 valid=1838/3600
2026-09-03T19:46:16.008060Z valid dreaddit Generalist llama3.1:8b attempt=1 valid=1839/3600
2026-09-03T19:46:20.424727Z valid dreaddit Fixed role llama3.1:8b attempt=1 valid=1840/3600
2026-09-03T19:46:26.134788Z valid dreaddit All roles llama3.1:8b attempt=1 valid=1841/3600
2026-09-03T19:46:30.654436Z valid dreaddit Generalist gemma3:4b attempt=1 valid=1842/3600
2026-09-03T19:46:35.607964Z valid dreaddit Fixed role gemma3:4b attempt=1 valid=1843/3600
2026-09-03T19:46:41.530788Z valid dreaddit All roles gemma3:4b attempt=1 valid=1844/3600
2026-09-03T19:46:45.163120Z valid goemotions Generalist qwen3:8b attempt=1 valid=1845/3600
2026-09-03T19:46:49.455946Z valid goemotions Fixed role qwen3:8b attempt=1 valid=1846/3600
2026-09-03T19:46:53.239076Z valid goemotions All roles qwen3:8b attempt=1 valid=1847/3600
2026-09-03T19:46:56.355595Z valid goemotions Generalist llama3.1:8b attempt=1 valid=1848/3600
2026-09-03T19:46:59.674600Z valid goemotions Fixed role llama3.1:8b attempt=1 valid=1849/3600
2026-09-03T19:47:03.702074Z valid goemotions All roles llama3.1:8b attempt=1 valid=1850/3600
2026-09-03T19:47:07.347137Z valid goemotions Generalist gemma3:4b attempt=1 valid=1851/3600
2026-09-03T19:47:10.914551Z valid goemotions Fixed role gemma3:4b attempt=1 valid=1852/3600
2026-09-03T19:47:14.833765Z valid goemotions All roles gemma3:4b attempt=1 valid=1853/3600
2026-09-03T19:47:19.622604Z valid agyw_focus_groups Generalist qwen3:8b attempt=1 valid=1854/3600
2026-09-03T19:47:24.327219Z valid agyw_focus_groups Fixed role qwen3:8b attempt=1 valid=1855/3600
2026-09-03T19:47:29.028487Z valid agyw_focus_groups All roles qwen3:8b attempt=1 valid=1856/3600
2026-09-03T19:47:33.295565Z valid agyw_focus_groups Generalist llama3.1:8b attempt=1 valid=1857/3600
2026-09-03T19:47:35.912365Z valid agyw_focus_groups Fixed role llama3.1:8b attempt=1 valid=1858/3600
2026-09-03T19:47:40.912844Z valid agyw_focus_groups All roles llama3.1:8b attempt=1 valid=1859/3600
2026-09-03T19:47:45.945941Z valid agyw_focus_groups Generalist gemma3:4b attempt=1 valid=1860/3600
2026-09-03T19:47:50.875452Z valid agyw_focus_groups Fixed role gemma3:4b attempt=1 valid=1861/3600
2026-09-03T19:47:58.266714Z valid agyw_focus_groups All roles gemma3:4b attempt=1 valid=1862/3600
2026-09-03T19:48:03.031093Z valid parlamint_gb Generalist qwen3:8b attempt=1 valid=1863/3600
2026-09-03T19:48:07.789320Z valid parlamint_gb Fixed role qwen3:8b attempt=1 valid=1864/3600
2026-09-03T19:48:12.708564Z valid parlamint_gb All roles qwen3:8b attempt=1 valid=1865/3600
2026-09-03T19:48:17.452876Z valid parlamint_gb Generalist llama3.1:8b attempt=1 valid=1866/3600
2026-09-03T19:48:22.006613Z valid parlamint_gb Fixed role llama3.1:8b attempt=1 valid=1867/3600
2026-09-03T19:48:27.192653Z valid parlamint_gb All roles llama3.1:8b attempt=1 valid=1868/3600
2026-09-03T19:48:32.143792Z valid parlamint_gb Generalist gemma3:4b attempt=1 valid=1869/3600
2026-09-03T19:48:36.898643Z valid parlamint_gb Fixed role gemma3:4b attempt=1 valid=1870/3600
2026-09-03T19:48:42.023053Z valid parlamint_gb All roles gemma3:4b attempt=1 valid=1871/3600
2026-09-03T19:48:47.994821Z valid dreaddit Generalist qwen3:8b attempt=1 valid=1872/3600
2026-09-03T19:48:53.415783Z valid dreaddit Fixed role qwen3:8b attempt=1 valid=1873/3600
2026-09-03T19:48:59.349307Z valid dreaddit All roles qwen3:8b attempt=1 valid=1874/3600
2026-09-03T19:49:05.960780Z valid dreaddit Generalist llama3.1:8b attempt=1 valid=1875/3600
2026-09-03T19:49:12.683779Z valid dreaddit Fixed role llama3.1:8b attempt=1 valid=1876/3600
2026-09-03T19:49:19.416203Z schema_error dreaddit All roles llama3.1:8b attempt=1 valid=1876/3600
2026-09-03T19:49:23.596831Z schema_error dreaddit All roles llama3.1:8b attempt=2 valid=1876/3600
2026-09-03T19:49:27.814175Z schema_error dreaddit All roles llama3.1:8b attempt=3 valid=1876/3600
2026-09-03T19:49:34.581434Z valid dreaddit Generalist gemma3:4b attempt=1 valid=1877/3600
2026-09-03T19:49:41.251004Z valid dreaddit Fixed role gemma3:4b attempt=1 valid=1878/3600
2026-09-03T19:49:47.954783Z valid dreaddit All roles gemma3:4b attempt=1 valid=1879/3600
2026-09-03T19:49:51.722893Z valid goemotions Generalist qwen3:8b attempt=1 valid=1880/3600
2026-09-03T19:49:55.104776Z valid goemotions Fixed role qwen3:8b attempt=1 valid=1881/3600
2026-09-03T19:49:59.073607Z valid goemotions All roles qwen3:8b attempt=1 valid=1882/3600
2026-09-03T19:50:02.560062Z valid goemotions Generalist llama3.1:8b attempt=1 valid=1883/3600
2026-09-03T19:50:06.412622Z valid goemotions Fixed role llama3.1:8b attempt=1 valid=1884/3600
2026-09-03T19:50:11.297680Z valid goemotions All roles llama3.1:8b attempt=1 valid=1885/3600
2026-09-03T19:50:14.863792Z valid goemotions Generalist gemma3:4b attempt=1 valid=1886/3600
2026-09-03T19:50:18.594691Z valid goemotions Fixed role gemma3:4b attempt=1 valid=1887/3600
2026-09-03T19:50:22.705460Z valid goemotions All roles gemma3:4b attempt=1 valid=1888/3600
2026-09-03T19:50:26.712931Z valid agyw_focus_groups Generalist qwen3:8b attempt=1 valid=1889/3600
2026-09-03T19:50:30.736507Z valid agyw_focus_groups Fixed role qwen3:8b attempt=1 valid=1890/3600
2026-09-03T19:50:35.330492Z valid agyw_focus_groups All roles qwen3:8b attempt=1 valid=1891/3600
2026-09-03T19:50:40.446058Z valid agyw_focus_groups Generalist llama3.1:8b attempt=1 valid=1892/3600
2026-09-03T19:50:44.546468Z valid agyw_focus_groups Fixed role llama3.1:8b attempt=1 valid=1893/3600
2026-09-03T19:50:48.896308Z valid agyw_focus_groups All roles llama3.1:8b attempt=1 valid=1894/3600
2026-09-03T19:50:54.214556Z valid agyw_focus_groups Generalist gemma3:4b attempt=1 valid=1895/3600
2026-09-03T19:50:59.467383Z valid agyw_focus_groups Fixed role gemma3:4b attempt=1 valid=1896/3600
2026-09-03T19:51:04.678086Z valid agyw_focus_groups All roles gemma3:4b attempt=1 valid=1897/3600
2026-09-03T19:51:09.530804Z valid parlamint_gb Generalist qwen3:8b attempt=1 valid=1898/3600
2026-09-03T19:51:11.529770Z valid parlamint_gb Fixed role qwen3:8b attempt=1 valid=1899/3600
2026-09-03T19:51:17.500722Z valid parlamint_gb All roles qwen3:8b attempt=1 valid=1900/3600
2026-09-03T19:51:22.265040Z valid parlamint_gb Generalist llama3.1:8b attempt=1 valid=1901/3600
2026-09-03T19:51:27.332481Z valid parlamint_gb Fixed role llama3.1:8b attempt=1 valid=1902/3600
2026-09-03T19:51:33.029981Z valid parlamint_gb All roles llama3.1:8b attempt=1 valid=1903/3600
2026-09-03T19:51:37.944032Z valid parlamint_gb Generalist gemma3:4b attempt=1 valid=1904/3600
2026-09-03T19:51:42.747960Z valid parlamint_gb Fixed role gemma3:4b attempt=1 valid=1905/3600
2026-09-03T19:51:48.845826Z valid parlamint_gb All roles gemma3:4b attempt=1 valid=1906/3600
2026-09-03T19:51:53.923715Z valid dreaddit Generalist qwen3:8b attempt=1 valid=1907/3600
2026-09-03T19:51:58.715165Z valid dreaddit Fixed role qwen3:8b attempt=1 valid=1908/3600
2026-09-03T19:52:04.315920Z valid dreaddit All roles qwen3:8b attempt=1 valid=1909/3600
2026-09-03T19:52:10.428576Z valid dreaddit Generalist llama3.1:8b attempt=1 valid=1910/3600
2026-09-03T19:52:15.878787Z valid dreaddit Fixed role llama3.1:8b attempt=1 valid=1911/3600
2026-09-03T19:52:21.829553Z valid dreaddit All roles llama3.1:8b attempt=1 valid=1912/3600
2026-09-03T19:52:26.838390Z valid dreaddit Generalist gemma3:4b attempt=1 valid=1913/3600
2026-09-03T19:52:32.317594Z valid dreaddit Fixed role gemma3:4b attempt=1 valid=1914/3600
2026-09-03T19:52:37.919254Z valid dreaddit All roles gemma3:4b attempt=1 valid=1915/3600
2026-09-03T19:52:41.537919Z valid goemotions Generalist qwen3:8b attempt=1 valid=1916/3600
2026-09-03T19:52:44.768134Z valid goemotions Fixed role qwen3:8b attempt=1 valid=1917/3600
2026-09-03T19:52:48.594547Z valid goemotions All roles qwen3:8b attempt=1 valid=1918/3600
2026-09-03T19:52:52.116823Z valid goemotions Generalist llama3.1:8b attempt=1 valid=1919/3600
2026-09-03T19:52:55.382441Z valid goemotions Fixed role llama3.1:8b attempt=1 valid=1920/3600
2026-09-03T19:52:59.136957Z valid goemotions All roles llama3.1:8b attempt=1 valid=1921/3600
2026-09-03T19:53:02.418363Z valid goemotions Generalist gemma3:4b attempt=1 valid=1922/3600
2026-09-03T19:53:05.574092Z valid goemotions Fixed role gemma3:4b attempt=1 valid=1923/3600
2026-09-03T19:53:10.034380Z valid goemotions All roles gemma3:4b attempt=1 valid=1924/3600
2026-09-03T19:53:13.446275Z valid agyw_focus_groups Generalist qwen3:8b attempt=1 valid=1925/3600
2026-09-03T19:53:16.872424Z valid agyw_focus_groups Fixed role qwen3:8b attempt=1 valid=1926/3600
2026-09-03T19:53:21.083961Z valid agyw_focus_groups All roles qwen3:8b attempt=1 valid=1927/3600
2026-09-03T19:53:24.494733Z valid agyw_focus_groups Generalist llama3.1:8b attempt=1 valid=1928/3600
2026-09-03T19:53:28.050122Z valid agyw_focus_groups Fixed role llama3.1:8b attempt=1 valid=1929/3600
2026-09-03T19:53:33.155809Z valid agyw_focus_groups All roles llama3.1:8b attempt=1 valid=1930/3600
2026-09-03T19:53:37.647514Z valid agyw_focus_groups Generalist gemma3:4b attempt=1 valid=1931/3600
2026-09-03T19:53:42.172818Z valid agyw_focus_groups Fixed role gemma3:4b attempt=1 valid=1932/3600
2026-09-03T19:53:47.153410Z valid agyw_focus_groups All roles gemma3:4b attempt=1 valid=1933/3600
2026-09-03T19:53:55.702841Z valid parlamint_gb Generalist qwen3:8b attempt=1 valid=1934/3600
2026-09-03T19:54:05.096688Z valid parlamint_gb Fixed role qwen3:8b attempt=1 valid=1935/3600
2026-09-03T19:54:15.368992Z valid parlamint_gb All roles qwen3:8b attempt=1 valid=1936/3600
2026-09-03T19:54:23.769953Z valid parlamint_gb Generalist llama3.1:8b attempt=1 valid=1937/3600
2026-09-03T19:54:32.447977Z valid parlamint_gb Fixed role llama3.1:8b attempt=1 valid=1938/3600
2026-09-03T19:54:41.667618Z valid parlamint_gb All roles llama3.1:8b attempt=1 valid=1939/3600
2026-09-03T19:54:50.695086Z valid parlamint_gb Generalist gemma3:4b attempt=1 valid=1940/3600
2026-09-03T19:55:01.403529Z valid parlamint_gb Fixed role gemma3:4b attempt=1 valid=1941/3600
2026-09-03T19:55:11.805667Z valid parlamint_gb All roles gemma3:4b attempt=1 valid=1942/3600
2026-09-03T19:55:17.575628Z valid dreaddit Generalist qwen3:8b attempt=1 valid=1943/3600
2026-09-03T19:55:22.173738Z valid dreaddit Fixed role qwen3:8b attempt=1 valid=1944/3600
2026-09-03T19:55:27.331243Z valid dreaddit All roles qwen3:8b attempt=1 valid=1945/3600
2026-09-03T19:55:33.890873Z valid dreaddit Generalist llama3.1:8b attempt=1 valid=1946/3600
2026-09-03T19:55:39.729244Z valid dreaddit Fixed role llama3.1:8b attempt=1 valid=1947/3600
2026-09-03T19:55:45.451630Z valid dreaddit All roles llama3.1:8b attempt=1 valid=1948/3600
2026-09-03T19:55:51.603329Z valid dreaddit Generalist gemma3:4b attempt=1 valid=1949/3600
2026-09-03T19:55:57.924536Z valid dreaddit Fixed role gemma3:4b attempt=1 valid=1950/3600
2026-09-03T19:56:04.215226Z valid dreaddit All roles gemma3:4b attempt=1 valid=1951/3600
2026-09-03T19:56:08.344926Z valid goemotions Generalist qwen3:8b attempt=1 valid=1952/3600
2026-09-03T19:56:12.778848Z valid goemotions Fixed role qwen3:8b attempt=1 valid=1953/3600
2026-09-03T19:56:17.534190Z valid goemotions All roles qwen3:8b attempt=1 valid=1954/3600
2026-09-03T19:56:21.766975Z valid goemotions Generalist llama3.1:8b attempt=1 valid=1955/3600
2026-09-03T19:56:26.077802Z valid goemotions Fixed role llama3.1:8b attempt=1 valid=1956/3600
2026-09-03T19:56:30.209035Z schema_error goemotions All roles llama3.1:8b attempt=1 valid=1956/3600
2026-09-03T19:56:33.432540Z schema_error goemotions All roles llama3.1:8b attempt=2 valid=1956/3600
2026-09-03T19:56:36.649186Z schema_error goemotions All roles llama3.1:8b attempt=3 valid=1956/3600
2026-09-03T19:56:40.588147Z valid goemotions Generalist gemma3:4b attempt=1 valid=1957/3600
2026-09-03T19:56:44.683505Z valid goemotions Fixed role gemma3:4b attempt=1 valid=1958/3600
2026-09-03T19:56:48.959544Z valid goemotions All roles gemma3:4b attempt=1 valid=1959/3600
2026-09-03T19:56:54.038487Z valid agyw_focus_groups Generalist qwen3:8b attempt=1 valid=1960/3600
2026-09-03T19:56:58.609789Z valid agyw_focus_groups Fixed role qwen3:8b attempt=1 valid=1961/3600
2026-09-03T19:57:03.654597Z valid agyw_focus_groups All roles qwen3:8b attempt=1 valid=1962/3600
2026-09-03T19:57:08.947225Z valid agyw_focus_groups Generalist llama3.1:8b attempt=1 valid=1963/3600
2026-09-03T19:57:14.209400Z valid agyw_focus_groups Fixed role llama3.1:8b attempt=1 valid=1964/3600
2026-09-03T19:57:19.063759Z valid agyw_focus_groups All roles llama3.1:8b attempt=1 valid=1965/3600
2026-09-03T19:57:23.382613Z valid agyw_focus_groups Generalist gemma3:4b attempt=1 valid=1966/3600
2026-09-03T19:57:28.102734Z valid agyw_focus_groups Fixed role gemma3:4b attempt=1 valid=1967/3600
2026-09-03T19:57:33.101649Z valid agyw_focus_groups All roles gemma3:4b attempt=1 valid=1968/3600
2026-09-03T19:57:38.135809Z valid parlamint_gb Generalist qwen3:8b attempt=1 valid=1969/3600
2026-09-03T19:57:42.499476Z valid parlamint_gb Fixed role qwen3:8b attempt=1 valid=1970/3600
2026-09-03T19:57:47.169331Z valid parlamint_gb All roles qwen3:8b attempt=1 valid=1971/3600
2026-09-03T19:57:52.086696Z valid parlamint_gb Generalist llama3.1:8b attempt=1 valid=1972/3600
2026-09-03T19:57:57.153807Z valid parlamint_gb Fixed role llama3.1:8b attempt=1 valid=1973/3600
2026-09-03T19:58:02.236616Z valid parlamint_gb All roles llama3.1:8b attempt=1 valid=1974/3600
2026-09-03T19:58:06.798657Z valid parlamint_gb Generalist gemma3:4b attempt=1 valid=1975/3600
2026-09-03T19:58:11.628200Z valid parlamint_gb Fixed role gemma3:4b attempt=1 valid=1976/3600
2026-09-03T19:58:16.839950Z valid parlamint_gb All roles gemma3:4b attempt=1 valid=1977/3600
2026-09-03T19:58:21.082337Z valid dreaddit Generalist qwen3:8b attempt=1 valid=1978/3600
2026-09-03T19:58:25.223228Z valid dreaddit Fixed role qwen3:8b attempt=1 valid=1979/3600
2026-09-03T19:58:30.137771Z valid dreaddit All roles qwen3:8b attempt=1 valid=1980/3600
2026-09-03T19:58:34.772023Z valid dreaddit Generalist llama3.1:8b attempt=1 valid=1981/3600
2026-09-03T19:58:39.338058Z valid dreaddit Fixed role llama3.1:8b attempt=1 valid=1982/3600
2026-09-03T19:58:43.968250Z valid dreaddit All roles llama3.1:8b attempt=1 valid=1983/3600
2026-09-03T19:58:48.239355Z valid dreaddit Generalist gemma3:4b attempt=1 valid=1984/3600
2026-09-03T19:58:52.918944Z valid dreaddit Fixed role gemma3:4b attempt=1 valid=1985/3600
2026-09-03T19:58:58.059969Z valid dreaddit All roles gemma3:4b attempt=1 valid=1986/3600
2026-09-03T19:59:01.431806Z valid goemotions Generalist qwen3:8b attempt=1 valid=1987/3600
2026-09-03T19:59:04.722357Z valid goemotions Fixed role qwen3:8b attempt=1 valid=1988/3600
2026-09-03T19:59:08.311899Z valid goemotions All roles qwen3:8b attempt=1 valid=1989/3600
2026-09-03T19:59:11.968169Z valid goemotions Generalist llama3.1:8b attempt=1 valid=1990/3600
2026-09-03T19:59:15.440939Z valid goemotions Fixed role llama3.1:8b attempt=1 valid=1991/3600
2026-09-03T19:59:19.866671Z valid goemotions All roles llama3.1:8b attempt=1 valid=1992/3600
2026-09-03T19:59:23.941207Z valid goemotions Generalist gemma3:4b attempt=1 valid=1993/3600
2026-09-03T19:59:27.632302Z valid goemotions Fixed role gemma3:4b attempt=1 valid=1994/3600
2026-09-03T19:59:31.759009Z valid goemotions All roles gemma3:4b attempt=1 valid=1995/3600
2026-09-03T19:59:35.864812Z valid agyw_focus_groups Generalist qwen3:8b attempt=1 valid=1996/3600
2026-09-03T19:59:39.684743Z valid agyw_focus_groups Fixed role qwen3:8b attempt=1 valid=1997/3600
2026-09-03T19:59:44.607086Z valid agyw_focus_groups All roles qwen3:8b attempt=1 valid=1998/3600
2026-09-03T19:59:48.615334Z valid agyw_focus_groups Generalist llama3.1:8b attempt=1 valid=1999/3600
2026-09-03T19:59:53.030384Z valid agyw_focus_groups Fixed role llama3.1:8b attempt=1 valid=2000/3600
2026-09-03T19:59:57.970231Z valid agyw_focus_groups All roles llama3.1:8b attempt=1 valid=2001/3600
2026-09-03T20:00:03.385213Z valid agyw_focus_groups Generalist gemma3:4b attempt=1 valid=2002/3600
2026-09-03T20:00:07.628885Z valid agyw_focus_groups Fixed role gemma3:4b attempt=1 valid=2003/3600
2026-09-03T20:00:12.766121Z valid agyw_focus_groups All roles gemma3:4b attempt=1 valid=2004/3600
2026-09-03T20:00:17.918659Z valid parlamint_gb Generalist qwen3:8b attempt=1 valid=2005/3600
2026-09-03T20:00:22.825844Z valid parlamint_gb Fixed role qwen3:8b attempt=1 valid=2006/3600
2026-09-03T20:00:28.604854Z valid parlamint_gb All roles qwen3:8b attempt=1 valid=2007/3600
2026-09-03T20:00:33.948614Z valid parlamint_gb Generalist llama3.1:8b attempt=1 valid=2008/3600
2026-09-03T20:00:38.993366Z valid parlamint_gb Fixed role llama3.1:8b attempt=1 valid=2009/3600
2026-09-03T20:00:45.136313Z valid parlamint_gb All roles llama3.1:8b attempt=1 valid=2010/3600
2026-09-03T20:00:51.230127Z valid parlamint_gb Generalist gemma3:4b attempt=1 valid=2011/3600
2026-09-03T20:00:56.255104Z valid parlamint_gb Fixed role gemma3:4b attempt=1 valid=2012/3600
2026-09-03T20:01:01.667570Z valid parlamint_gb All roles gemma3:4b attempt=1 valid=2013/3600
2026-09-03T20:01:07.557827Z valid dreaddit Generalist qwen3:8b attempt=1 valid=2014/3600
2026-09-03T20:01:12.267598Z valid dreaddit Fixed role qwen3:8b attempt=1 valid=2015/3600
2026-09-03T20:01:17.606299Z valid dreaddit All roles qwen3:8b attempt=1 valid=2016/3600
2026-09-03T20:01:22.022614Z valid dreaddit Generalist llama3.1:8b attempt=1 valid=2017/3600
2026-09-03T20:01:26.009224Z valid dreaddit Fixed role llama3.1:8b attempt=1 valid=2018/3600
2026-09-03T20:01:31.581910Z valid dreaddit All roles llama3.1:8b attempt=1 valid=2019/3600
2026-09-03T20:01:36.783397Z valid dreaddit Generalist gemma3:4b attempt=1 valid=2020/3600
2026-09-03T20:01:41.474040Z valid dreaddit Fixed role gemma3:4b attempt=1 valid=2021/3600
2026-09-03T20:01:46.377085Z valid dreaddit All roles gemma3:4b attempt=1 valid=2022/3600
2026-09-03T20:01:49.730566Z valid goemotions Generalist qwen3:8b attempt=1 valid=2023/3600
2026-09-03T20:01:52.971195Z valid goemotions Fixed role qwen3:8b attempt=1 valid=2024/3600
2026-09-03T20:01:57.196486Z valid goemotions All roles qwen3:8b attempt=1 valid=2025/3600
2026-09-03T20:02:00.422132Z valid goemotions Generalist llama3.1:8b attempt=1 valid=2026/3600
2026-09-03T20:02:04.771490Z valid goemotions Fixed role llama3.1:8b attempt=1 valid=2027/3600
2026-09-03T20:02:08.625285Z valid goemotions All roles llama3.1:8b attempt=1 valid=2028/3600
2026-09-03T20:02:12.111698Z valid goemotions Generalist gemma3:4b attempt=1 valid=2029/3600
2026-09-03T20:02:15.829622Z valid goemotions Fixed role gemma3:4b attempt=1 valid=2030/3600
2026-09-03T20:02:19.806808Z valid goemotions All roles gemma3:4b attempt=1 valid=2031/3600
2026-09-03T20:02:23.665057Z valid agyw_focus_groups Generalist qwen3:8b attempt=1 valid=2032/3600
2026-09-03T20:02:27.644621Z valid agyw_focus_groups Fixed role qwen3:8b attempt=1 valid=2033/3600
2026-09-03T20:02:31.926724Z valid agyw_focus_groups All roles qwen3:8b attempt=1 valid=2034/3600
2026-09-03T20:02:35.870725Z valid agyw_focus_groups Generalist llama3.1:8b attempt=1 valid=2035/3600
2026-09-03T20:02:40.073482Z valid agyw_focus_groups Fixed role llama3.1:8b attempt=1 valid=2036/3600
2026-09-03T20:02:44.969800Z valid agyw_focus_groups All roles llama3.1:8b attempt=1 valid=2037/3600
2026-09-03T20:02:48.836627Z valid agyw_focus_groups Generalist gemma3:4b attempt=1 valid=2038/3600
2026-09-03T20:02:52.645024Z valid agyw_focus_groups Fixed role gemma3:4b attempt=1 valid=2039/3600
2026-09-03T20:02:57.594091Z valid agyw_focus_groups All roles gemma3:4b attempt=1 valid=2040/3600
2026-09-03T20:03:02.868840Z valid parlamint_gb Generalist qwen3:8b attempt=1 valid=2041/3600
2026-09-03T20:03:07.338775Z valid parlamint_gb Fixed role qwen3:8b attempt=1 valid=2042/3600
2026-09-03T20:03:12.619677Z valid parlamint_gb All roles qwen3:8b attempt=1 valid=2043/3600
2026-09-03T20:03:17.249635Z valid parlamint_gb Generalist llama3.1:8b attempt=1 valid=2044/3600
2026-09-03T20:03:21.695723Z valid parlamint_gb Fixed role llama3.1:8b attempt=1 valid=2045/3600
2026-09-03T20:03:26.798038Z valid parlamint_gb All roles llama3.1:8b attempt=1 valid=2046/3600
2026-09-03T20:03:31.288022Z valid parlamint_gb Generalist gemma3:4b attempt=1 valid=2047/3600
2026-09-03T20:03:35.699883Z valid parlamint_gb Fixed role gemma3:4b attempt=1 valid=2048/3600
2026-09-03T20:03:40.892508Z valid parlamint_gb All roles gemma3:4b attempt=1 valid=2049/3600
2026-09-03T20:03:45.138271Z valid dreaddit Generalist qwen3:8b attempt=1 valid=2050/3600
2026-09-03T20:03:49.467398Z valid dreaddit Fixed role qwen3:8b attempt=1 valid=2051/3600
2026-09-03T20:03:54.559747Z valid dreaddit All roles qwen3:8b attempt=1 valid=2052/3600
2026-09-03T20:03:58.579605Z valid dreaddit Generalist llama3.1:8b attempt=1 valid=2053/3600
2026-09-03T20:04:02.606949Z valid dreaddit Fixed role llama3.1:8b attempt=1 valid=2054/3600
2026-09-03T20:04:06.941074Z valid dreaddit All roles llama3.1:8b attempt=1 valid=2055/3600
2026-09-03T20:04:11.381315Z valid dreaddit Generalist gemma3:4b attempt=1 valid=2056/3600
2026-09-03T20:04:15.614166Z valid dreaddit Fixed role gemma3:4b attempt=1 valid=2057/3600
2026-09-03T20:04:21.094635Z valid dreaddit All roles gemma3:4b attempt=1 valid=2058/3600
2026-09-03T20:04:24.624847Z valid goemotions Generalist qwen3:8b attempt=1 valid=2059/3600
2026-09-03T20:04:27.934645Z valid goemotions Fixed role qwen3:8b attempt=1 valid=2060/3600
2026-09-03T20:04:32.005863Z valid goemotions All roles qwen3:8b attempt=1 valid=2061/3600
2026-09-03T20:04:35.445585Z valid goemotions Generalist llama3.1:8b attempt=1 valid=2062/3600
2026-09-03T20:04:39.193644Z valid goemotions Fixed role llama3.1:8b attempt=1 valid=2063/3600
2026-09-03T20:04:43.124277Z valid goemotions All roles llama3.1:8b attempt=1 valid=2064/3600
2026-09-03T20:04:46.865639Z valid goemotions Generalist gemma3:4b attempt=1 valid=2065/3600
2026-09-03T20:04:51.467257Z valid goemotions Fixed role gemma3:4b attempt=1 valid=2066/3600
2026-09-03T20:04:55.538362Z valid goemotions All roles gemma3:4b attempt=1 valid=2067/3600
2026-09-03T20:04:59.732369Z valid agyw_focus_groups Generalist qwen3:8b attempt=1 valid=2068/3600
2026-09-03T20:05:03.693391Z valid agyw_focus_groups Fixed role qwen3:8b attempt=1 valid=2069/3600
2026-09-03T20:05:08.263448Z valid agyw_focus_groups All roles qwen3:8b attempt=1 valid=2070/3600
2026-09-03T20:05:12.229067Z valid agyw_focus_groups Generalist llama3.1:8b attempt=1 valid=2071/3600
2026-09-03T20:05:16.132893Z valid agyw_focus_groups Fixed role llama3.1:8b attempt=1 valid=2072/3600
2026-09-03T20:05:20.455838Z valid agyw_focus_groups All roles llama3.1:8b attempt=1 valid=2073/3600
2026-09-03T20:05:24.432121Z valid agyw_focus_groups Generalist gemma3:4b attempt=1 valid=2074/3600
2026-09-03T20:05:27.948465Z valid agyw_focus_groups Fixed role gemma3:4b attempt=1 valid=2075/3600
2026-09-03T20:05:32.681883Z valid agyw_focus_groups All roles gemma3:4b attempt=1 valid=2076/3600
2026-09-03T20:05:38.159504Z valid parlamint_gb Generalist qwen3:8b attempt=1 valid=2077/3600
2026-09-03T20:05:43.658778Z valid parlamint_gb Fixed role qwen3:8b attempt=1 valid=2078/3600
2026-09-03T20:05:49.415841Z valid parlamint_gb All roles qwen3:8b attempt=1 valid=2079/3600
2026-09-03T20:05:54.140514Z valid parlamint_gb Generalist llama3.1:8b attempt=1 valid=2080/3600
2026-09-03T20:05:58.683649Z valid parlamint_gb Fixed role llama3.1:8b attempt=1 valid=2081/3600
2026-09-03T20:06:03.786333Z valid parlamint_gb All roles llama3.1:8b attempt=1 valid=2082/3600
2026-09-03T20:06:08.746631Z valid parlamint_gb Generalist gemma3:4b attempt=1 valid=2083/3600
2026-09-03T20:06:13.351102Z valid parlamint_gb Fixed role gemma3:4b attempt=1 valid=2084/3600
2026-09-03T20:06:19.004535Z valid parlamint_gb All roles gemma3:4b attempt=1 valid=2085/3600
2026-09-03T20:06:23.972358Z valid dreaddit Generalist qwen3:8b attempt=1 valid=2086/3600
2026-09-03T20:06:28.627065Z valid dreaddit Fixed role qwen3:8b attempt=1 valid=2087/3600
2026-09-03T20:06:33.384852Z valid dreaddit All roles qwen3:8b attempt=1 valid=2088/3600
2026-09-03T20:06:39.046736Z valid dreaddit Generalist llama3.1:8b attempt=1 valid=2089/3600
2026-09-03T20:06:45.055719Z valid dreaddit Fixed role llama3.1:8b attempt=1 valid=2090/3600
2026-09-03T20:06:50.704091Z valid dreaddit All roles llama3.1:8b attempt=1 valid=2091/3600
2026-09-03T20:06:56.802952Z valid dreaddit Generalist gemma3:4b attempt=1 valid=2092/3600
2026-09-03T20:07:02.149748Z valid dreaddit Fixed role gemma3:4b attempt=1 valid=2093/3600
2026-09-03T20:07:08.580483Z valid dreaddit All roles gemma3:4b attempt=1 valid=2094/3600
2026-09-03T20:07:12.582157Z valid goemotions Generalist qwen3:8b attempt=1 valid=2095/3600
2026-09-03T20:07:16.216724Z valid goemotions Fixed role qwen3:8b attempt=1 valid=2096/3600
2026-09-03T20:07:20.985466Z valid goemotions All roles qwen3:8b attempt=1 valid=2097/3600
2026-09-03T20:07:24.939185Z valid goemotions Generalist llama3.1:8b attempt=1 valid=2098/3600
2026-09-03T20:07:28.253513Z valid goemotions Fixed role llama3.1:8b attempt=1 valid=2099/3600
2026-09-03T20:07:33.336406Z valid goemotions All roles llama3.1:8b attempt=1 valid=2100/3600
2026-09-03T20:07:37.078117Z valid goemotions Generalist gemma3:4b attempt=1 valid=2101/3600
2026-09-03T20:07:41.204059Z valid goemotions Fixed role gemma3:4b attempt=1 valid=2102/3600
2026-09-03T20:07:45.492694Z valid goemotions All roles gemma3:4b attempt=1 valid=2103/3600
2026-09-03T20:07:50.153015Z valid agyw_focus_groups Generalist qwen3:8b attempt=1 valid=2104/3600
2026-09-03T20:07:54.610804Z valid agyw_focus_groups Fixed role qwen3:8b attempt=1 valid=2105/3600
2026-09-03T20:07:58.913755Z valid agyw_focus_groups All roles qwen3:8b attempt=1 valid=2106/3600
2026-09-03T20:08:02.989019Z valid agyw_focus_groups Generalist llama3.1:8b attempt=1 valid=2107/3600
2026-09-03T20:08:07.115702Z valid agyw_focus_groups Fixed role llama3.1:8b attempt=1 valid=2108/3600
2026-09-03T20:08:12.070208Z valid agyw_focus_groups All roles llama3.1:8b attempt=1 valid=2109/3600
2026-09-03T20:08:15.866513Z valid agyw_focus_groups Generalist gemma3:4b attempt=1 valid=2110/3600
2026-09-03T20:08:20.300434Z valid agyw_focus_groups Fixed role gemma3:4b attempt=1 valid=2111/3600
2026-09-03T20:08:24.590923Z valid agyw_focus_groups All roles gemma3:4b attempt=1 valid=2112/3600
2026-09-03T20:08:29.232237Z valid parlamint_gb Generalist qwen3:8b attempt=1 valid=2113/3600
2026-09-03T20:08:34.038910Z valid parlamint_gb Fixed role qwen3:8b attempt=1 valid=2114/3600
2026-09-03T20:08:39.690628Z valid parlamint_gb All roles qwen3:8b attempt=1 valid=2115/3600
2026-09-03T20:08:44.445213Z valid parlamint_gb Generalist llama3.1:8b attempt=1 valid=2116/3600
2026-09-03T20:08:49.683050Z valid parlamint_gb Fixed role llama3.1:8b attempt=1 valid=2117/3600
2026-09-03T20:08:55.467963Z valid parlamint_gb All roles llama3.1:8b attempt=1 valid=2118/3600
2026-09-03T20:09:00.327354Z valid parlamint_gb Generalist gemma3:4b attempt=1 valid=2119/3600
2026-09-03T20:09:05.211146Z valid parlamint_gb Fixed role gemma3:4b attempt=1 valid=2120/3600
2026-09-03T20:09:10.728698Z valid parlamint_gb All roles gemma3:4b attempt=1 valid=2121/3600
2026-09-03T20:09:16.361971Z valid dreaddit Generalist qwen3:8b attempt=1 valid=2122/3600
2026-09-03T20:09:21.361589Z valid dreaddit Fixed role qwen3:8b attempt=1 valid=2123/3600
2026-09-03T20:09:26.513021Z valid dreaddit All roles qwen3:8b attempt=1 valid=2124/3600
2026-09-03T20:09:32.071858Z valid dreaddit Generalist llama3.1:8b attempt=1 valid=2125/3600
2026-09-03T20:09:37.528760Z valid dreaddit Fixed role llama3.1:8b attempt=1 valid=2126/3600
2026-09-03T20:09:43.073018Z valid dreaddit All roles llama3.1:8b attempt=1 valid=2127/3600
2026-09-03T20:09:49.040279Z valid dreaddit Generalist gemma3:4b attempt=1 valid=2128/3600
2026-09-03T20:09:53.810689Z valid dreaddit Fixed role gemma3:4b attempt=1 valid=2129/3600
2026-09-03T20:09:59.894571Z valid dreaddit All roles gemma3:4b attempt=1 valid=2130/3600
2026-09-03T20:10:04.737574Z valid goemotions Generalist qwen3:8b attempt=1 valid=2131/3600
2026-09-03T20:10:08.692787Z valid goemotions Fixed role qwen3:8b attempt=1 valid=2132/3600
2026-09-03T20:10:13.186866Z valid goemotions All roles qwen3:8b attempt=1 valid=2133/3600
2026-09-03T20:10:16.948127Z valid goemotions Generalist llama3.1:8b attempt=1 valid=2134/3600
2026-09-03T20:10:20.911078Z valid goemotions Fixed role llama3.1:8b attempt=1 valid=2135/3600
2026-09-03T20:10:25.925610Z valid goemotions All roles llama3.1:8b attempt=1 valid=2136/3600
2026-09-03T20:10:29.401365Z valid goemotions Generalist gemma3:4b attempt=1 valid=2137/3600
2026-09-03T20:10:33.001802Z valid goemotions Fixed role gemma3:4b attempt=1 valid=2138/3600
2026-09-03T20:10:37.745373Z valid goemotions All roles gemma3:4b attempt=1 valid=2139/3600
2026-09-03T20:10:41.813681Z valid agyw_focus_groups Generalist qwen3:8b attempt=1 valid=2140/3600
2026-09-03T20:10:45.455196Z valid agyw_focus_groups Fixed role qwen3:8b attempt=1 valid=2141/3600
2026-09-03T20:10:49.655204Z valid agyw_focus_groups All roles qwen3:8b attempt=1 valid=2142/3600
2026-09-03T20:10:53.321737Z valid agyw_focus_groups Generalist llama3.1:8b attempt=1 valid=2143/3600
2026-09-03T20:10:56.917385Z valid agyw_focus_groups Fixed role llama3.1:8b attempt=1 valid=2144/3600
2026-09-03T20:11:01.025852Z valid agyw_focus_groups All roles llama3.1:8b attempt=1 valid=2145/3600
2026-09-03T20:11:04.976196Z valid agyw_focus_groups Generalist gemma3:4b attempt=1 valid=2146/3600
2026-09-03T20:11:08.685393Z valid agyw_focus_groups Fixed role gemma3:4b attempt=1 valid=2147/3600
2026-09-03T20:11:13.732868Z valid agyw_focus_groups All roles gemma3:4b attempt=1 valid=2148/3600
2026-09-03T20:11:22.538705Z valid parlamint_gb Generalist qwen3:8b attempt=1 valid=2149/3600
2026-09-03T20:11:31.327237Z valid parlamint_gb Fixed role qwen3:8b attempt=1 valid=2150/3600
2026-09-03T20:11:43.071164Z valid parlamint_gb All roles qwen3:8b attempt=1 valid=2151/3600
2026-09-03T20:11:51.869984Z valid parlamint_gb Generalist llama3.1:8b attempt=1 valid=2152/3600
2026-09-03T20:12:00.627477Z valid parlamint_gb Fixed role llama3.1:8b attempt=1 valid=2153/3600
2026-09-03T20:12:09.735952Z valid parlamint_gb All roles llama3.1:8b attempt=1 valid=2154/3600
2026-09-03T20:12:19.271093Z valid parlamint_gb Generalist gemma3:4b attempt=1 valid=2155/3600
2026-09-03T20:12:27.906438Z valid parlamint_gb Fixed role gemma3:4b attempt=1 valid=2156/3600
2026-09-03T20:12:37.159936Z valid parlamint_gb All roles gemma3:4b attempt=1 valid=2157/3600
2026-09-03T20:12:43.078764Z valid dreaddit Generalist qwen3:8b attempt=1 valid=2158/3600
2026-09-03T20:12:48.239681Z valid dreaddit Fixed role qwen3:8b attempt=1 valid=2159/3600
2026-09-03T20:12:53.545028Z valid dreaddit All roles qwen3:8b attempt=1 valid=2160/3600
2026-09-03T20:12:58.388993Z valid dreaddit Generalist llama3.1:8b attempt=1 valid=2161/3600
2026-09-03T20:13:01.091729Z valid dreaddit Fixed role llama3.1:8b attempt=1 valid=2162/3600
2026-09-03T20:13:06.336889Z valid dreaddit All roles llama3.1:8b attempt=1 valid=2163/3600
2026-09-03T20:13:10.901344Z valid dreaddit Generalist gemma3:4b attempt=1 valid=2164/3600
2026-09-03T20:13:16.012768Z valid dreaddit Fixed role gemma3:4b attempt=1 valid=2165/3600
2026-09-03T20:13:21.680186Z valid dreaddit All roles gemma3:4b attempt=1 valid=2166/3600
2026-09-03T20:13:25.158610Z valid goemotions Generalist qwen3:8b attempt=1 valid=2167/3600
2026-09-03T20:13:28.431004Z valid goemotions Fixed role qwen3:8b attempt=1 valid=2168/3600
2026-09-03T20:13:32.888036Z valid goemotions All roles qwen3:8b attempt=1 valid=2169/3600
2026-09-03T20:13:36.454207Z valid goemotions Generalist llama3.1:8b attempt=1 valid=2170/3600
2026-09-03T20:13:39.647146Z valid goemotions Fixed role llama3.1:8b attempt=1 valid=2171/3600
2026-09-03T20:13:43.435668Z valid goemotions All roles llama3.1:8b attempt=1 valid=2172/3600
2026-09-03T20:13:47.038080Z valid goemotions Generalist gemma3:4b attempt=1 valid=2173/3600
2026-09-03T20:13:50.435211Z valid goemotions Fixed role gemma3:4b attempt=1 valid=2174/3600
2026-09-03T20:13:54.315033Z valid goemotions All roles gemma3:4b attempt=1 valid=2175/3600
2026-09-03T20:13:59.952828Z valid agyw_focus_groups Generalist qwen3:8b attempt=1 valid=2176/3600
2026-09-03T20:14:04.054806Z valid agyw_focus_groups Fixed role qwen3:8b attempt=1 valid=2177/3600
2026-09-03T20:14:09.133928Z valid agyw_focus_groups All roles qwen3:8b attempt=1 valid=2178/3600
2026-09-03T20:14:13.292035Z valid agyw_focus_groups Generalist llama3.1:8b attempt=1 valid=2179/3600
2026-09-03T20:14:18.534443Z valid agyw_focus_groups Fixed role llama3.1:8b attempt=1 valid=2180/3600
2026-09-03T20:14:24.417159Z schema_error agyw_focus_groups All roles llama3.1:8b attempt=1 valid=2180/3600
2026-09-03T20:14:28.201451Z schema_error agyw_focus_groups All roles llama3.1:8b attempt=2 valid=2180/3600
2026-09-03T20:14:32.033083Z schema_error agyw_focus_groups All roles llama3.1:8b attempt=3 valid=2180/3600
2026-09-03T20:14:38.212104Z valid agyw_focus_groups Generalist gemma3:4b attempt=1 valid=2181/3600
2026-09-03T20:14:43.000824Z valid agyw_focus_groups Fixed role gemma3:4b attempt=1 valid=2182/3600
2026-09-03T20:14:48.848109Z valid agyw_focus_groups All roles gemma3:4b attempt=1 valid=2183/3600
2026-09-03T20:14:53.983401Z valid parlamint_gb Generalist qwen3:8b attempt=1 valid=2184/3600
2026-09-03T20:14:58.811050Z valid parlamint_gb Fixed role qwen3:8b attempt=1 valid=2185/3600
2026-09-03T20:15:04.145842Z valid parlamint_gb All roles qwen3:8b attempt=1 valid=2186/3600
2026-09-03T20:15:09.394833Z valid parlamint_gb Generalist llama3.1:8b attempt=1 valid=2187/3600
2026-09-03T20:15:14.171590Z valid parlamint_gb Fixed role llama3.1:8b attempt=1 valid=2188/3600
2026-09-03T20:15:20.544970Z valid parlamint_gb All roles llama3.1:8b attempt=1 valid=2189/3600
2026-09-03T20:15:25.526050Z valid parlamint_gb Generalist gemma3:4b attempt=1 valid=2190/3600
2026-09-03T20:15:30.931106Z valid parlamint_gb Fixed role gemma3:4b attempt=1 valid=2191/3600
2026-09-03T20:15:36.455474Z valid parlamint_gb All roles gemma3:4b attempt=1 valid=2192/3600
2026-09-03T20:15:41.339070Z valid dreaddit Generalist qwen3:8b attempt=1 valid=2193/3600
2026-09-03T20:15:46.187865Z valid dreaddit Fixed role qwen3:8b attempt=1 valid=2194/3600
2026-09-03T20:15:51.121048Z valid dreaddit All roles qwen3:8b attempt=1 valid=2195/3600
2026-09-03T20:15:55.604600Z valid dreaddit Generalist llama3.1:8b attempt=1 valid=2196/3600
2026-09-03T20:16:01.024459Z valid dreaddit Fixed role llama3.1:8b attempt=1 valid=2197/3600
2026-09-03T20:16:05.562617Z valid dreaddit All roles llama3.1:8b attempt=1 valid=2198/3600
2026-09-03T20:16:10.467068Z valid dreaddit Generalist gemma3:4b attempt=1 valid=2199/3600
2026-09-03T20:16:15.591721Z valid dreaddit Fixed role gemma3:4b attempt=1 valid=2200/3600
2026-09-03T20:16:20.647019Z valid dreaddit All roles gemma3:4b attempt=1 valid=2201/3600
2026-09-03T20:16:24.599936Z valid goemotions Generalist qwen3:8b attempt=1 valid=2202/3600
2026-09-03T20:16:28.486648Z valid goemotions Fixed role qwen3:8b attempt=1 valid=2203/3600
2026-09-03T20:16:32.030221Z valid goemotions All roles qwen3:8b attempt=1 valid=2204/3600
2026-09-03T20:16:35.110323Z valid goemotions Generalist llama3.1:8b attempt=1 valid=2205/3600
2026-09-03T20:16:38.425298Z valid goemotions Fixed role llama3.1:8b attempt=1 valid=2206/3600
2026-09-03T20:16:42.676017Z valid goemotions All roles llama3.1:8b attempt=1 valid=2207/3600
2026-09-03T20:16:46.115052Z valid goemotions Generalist gemma3:4b attempt=1 valid=2208/3600
2026-09-03T20:16:49.476997Z valid goemotions Fixed role gemma3:4b attempt=1 valid=2209/3600
2026-09-03T20:16:53.568046Z valid goemotions All roles gemma3:4b attempt=1 valid=2210/3600
2026-09-03T20:16:57.940558Z valid agyw_focus_groups Generalist qwen3:8b attempt=1 valid=2211/3600
2026-09-03T20:17:01.977840Z valid agyw_focus_groups Fixed role qwen3:8b attempt=1 valid=2212/3600
2026-09-03T20:17:06.370178Z valid agyw_focus_groups All roles qwen3:8b attempt=1 valid=2213/3600
2026-09-03T20:17:10.109983Z valid agyw_focus_groups Generalist llama3.1:8b attempt=1 valid=2214/3600
2026-09-03T20:17:15.319645Z valid agyw_focus_groups Fixed role llama3.1:8b attempt=1 valid=2215/3600
2026-09-03T20:17:20.164863Z valid agyw_focus_groups All roles llama3.1:8b attempt=1 valid=2216/3600
2026-09-03T20:17:24.422342Z valid agyw_focus_groups Generalist gemma3:4b attempt=1 valid=2217/3600
2026-09-03T20:17:28.695435Z valid agyw_focus_groups Fixed role gemma3:4b attempt=1 valid=2218/3600
2026-09-03T20:17:33.159181Z valid agyw_focus_groups All roles gemma3:4b attempt=1 valid=2219/3600
2026-09-03T20:17:39.717687Z valid parlamint_gb Generalist qwen3:8b attempt=1 valid=2220/3600
2026-09-03T20:17:46.199927Z valid parlamint_gb Fixed role qwen3:8b attempt=1 valid=2221/3600
2026-09-03T20:17:52.921917Z valid parlamint_gb All roles qwen3:8b attempt=1 valid=2222/3600
2026-09-03T20:18:01.102655Z valid parlamint_gb Generalist llama3.1:8b attempt=1 valid=2223/3600
2026-09-03T20:18:09.296598Z valid parlamint_gb Fixed role llama3.1:8b attempt=1 valid=2224/3600
2026-09-03T20:18:17.110863Z valid parlamint_gb All roles llama3.1:8b attempt=1 valid=2225/3600
2026-09-03T20:18:24.301397Z valid parlamint_gb Generalist gemma3:4b attempt=1 valid=2226/3600
2026-09-03T20:18:30.837883Z valid parlamint_gb Fixed role gemma3:4b attempt=1 valid=2227/3600
2026-09-03T20:18:37.958203Z valid parlamint_gb All roles gemma3:4b attempt=1 valid=2228/3600
2026-09-03T20:18:42.617342Z valid dreaddit Generalist qwen3:8b attempt=1 valid=2229/3600
2026-09-03T20:18:47.158436Z valid dreaddit Fixed role qwen3:8b attempt=1 valid=2230/3600
2026-09-03T20:18:51.992726Z valid dreaddit All roles qwen3:8b attempt=1 valid=2231/3600
2026-09-03T20:18:56.774506Z valid dreaddit Generalist llama3.1:8b attempt=1 valid=2232/3600
2026-09-03T20:19:01.470925Z valid dreaddit Fixed role llama3.1:8b attempt=1 valid=2233/3600
2026-09-03T20:19:07.125070Z valid dreaddit All roles llama3.1:8b attempt=1 valid=2234/3600
2026-09-03T20:19:11.840464Z valid dreaddit Generalist gemma3:4b attempt=1 valid=2235/3600
2026-09-03T20:19:17.131892Z valid dreaddit Fixed role gemma3:4b attempt=1 valid=2236/3600
2026-09-03T20:19:22.783645Z valid dreaddit All roles gemma3:4b attempt=1 valid=2237/3600
2026-09-03T20:19:26.373109Z valid goemotions Generalist qwen3:8b attempt=1 valid=2238/3600
2026-09-03T20:19:29.483634Z valid goemotions Fixed role qwen3:8b attempt=1 valid=2239/3600
2026-09-03T20:19:33.320647Z valid goemotions All roles qwen3:8b attempt=1 valid=2240/3600
2026-09-03T20:19:36.769263Z valid goemotions Generalist llama3.1:8b attempt=1 valid=2241/3600
2026-09-03T20:19:40.285506Z valid goemotions Fixed role llama3.1:8b attempt=1 valid=2242/3600
2026-09-03T20:19:44.009210Z valid goemotions All roles llama3.1:8b attempt=1 valid=2243/3600
2026-09-03T20:19:47.646590Z valid goemotions Generalist gemma3:4b attempt=1 valid=2244/3600
2026-09-03T20:19:51.382136Z valid goemotions Fixed role gemma3:4b attempt=1 valid=2245/3600
2026-09-03T20:19:56.242848Z valid goemotions All roles gemma3:4b attempt=1 valid=2246/3600
2026-09-03T20:20:01.354850Z valid agyw_focus_groups Generalist qwen3:8b attempt=1 valid=2247/3600
2026-09-03T20:20:03.811592Z valid agyw_focus_groups Fixed role qwen3:8b attempt=1 valid=2248/3600
2026-09-03T20:20:09.341053Z valid agyw_focus_groups All roles qwen3:8b attempt=1 valid=2249/3600
2026-09-03T20:20:14.316600Z valid agyw_focus_groups Generalist llama3.1:8b attempt=1 valid=2250/3600
2026-09-03T20:20:20.222435Z valid agyw_focus_groups Fixed role llama3.1:8b attempt=1 valid=2251/3600
2026-09-03T20:20:25.456444Z valid agyw_focus_groups All roles llama3.1:8b attempt=1 valid=2252/3600
2026-09-03T20:20:30.331669Z valid agyw_focus_groups Generalist gemma3:4b attempt=1 valid=2253/3600
2026-09-03T20:20:35.436381Z valid agyw_focus_groups Fixed role gemma3:4b attempt=1 valid=2254/3600
2026-09-03T20:20:41.222767Z valid agyw_focus_groups All roles gemma3:4b attempt=1 valid=2255/3600
2026-09-03T20:20:46.556945Z valid parlamint_gb Generalist qwen3:8b attempt=1 valid=2256/3600
2026-09-03T20:20:52.563897Z valid parlamint_gb Fixed role qwen3:8b attempt=1 valid=2257/3600
2026-09-03T20:20:58.117554Z valid parlamint_gb All roles qwen3:8b attempt=1 valid=2258/3600
2026-09-03T20:21:04.902684Z valid parlamint_gb Generalist llama3.1:8b attempt=1 valid=2259/3600
2026-09-03T20:21:10.263908Z valid parlamint_gb Fixed role llama3.1:8b attempt=1 valid=2260/3600
2026-09-03T20:21:15.942158Z valid parlamint_gb All roles llama3.1:8b attempt=1 valid=2261/3600
2026-09-03T20:21:21.489350Z valid parlamint_gb Generalist gemma3:4b attempt=1 valid=2262/3600
2026-09-03T20:21:27.131939Z valid parlamint_gb Fixed role gemma3:4b attempt=1 valid=2263/3600
2026-09-03T20:21:33.295956Z valid parlamint_gb All roles gemma3:4b attempt=1 valid=2264/3600
2026-09-03T20:21:38.049144Z valid dreaddit Generalist qwen3:8b attempt=1 valid=2265/3600
2026-09-03T20:21:42.584200Z valid dreaddit Fixed role qwen3:8b attempt=1 valid=2266/3600
2026-09-03T20:21:47.904801Z valid dreaddit All roles qwen3:8b attempt=1 valid=2267/3600
2026-09-03T20:21:53.804838Z valid dreaddit Generalist llama3.1:8b attempt=1 valid=2268/3600
2026-09-03T20:21:58.435359Z valid dreaddit Fixed role llama3.1:8b attempt=1 valid=2269/3600
2026-09-03T20:22:03.375363Z valid dreaddit All roles llama3.1:8b attempt=1 valid=2270/3600
2026-09-03T20:22:08.698340Z valid dreaddit Generalist gemma3:4b attempt=1 valid=2271/3600
2026-09-03T20:22:13.232047Z valid dreaddit Fixed role gemma3:4b attempt=1 valid=2272/3600
2026-09-03T20:22:18.553785Z valid dreaddit All roles gemma3:4b attempt=1 valid=2273/3600
2026-09-03T20:22:21.740247Z valid goemotions Generalist qwen3:8b attempt=1 valid=2274/3600
2026-09-03T20:22:24.909276Z valid goemotions Fixed role qwen3:8b attempt=1 valid=2275/3600
2026-09-03T20:22:28.477545Z valid goemotions All roles qwen3:8b attempt=1 valid=2276/3600
2026-09-03T20:22:32.122697Z valid goemotions Generalist llama3.1:8b attempt=1 valid=2277/3600
2026-09-03T20:22:35.668170Z valid goemotions Fixed role llama3.1:8b attempt=1 valid=2278/3600
2026-09-03T20:22:40.088545Z valid goemotions All roles llama3.1:8b attempt=1 valid=2279/3600
2026-09-03T20:22:44.201223Z valid goemotions Generalist gemma3:4b attempt=1 valid=2280/3600
2026-09-03T20:22:47.469974Z valid goemotions Fixed role gemma3:4b attempt=1 valid=2281/3600
2026-09-03T20:22:51.694119Z valid goemotions All roles gemma3:4b attempt=1 valid=2282/3600
2026-09-03T20:22:56.847352Z valid agyw_focus_groups Generalist qwen3:8b attempt=1 valid=2283/3600
2026-09-03T20:23:02.200571Z valid agyw_focus_groups Fixed role qwen3:8b attempt=1 valid=2284/3600
2026-09-03T20:23:08.082972Z valid agyw_focus_groups All roles qwen3:8b attempt=1 valid=2285/3600
2026-09-03T20:23:13.506390Z valid agyw_focus_groups Generalist llama3.1:8b attempt=1 valid=2286/3600
2026-09-03T20:23:19.563443Z valid agyw_focus_groups Fixed role llama3.1:8b attempt=1 valid=2287/3600
2026-09-03T20:23:24.997281Z valid agyw_focus_groups All roles llama3.1:8b attempt=1 valid=2288/3600
2026-09-03T20:23:30.935639Z valid agyw_focus_groups Generalist gemma3:4b attempt=1 valid=2289/3600
2026-09-03T20:23:36.955934Z valid agyw_focus_groups Fixed role gemma3:4b attempt=1 valid=2290/3600
2026-09-03T20:23:43.357514Z valid agyw_focus_groups All roles gemma3:4b attempt=1 valid=2291/3600
2026-09-03T20:23:50.650693Z valid parlamint_gb Generalist qwen3:8b attempt=1 valid=2292/3600
2026-09-03T20:23:57.314941Z valid parlamint_gb Fixed role qwen3:8b attempt=1 valid=2293/3600
2026-09-03T20:24:04.549515Z valid parlamint_gb All roles qwen3:8b attempt=1 valid=2294/3600
2026-09-03T20:24:12.280577Z valid parlamint_gb Generalist llama3.1:8b attempt=1 valid=2295/3600
2026-09-03T20:24:19.080799Z valid parlamint_gb Fixed role llama3.1:8b attempt=1 valid=2296/3600
2026-09-03T20:24:25.968200Z valid parlamint_gb All roles llama3.1:8b attempt=1 valid=2297/3600
2026-09-03T20:24:33.473373Z valid parlamint_gb Generalist gemma3:4b attempt=1 valid=2298/3600
2026-09-03T20:24:40.969895Z valid parlamint_gb Fixed role gemma3:4b attempt=1 valid=2299/3600
2026-09-03T20:24:49.662189Z valid parlamint_gb All roles gemma3:4b attempt=1 valid=2300/3600
2026-09-03T20:24:54.916049Z valid dreaddit Generalist qwen3:8b attempt=1 valid=2301/3600
2026-09-03T20:24:59.526585Z valid dreaddit Fixed role qwen3:8b attempt=1 valid=2302/3600
2026-09-03T20:25:04.731780Z valid dreaddit All roles qwen3:8b attempt=1 valid=2303/3600
2026-09-03T20:25:09.990595Z valid dreaddit Generalist llama3.1:8b attempt=1 valid=2304/3600
2026-09-03T20:25:14.349196Z valid dreaddit Fixed role llama3.1:8b attempt=1 valid=2305/3600
2026-09-03T20:25:19.506490Z valid dreaddit All roles llama3.1:8b attempt=1 valid=2306/3600
2026-09-03T20:25:24.094965Z valid dreaddit Generalist gemma3:4b attempt=1 valid=2307/3600
2026-09-03T20:25:28.547859Z valid dreaddit Fixed role gemma3:4b attempt=1 valid=2308/3600
2026-09-03T20:25:34.329280Z valid dreaddit All roles gemma3:4b attempt=1 valid=2309/3600
2026-09-03T20:25:37.743842Z valid goemotions Generalist qwen3:8b attempt=1 valid=2310/3600
2026-09-03T20:25:41.249244Z valid goemotions Fixed role qwen3:8b attempt=1 valid=2311/3600
2026-09-03T20:25:45.136876Z valid goemotions All roles qwen3:8b attempt=1 valid=2312/3600
2026-09-03T20:25:48.596365Z valid goemotions Generalist llama3.1:8b attempt=1 valid=2313/3600
2026-09-03T20:25:51.935816Z valid goemotions Fixed role llama3.1:8b attempt=1 valid=2314/3600
2026-09-03T20:25:55.480112Z valid goemotions All roles llama3.1:8b attempt=1 valid=2315/3600
2026-09-03T20:25:58.843868Z valid goemotions Generalist gemma3:4b attempt=1 valid=2316/3600
2026-09-03T20:26:02.398797Z valid goemotions Fixed role gemma3:4b attempt=1 valid=2317/3600
2026-09-03T20:26:06.586166Z valid goemotions All roles gemma3:4b attempt=1 valid=2318/3600
2026-09-03T20:26:11.439558Z valid agyw_focus_groups Generalist qwen3:8b attempt=1 valid=2319/3600
2026-09-03T20:26:16.550104Z valid agyw_focus_groups Fixed role qwen3:8b attempt=1 valid=2320/3600
2026-09-03T20:26:20.890765Z valid agyw_focus_groups All roles qwen3:8b attempt=1 valid=2321/3600
2026-09-03T20:26:24.994834Z valid agyw_focus_groups Generalist llama3.1:8b attempt=1 valid=2322/3600
2026-09-03T20:26:29.862078Z valid agyw_focus_groups Fixed role llama3.1:8b attempt=1 valid=2323/3600
2026-09-03T20:26:34.604367Z valid agyw_focus_groups All roles llama3.1:8b attempt=1 valid=2324/3600
2026-09-03T20:26:38.921204Z valid agyw_focus_groups Generalist gemma3:4b attempt=1 valid=2325/3600
2026-09-03T20:26:43.475945Z valid agyw_focus_groups Fixed role gemma3:4b attempt=1 valid=2326/3600
2026-09-03T20:26:48.248641Z valid agyw_focus_groups All roles gemma3:4b attempt=1 valid=2327/3600
2026-09-03T20:26:53.339583Z valid parlamint_gb Generalist qwen3:8b attempt=1 valid=2328/3600
2026-09-03T20:26:58.165712Z valid parlamint_gb Fixed role qwen3:8b attempt=1 valid=2329/3600
2026-09-03T20:27:03.289648Z valid parlamint_gb All roles qwen3:8b attempt=1 valid=2330/3600
2026-09-03T20:27:08.733501Z valid parlamint_gb Generalist llama3.1:8b attempt=1 valid=2331/3600
2026-09-03T20:27:14.294557Z valid parlamint_gb Fixed role llama3.1:8b attempt=1 valid=2332/3600
2026-09-03T20:27:20.427766Z valid parlamint_gb All roles llama3.1:8b attempt=1 valid=2333/3600
2026-09-03T20:27:25.722990Z valid parlamint_gb Generalist gemma3:4b attempt=1 valid=2334/3600
2026-09-03T20:27:30.844718Z valid parlamint_gb Fixed role gemma3:4b attempt=1 valid=2335/3600
2026-09-03T20:27:37.261830Z valid parlamint_gb All roles gemma3:4b attempt=1 valid=2336/3600
2026-09-03T20:27:42.388635Z valid dreaddit Generalist qwen3:8b attempt=1 valid=2337/3600
2026-09-03T20:27:47.232980Z valid dreaddit Fixed role qwen3:8b attempt=1 valid=2338/3600
2026-09-03T20:27:53.198276Z valid dreaddit All roles qwen3:8b attempt=1 valid=2339/3600
2026-09-03T20:27:58.660073Z valid dreaddit Generalist llama3.1:8b attempt=1 valid=2340/3600
2026-09-03T20:28:03.546564Z valid dreaddit Fixed role llama3.1:8b attempt=1 valid=2341/3600
2026-09-03T20:28:08.997926Z valid dreaddit All roles llama3.1:8b attempt=1 valid=2342/3600
2026-09-03T20:28:14.117353Z valid dreaddit Generalist gemma3:4b attempt=1 valid=2343/3600
2026-09-03T20:28:19.807340Z valid dreaddit Fixed role gemma3:4b attempt=1 valid=2344/3600
2026-09-03T20:28:26.168651Z valid dreaddit All roles gemma3:4b attempt=1 valid=2345/3600
2026-09-03T20:28:30.404677Z valid goemotions Generalist qwen3:8b attempt=1 valid=2346/3600
2026-09-03T20:28:33.743433Z valid goemotions Fixed role qwen3:8b attempt=1 valid=2347/3600
2026-09-03T20:28:37.850051Z valid goemotions All roles qwen3:8b attempt=1 valid=2348/3600
2026-09-03T20:28:41.150091Z valid goemotions Generalist llama3.1:8b attempt=1 valid=2349/3600
2026-09-03T20:28:44.488141Z valid goemotions Fixed role llama3.1:8b attempt=1 valid=2350/3600
2026-09-03T20:28:48.772228Z valid goemotions All roles llama3.1:8b attempt=1 valid=2351/3600
2026-09-03T20:28:52.234543Z valid goemotions Generalist gemma3:4b attempt=1 valid=2352/3600
2026-09-03T20:28:55.682387Z valid goemotions Fixed role gemma3:4b attempt=1 valid=2353/3600
2026-09-03T20:28:59.783277Z valid goemotions All roles gemma3:4b attempt=1 valid=2354/3600
2026-09-03T20:29:04.148281Z valid agyw_focus_groups Generalist qwen3:8b attempt=1 valid=2355/3600
2026-09-03T20:29:08.000796Z valid agyw_focus_groups Fixed role qwen3:8b attempt=1 valid=2356/3600
2026-09-03T20:29:12.984379Z valid agyw_focus_groups All roles qwen3:8b attempt=1 valid=2357/3600
2026-09-03T20:29:17.293845Z valid agyw_focus_groups Generalist llama3.1:8b attempt=1 valid=2358/3600
2026-09-03T20:29:21.441668Z valid agyw_focus_groups Fixed role llama3.1:8b attempt=1 valid=2359/3600
2026-09-03T20:29:26.342699Z valid agyw_focus_groups All roles llama3.1:8b attempt=1 valid=2360/3600
2026-09-03T20:29:31.066370Z valid agyw_focus_groups Generalist gemma3:4b attempt=1 valid=2361/3600
2026-09-03T20:29:35.812726Z valid agyw_focus_groups Fixed role gemma3:4b attempt=1 valid=2362/3600
2026-09-03T20:29:40.839937Z valid agyw_focus_groups All roles gemma3:4b attempt=1 valid=2363/3600
2026-09-03T20:29:47.178099Z valid parlamint_gb Generalist qwen3:8b attempt=1 valid=2364/3600
2026-09-03T20:29:53.094254Z valid parlamint_gb Fixed role qwen3:8b attempt=1 valid=2365/3600
2026-09-03T20:29:59.432293Z valid parlamint_gb All roles qwen3:8b attempt=1 valid=2366/3600
2026-09-03T20:30:05.962664Z valid parlamint_gb Generalist llama3.1:8b attempt=1 valid=2367/3600
2026-09-03T20:30:12.276524Z valid parlamint_gb Fixed role llama3.1:8b attempt=1 valid=2368/3600
2026-09-03T20:30:19.282822Z valid parlamint_gb All roles llama3.1:8b attempt=1 valid=2369/3600
2026-09-03T20:30:25.242263Z valid parlamint_gb Generalist gemma3:4b attempt=1 valid=2370/3600
2026-09-03T20:30:30.972146Z valid parlamint_gb Fixed role gemma3:4b attempt=1 valid=2371/3600
2026-09-03T20:30:37.849994Z valid parlamint_gb All roles gemma3:4b attempt=1 valid=2372/3600
2026-09-03T20:30:42.436109Z valid dreaddit Generalist qwen3:8b attempt=1 valid=2373/3600
2026-09-03T20:30:46.953415Z valid dreaddit Fixed role qwen3:8b attempt=1 valid=2374/3600
2026-09-03T20:30:51.613971Z valid dreaddit All roles qwen3:8b attempt=1 valid=2375/3600
2026-09-03T20:30:56.403217Z valid dreaddit Generalist llama3.1:8b attempt=1 valid=2376/3600
2026-09-03T20:31:00.540474Z valid dreaddit Fixed role llama3.1:8b attempt=1 valid=2377/3600
2026-09-03T20:31:05.213138Z valid dreaddit All roles llama3.1:8b attempt=1 valid=2378/3600
2026-09-03T20:31:09.526315Z valid dreaddit Generalist gemma3:4b attempt=1 valid=2379/3600
2026-09-03T20:31:14.040654Z valid dreaddit Fixed role gemma3:4b attempt=1 valid=2380/3600
2026-09-03T20:31:19.182036Z valid dreaddit All roles gemma3:4b attempt=1 valid=2381/3600
2026-09-03T20:31:23.573480Z valid goemotions Generalist qwen3:8b attempt=1 valid=2382/3600
2026-09-03T20:31:27.653442Z valid goemotions Fixed role qwen3:8b attempt=1 valid=2383/3600
2026-09-03T20:31:32.121544Z valid goemotions All roles qwen3:8b attempt=1 valid=2384/3600
2026-09-03T20:31:36.626554Z valid goemotions Generalist llama3.1:8b attempt=1 valid=2385/3600
2026-09-03T20:31:40.533940Z valid goemotions Fixed role llama3.1:8b attempt=1 valid=2386/3600
2026-09-03T20:31:45.362975Z valid goemotions All roles llama3.1:8b attempt=1 valid=2387/3600
2026-09-03T20:31:49.285462Z valid goemotions Generalist gemma3:4b attempt=1 valid=2388/3600
2026-09-03T20:31:53.206269Z valid goemotions Fixed role gemma3:4b attempt=1 valid=2389/3600
2026-09-03T20:31:57.480406Z valid goemotions All roles gemma3:4b attempt=1 valid=2390/3600
2026-09-03T20:32:01.898988Z valid agyw_focus_groups Generalist qwen3:8b attempt=1 valid=2391/3600
2026-09-03T20:32:06.497905Z valid agyw_focus_groups Fixed role qwen3:8b attempt=1 valid=2392/3600
2026-09-03T20:32:11.225551Z valid agyw_focus_groups All roles qwen3:8b attempt=1 valid=2393/3600
2026-09-03T20:32:15.728293Z valid agyw_focus_groups Generalist llama3.1:8b attempt=1 valid=2394/3600
2026-09-03T20:32:20.299506Z valid agyw_focus_groups Fixed role llama3.1:8b attempt=1 valid=2395/3600
2026-09-03T20:32:25.509890Z valid agyw_focus_groups All roles llama3.1:8b attempt=1 valid=2396/3600
2026-09-03T20:32:30.006003Z valid agyw_focus_groups Generalist gemma3:4b attempt=1 valid=2397/3600
2026-09-03T20:32:34.689044Z valid agyw_focus_groups Fixed role gemma3:4b attempt=1 valid=2398/3600
2026-09-03T20:32:40.440692Z valid agyw_focus_groups All roles gemma3:4b attempt=1 valid=2399/3600
2026-09-03T20:32:45.679340Z valid parlamint_gb Generalist qwen3:8b attempt=1 valid=2400/3600
2026-09-03T20:32:51.199925Z valid parlamint_gb Fixed role qwen3:8b attempt=1 valid=2401/3600
2026-09-03T20:32:56.937473Z valid parlamint_gb All roles qwen3:8b attempt=1 valid=2402/3600
2026-09-03T20:33:01.691085Z valid parlamint_gb Generalist llama3.1:8b attempt=1 valid=2403/3600
2026-09-03T20:33:06.621925Z valid parlamint_gb Fixed role llama3.1:8b attempt=1 valid=2404/3600
2026-09-03T20:33:12.593348Z valid parlamint_gb All roles llama3.1:8b attempt=1 valid=2405/3600
2026-09-03T20:33:17.938678Z valid parlamint_gb Generalist gemma3:4b attempt=1 valid=2406/3600
2026-09-03T20:33:23.296477Z valid parlamint_gb Fixed role gemma3:4b attempt=1 valid=2407/3600
2026-09-03T20:33:29.606626Z valid parlamint_gb All roles gemma3:4b attempt=1 valid=2408/3600
2026-09-03T20:33:35.027607Z valid dreaddit Generalist qwen3:8b attempt=1 valid=2409/3600
2026-09-03T20:33:39.784344Z valid dreaddit Fixed role qwen3:8b attempt=1 valid=2410/3600
2026-09-03T20:33:44.203082Z valid dreaddit All roles qwen3:8b attempt=1 valid=2411/3600
2026-09-03T20:33:48.834702Z valid dreaddit Generalist llama3.1:8b attempt=1 valid=2412/3600
2026-09-03T20:33:53.044822Z valid dreaddit Fixed role llama3.1:8b attempt=1 valid=2413/3600
2026-09-03T20:33:58.352107Z valid dreaddit All roles llama3.1:8b attempt=1 valid=2414/3600
2026-09-03T20:34:03.168308Z valid dreaddit Generalist gemma3:4b attempt=1 valid=2415/3600
2026-09-03T20:34:08.142896Z valid dreaddit Fixed role gemma3:4b attempt=1 valid=2416/3600
2026-09-03T20:34:12.890810Z valid dreaddit All roles gemma3:4b attempt=1 valid=2417/3600
2026-09-03T20:34:15.834411Z valid goemotions Generalist qwen3:8b attempt=1 valid=2418/3600
2026-09-03T20:34:19.028543Z valid goemotions Fixed role qwen3:8b attempt=1 valid=2419/3600
2026-09-03T20:34:22.901439Z valid goemotions All roles qwen3:8b attempt=1 valid=2420/3600
2026-09-03T20:34:26.105993Z valid goemotions Generalist llama3.1:8b attempt=1 valid=2421/3600
2026-09-03T20:34:29.755304Z valid goemotions Fixed role llama3.1:8b attempt=1 valid=2422/3600
2026-09-03T20:34:33.255396Z valid goemotions All roles llama3.1:8b attempt=1 valid=2423/3600
2026-09-03T20:34:37.138866Z valid goemotions Generalist gemma3:4b attempt=1 valid=2424/3600
2026-09-03T20:34:40.976368Z valid goemotions Fixed role gemma3:4b attempt=1 valid=2425/3600
2026-09-03T20:34:45.503625Z valid goemotions All roles gemma3:4b attempt=1 valid=2426/3600
2026-09-03T20:34:49.841030Z valid agyw_focus_groups Generalist qwen3:8b attempt=1 valid=2427/3600
2026-09-03T20:34:54.832141Z valid agyw_focus_groups Fixed role qwen3:8b attempt=1 valid=2428/3600
2026-09-03T20:34:59.033536Z valid agyw_focus_groups All roles qwen3:8b attempt=1 valid=2429/3600
2026-09-03T20:35:02.959909Z valid agyw_focus_groups Generalist llama3.1:8b attempt=1 valid=2430/3600
2026-09-03T20:35:07.661277Z valid agyw_focus_groups Fixed role llama3.1:8b attempt=1 valid=2431/3600
2026-09-03T20:35:12.024529Z valid agyw_focus_groups All roles llama3.1:8b attempt=1 valid=2432/3600
2026-09-03T20:35:16.664862Z valid agyw_focus_groups Generalist gemma3:4b attempt=1 valid=2433/3600
2026-09-03T20:35:20.582083Z valid agyw_focus_groups Fixed role gemma3:4b attempt=1 valid=2434/3600
2026-09-03T20:35:24.912484Z valid agyw_focus_groups All roles gemma3:4b attempt=1 valid=2435/3600
2026-09-03T20:35:31.418374Z valid parlamint_gb Generalist qwen3:8b attempt=1 valid=2436/3600
2026-09-03T20:35:37.790350Z valid parlamint_gb Fixed role qwen3:8b attempt=1 valid=2437/3600
2026-09-03T20:35:44.636827Z valid parlamint_gb All roles qwen3:8b attempt=1 valid=2438/3600
2026-09-03T20:35:51.964282Z valid parlamint_gb Generalist llama3.1:8b attempt=1 valid=2439/3600
2026-09-03T20:35:58.570145Z valid parlamint_gb Fixed role llama3.1:8b attempt=1 valid=2440/3600
2026-09-03T20:36:05.639797Z valid parlamint_gb All roles llama3.1:8b attempt=1 valid=2441/3600
2026-09-03T20:36:12.622388Z valid parlamint_gb Generalist gemma3:4b attempt=1 valid=2442/3600
2026-09-03T20:36:19.709628Z valid parlamint_gb Fixed role gemma3:4b attempt=1 valid=2443/3600
2026-09-03T20:36:26.931408Z valid parlamint_gb All roles gemma3:4b attempt=1 valid=2444/3600
2026-09-03T20:36:32.959363Z valid dreaddit Generalist qwen3:8b attempt=1 valid=2445/3600
2026-09-03T20:36:38.506493Z valid dreaddit Fixed role qwen3:8b attempt=1 valid=2446/3600
2026-09-03T20:36:43.672774Z valid dreaddit All roles qwen3:8b attempt=1 valid=2447/3600
2026-09-03T20:36:48.376937Z valid dreaddit Generalist llama3.1:8b attempt=1 valid=2448/3600
2026-09-03T20:36:53.541169Z valid dreaddit Fixed role llama3.1:8b attempt=1 valid=2449/3600
2026-09-03T20:36:58.464036Z valid dreaddit All roles llama3.1:8b attempt=1 valid=2450/3600
2026-09-03T20:37:03.291642Z valid dreaddit Generalist gemma3:4b attempt=1 valid=2451/3600
2026-09-03T20:37:08.267265Z valid dreaddit Fixed role gemma3:4b attempt=1 valid=2452/3600
2026-09-03T20:37:13.679297Z valid dreaddit All roles gemma3:4b attempt=1 valid=2453/3600
2026-09-03T20:37:17.213469Z valid goemotions Generalist qwen3:8b attempt=1 valid=2454/3600
2026-09-03T20:37:21.617146Z valid goemotions Fixed role qwen3:8b attempt=1 valid=2455/3600
2026-09-03T20:37:25.808295Z valid goemotions All roles qwen3:8b attempt=1 valid=2456/3600
2026-09-03T20:37:29.684290Z valid goemotions Generalist llama3.1:8b attempt=1 valid=2457/3600
2026-09-03T20:37:34.202312Z valid goemotions Fixed role llama3.1:8b attempt=1 valid=2458/3600
2026-09-03T20:37:39.326679Z valid goemotions All roles llama3.1:8b attempt=1 valid=2459/3600
2026-09-03T20:37:42.951216Z valid goemotions Generalist gemma3:4b attempt=1 valid=2460/3600
2026-09-03T20:37:46.376676Z valid goemotions Fixed role gemma3:4b attempt=1 valid=2461/3600
2026-09-03T20:37:50.867518Z valid goemotions All roles gemma3:4b attempt=1 valid=2462/3600
2026-09-03T20:37:54.701823Z valid agyw_focus_groups Generalist qwen3:8b attempt=1 valid=2463/3600
2026-09-03T20:37:56.850100Z valid agyw_focus_groups Fixed role qwen3:8b attempt=1 valid=2464/3600
2026-09-03T20:38:01.300948Z valid agyw_focus_groups All roles qwen3:8b attempt=1 valid=2465/3600
2026-09-03T20:38:04.908173Z valid agyw_focus_groups Generalist llama3.1:8b attempt=1 valid=2466/3600
2026-09-03T20:38:08.852558Z valid agyw_focus_groups Fixed role llama3.1:8b attempt=1 valid=2467/3600
2026-09-03T20:38:13.503990Z valid agyw_focus_groups All roles llama3.1:8b attempt=1 valid=2468/3600
2026-09-03T20:38:17.368388Z valid agyw_focus_groups Generalist gemma3:4b attempt=1 valid=2469/3600
2026-09-03T20:38:21.004517Z valid agyw_focus_groups Fixed role gemma3:4b attempt=1 valid=2470/3600
2026-09-03T20:38:25.618802Z valid agyw_focus_groups All roles gemma3:4b attempt=1 valid=2471/3600
2026-09-03T20:38:31.976563Z valid parlamint_gb Generalist qwen3:8b attempt=1 valid=2472/3600
2026-09-03T20:38:38.292351Z valid parlamint_gb Fixed role qwen3:8b attempt=1 valid=2473/3600
2026-09-03T20:38:44.328690Z valid parlamint_gb All roles qwen3:8b attempt=1 valid=2474/3600
2026-09-03T20:38:50.511803Z valid parlamint_gb Generalist llama3.1:8b attempt=1 valid=2475/3600
2026-09-03T20:38:57.721947Z valid parlamint_gb Fixed role llama3.1:8b attempt=1 valid=2476/3600
2026-09-03T20:39:04.353230Z valid parlamint_gb All roles llama3.1:8b attempt=1 valid=2477/3600
2026-09-03T20:39:10.265430Z valid parlamint_gb Generalist gemma3:4b attempt=1 valid=2478/3600
2026-09-03T20:39:15.848362Z valid parlamint_gb Fixed role gemma3:4b attempt=1 valid=2479/3600
2026-09-03T20:39:22.632743Z valid parlamint_gb All roles gemma3:4b attempt=1 valid=2480/3600
2026-09-03T20:39:27.889552Z valid dreaddit Generalist qwen3:8b attempt=1 valid=2481/3600
2026-09-03T20:39:33.109751Z valid dreaddit Fixed role qwen3:8b attempt=1 valid=2482/3600
2026-09-03T20:39:38.561093Z valid dreaddit All roles qwen3:8b attempt=1 valid=2483/3600
2026-09-03T20:39:43.031295Z valid dreaddit Generalist llama3.1:8b attempt=1 valid=2484/3600
2026-09-03T20:39:48.150840Z valid dreaddit Fixed role llama3.1:8b attempt=1 valid=2485/3600
2026-09-03T20:39:53.789708Z valid dreaddit All roles llama3.1:8b attempt=1 valid=2486/3600
2026-09-03T20:39:59.071435Z valid dreaddit Generalist gemma3:4b attempt=1 valid=2487/3600
2026-09-03T20:40:04.275120Z valid dreaddit Fixed role gemma3:4b attempt=1 valid=2488/3600
2026-09-03T20:40:10.040615Z valid dreaddit All roles gemma3:4b attempt=1 valid=2489/3600
2026-09-03T20:40:13.506501Z valid goemotions Generalist qwen3:8b attempt=1 valid=2490/3600
2026-09-03T20:40:16.998132Z valid goemotions Fixed role qwen3:8b attempt=1 valid=2491/3600
2026-09-03T20:40:20.795480Z valid goemotions All roles qwen3:8b attempt=1 valid=2492/3600
2026-09-03T20:40:24.850752Z valid goemotions Generalist llama3.1:8b attempt=1 valid=2493/3600
2026-09-03T20:40:28.324592Z valid goemotions Fixed role llama3.1:8b attempt=1 valid=2494/3600
2026-09-03T20:40:32.976475Z valid goemotions All roles llama3.1:8b attempt=1 valid=2495/3600
2026-09-03T20:40:36.733993Z valid goemotions Generalist gemma3:4b attempt=1 valid=2496/3600
2026-09-03T20:40:40.325821Z valid goemotions Fixed role gemma3:4b attempt=1 valid=2497/3600
2026-09-03T20:40:45.145702Z valid goemotions All roles gemma3:4b attempt=1 valid=2498/3600
2026-09-03T20:40:49.498275Z valid agyw_focus_groups Generalist qwen3:8b attempt=1 valid=2499/3600
2026-09-03T20:40:53.394456Z valid agyw_focus_groups Fixed role qwen3:8b attempt=1 valid=2500/3600
2026-09-03T20:40:58.039335Z valid agyw_focus_groups All roles qwen3:8b attempt=1 valid=2501/3600
2026-09-03T20:41:02.082540Z valid agyw_focus_groups Generalist llama3.1:8b attempt=1 valid=2502/3600
2026-09-03T20:41:06.532878Z valid agyw_focus_groups Fixed role llama3.1:8b attempt=1 valid=2503/3600
2026-09-03T20:41:11.261761Z valid agyw_focus_groups All roles llama3.1:8b attempt=1 valid=2504/3600
2026-09-03T20:41:15.076730Z valid agyw_focus_groups Generalist gemma3:4b attempt=1 valid=2505/3600
2026-09-03T20:41:19.169769Z valid agyw_focus_groups Fixed role gemma3:4b attempt=1 valid=2506/3600
2026-09-03T20:41:23.526655Z valid agyw_focus_groups All roles gemma3:4b attempt=1 valid=2507/3600
2026-09-03T20:41:31.684688Z valid parlamint_gb Generalist qwen3:8b attempt=1 valid=2508/3600
2026-09-03T20:41:41.018290Z valid parlamint_gb Fixed role qwen3:8b attempt=1 valid=2509/3600
2026-09-03T20:41:50.097792Z valid parlamint_gb All roles qwen3:8b attempt=1 valid=2510/3600
2026-09-03T20:41:58.531446Z valid parlamint_gb Generalist llama3.1:8b attempt=1 valid=2511/3600
2026-09-03T20:42:06.668899Z valid parlamint_gb Fixed role llama3.1:8b attempt=1 valid=2512/3600
2026-09-03T20:42:16.028603Z valid parlamint_gb All roles llama3.1:8b attempt=1 valid=2513/3600
2026-09-03T20:42:25.147761Z valid parlamint_gb Generalist gemma3:4b attempt=1 valid=2514/3600
2026-09-03T20:42:33.611391Z valid parlamint_gb Fixed role gemma3:4b attempt=1 valid=2515/3600
2026-09-03T20:42:42.724818Z valid parlamint_gb All roles gemma3:4b attempt=1 valid=2516/3600
2026-09-03T20:42:47.615020Z valid dreaddit Generalist qwen3:8b attempt=1 valid=2517/3600
2026-09-03T20:42:52.135687Z valid dreaddit Fixed role qwen3:8b attempt=1 valid=2518/3600
2026-09-03T20:42:57.349583Z valid dreaddit All roles qwen3:8b attempt=1 valid=2519/3600
2026-09-03T20:43:02.113290Z valid dreaddit Generalist llama3.1:8b attempt=1 valid=2520/3600
2026-09-03T20:43:07.131327Z valid dreaddit Fixed role llama3.1:8b attempt=1 valid=2521/3600
2026-09-03T20:43:12.641252Z valid dreaddit All roles llama3.1:8b attempt=1 valid=2522/3600
2026-09-03T20:43:17.548551Z valid dreaddit Generalist gemma3:4b attempt=1 valid=2523/3600
2026-09-03T20:43:21.787282Z valid dreaddit Fixed role gemma3:4b attempt=1 valid=2524/3600
2026-09-03T20:43:26.990727Z valid dreaddit All roles gemma3:4b attempt=1 valid=2525/3600
2026-09-03T20:43:30.361226Z valid goemotions Generalist qwen3:8b attempt=1 valid=2526/3600
2026-09-03T20:43:33.733492Z valid goemotions Fixed role qwen3:8b attempt=1 valid=2527/3600
2026-09-03T20:43:37.123208Z valid goemotions All roles qwen3:8b attempt=1 valid=2528/3600
2026-09-03T20:43:40.532397Z valid goemotions Generalist llama3.1:8b attempt=1 valid=2529/3600
2026-09-03T20:43:43.985453Z valid goemotions Fixed role llama3.1:8b attempt=1 valid=2530/3600
2026-09-03T20:43:48.271523Z valid goemotions All roles llama3.1:8b attempt=1 valid=2531/3600
2026-09-03T20:43:51.653896Z valid goemotions Generalist gemma3:4b attempt=1 valid=2532/3600
2026-09-03T20:43:55.174116Z valid goemotions Fixed role gemma3:4b attempt=1 valid=2533/3600
2026-09-03T20:43:59.146713Z valid goemotions All roles gemma3:4b attempt=1 valid=2534/3600
2026-09-03T20:44:03.031899Z valid agyw_focus_groups Generalist qwen3:8b attempt=1 valid=2535/3600
2026-09-03T20:44:06.524438Z valid agyw_focus_groups Fixed role qwen3:8b attempt=1 valid=2536/3600
2026-09-03T20:44:10.413417Z valid agyw_focus_groups All roles qwen3:8b attempt=1 valid=2537/3600
2026-09-03T20:44:14.162418Z valid agyw_focus_groups Generalist llama3.1:8b attempt=1 valid=2538/3600
2026-09-03T20:44:17.886900Z valid agyw_focus_groups Fixed role llama3.1:8b attempt=1 valid=2539/3600
2026-09-03T20:44:21.992419Z valid agyw_focus_groups All roles llama3.1:8b attempt=1 valid=2540/3600
2026-09-03T20:44:26.019744Z valid agyw_focus_groups Generalist gemma3:4b attempt=1 valid=2541/3600
2026-09-03T20:44:29.987224Z valid agyw_focus_groups Fixed role gemma3:4b attempt=1 valid=2542/3600
2026-09-03T20:44:35.468546Z valid agyw_focus_groups All roles gemma3:4b attempt=1 valid=2543/3600
2026-09-03T20:44:39.855055Z valid parlamint_gb Generalist qwen3:8b attempt=1 valid=2544/3600
2026-09-03T20:44:44.378701Z valid parlamint_gb Fixed role qwen3:8b attempt=1 valid=2545/3600
2026-09-03T20:44:50.367686Z valid parlamint_gb All roles qwen3:8b attempt=1 valid=2546/3600
2026-09-03T20:44:55.969116Z valid parlamint_gb Generalist llama3.1:8b attempt=1 valid=2547/3600
2026-09-03T20:45:02.002351Z valid parlamint_gb Fixed role llama3.1:8b attempt=1 valid=2548/3600
2026-09-03T20:45:07.287118Z valid parlamint_gb All roles llama3.1:8b attempt=1 valid=2549/3600
2026-09-03T20:45:11.808027Z valid parlamint_gb Generalist gemma3:4b attempt=1 valid=2550/3600
2026-09-03T20:45:17.299887Z valid parlamint_gb Fixed role gemma3:4b attempt=1 valid=2551/3600
2026-09-03T20:45:22.032010Z valid parlamint_gb All roles gemma3:4b attempt=1 valid=2552/3600
2026-09-03T20:45:27.352543Z valid dreaddit Generalist qwen3:8b attempt=1 valid=2553/3600
2026-09-03T20:45:32.270150Z valid dreaddit Fixed role qwen3:8b attempt=1 valid=2554/3600
2026-09-03T20:45:37.882119Z valid dreaddit All roles qwen3:8b attempt=1 valid=2555/3600
2026-09-03T20:45:43.268066Z valid dreaddit Generalist llama3.1:8b attempt=1 valid=2556/3600
2026-09-03T20:45:49.027131Z valid dreaddit Fixed role llama3.1:8b attempt=1 valid=2557/3600
2026-09-03T20:45:55.037784Z valid dreaddit All roles llama3.1:8b attempt=1 valid=2558/3600
2026-09-03T20:46:00.873864Z valid dreaddit Generalist gemma3:4b attempt=1 valid=2559/3600
2026-09-03T20:46:06.599439Z valid dreaddit Fixed role gemma3:4b attempt=1 valid=2560/3600
2026-09-03T20:46:12.367089Z valid dreaddit All roles gemma3:4b attempt=1 valid=2561/3600
2026-09-03T20:46:16.609444Z valid goemotions Generalist qwen3:8b attempt=1 valid=2562/3600
2026-09-03T20:46:19.476025Z valid goemotions Fixed role qwen3:8b attempt=1 valid=2563/3600
2026-09-03T20:46:24.110445Z valid goemotions All roles qwen3:8b attempt=1 valid=2564/3600
2026-09-03T20:46:27.587387Z valid goemotions Generalist llama3.1:8b attempt=1 valid=2565/3600
2026-09-03T20:46:31.730318Z valid goemotions Fixed role llama3.1:8b attempt=1 valid=2566/3600
2026-09-03T20:46:36.462708Z valid goemotions All roles llama3.1:8b attempt=1 valid=2567/3600
2026-09-03T20:46:41.443678Z valid goemotions Generalist gemma3:4b attempt=1 valid=2568/3600
2026-09-03T20:46:45.437673Z valid goemotions Fixed role gemma3:4b attempt=1 valid=2569/3600
2026-09-03T20:46:50.374290Z valid goemotions All roles gemma3:4b attempt=1 valid=2570/3600
2026-09-03T20:46:54.529384Z valid agyw_focus_groups Generalist qwen3:8b attempt=1 valid=2571/3600
2026-09-03T20:46:58.275749Z valid agyw_focus_groups Fixed role qwen3:8b attempt=1 valid=2572/3600
2026-09-03T20:47:03.558846Z valid agyw_focus_groups All roles qwen3:8b attempt=1 valid=2573/3600
2026-09-03T20:47:08.076634Z valid agyw_focus_groups Generalist llama3.1:8b attempt=1 valid=2574/3600
2026-09-03T20:47:12.338411Z valid agyw_focus_groups Fixed role llama3.1:8b attempt=1 valid=2575/3600
2026-09-03T20:47:16.664395Z valid agyw_focus_groups All roles llama3.1:8b attempt=1 valid=2576/3600
2026-09-03T20:47:20.866906Z valid agyw_focus_groups Generalist gemma3:4b attempt=1 valid=2577/3600
2026-09-03T20:47:25.650964Z valid agyw_focus_groups Fixed role gemma3:4b attempt=1 valid=2578/3600
2026-09-03T20:47:30.483629Z valid agyw_focus_groups All roles gemma3:4b attempt=1 valid=2579/3600
2026-09-03T20:47:36.482092Z valid parlamint_gb Generalist qwen3:8b attempt=1 valid=2580/3600
2026-09-03T20:47:42.488960Z valid parlamint_gb Fixed role qwen3:8b attempt=1 valid=2581/3600
2026-09-03T20:47:48.850241Z valid parlamint_gb All roles qwen3:8b attempt=1 valid=2582/3600
2026-09-03T20:47:54.815534Z valid parlamint_gb Generalist llama3.1:8b attempt=1 valid=2583/3600
2026-09-03T20:48:00.468253Z valid parlamint_gb Fixed role llama3.1:8b attempt=1 valid=2584/3600
2026-09-03T20:48:07.204483Z valid parlamint_gb All roles llama3.1:8b attempt=1 valid=2585/3600
2026-09-03T20:48:13.757552Z valid parlamint_gb Generalist gemma3:4b attempt=1 valid=2586/3600
2026-09-03T20:48:19.014996Z valid parlamint_gb Fixed role gemma3:4b attempt=1 valid=2587/3600
2026-09-03T20:48:25.560133Z valid parlamint_gb All roles gemma3:4b attempt=1 valid=2588/3600
2026-09-03T20:48:30.386314Z valid dreaddit Generalist qwen3:8b attempt=1 valid=2589/3600
2026-09-03T20:48:35.751568Z valid dreaddit Fixed role qwen3:8b attempt=1 valid=2590/3600
2026-09-03T20:48:41.347802Z valid dreaddit All roles qwen3:8b attempt=1 valid=2591/3600
2026-09-03T20:48:46.083407Z valid dreaddit Generalist llama3.1:8b attempt=1 valid=2592/3600
2026-09-03T20:48:50.705708Z valid dreaddit Fixed role llama3.1:8b attempt=1 valid=2593/3600
2026-09-03T20:48:56.483728Z valid dreaddit All roles llama3.1:8b attempt=1 valid=2594/3600
2026-09-03T20:49:00.975088Z valid dreaddit Generalist gemma3:4b attempt=1 valid=2595/3600
2026-09-03T20:49:06.399596Z valid dreaddit Fixed role gemma3:4b attempt=1 valid=2596/3600
2026-09-03T20:49:12.085584Z valid dreaddit All roles gemma3:4b attempt=1 valid=2597/3600
2026-09-03T20:49:15.904317Z valid goemotions Generalist qwen3:8b attempt=1 valid=2598/3600
2026-09-03T20:49:19.736916Z valid goemotions Fixed role qwen3:8b attempt=1 valid=2599/3600
2026-09-03T20:49:23.870353Z valid goemotions All roles qwen3:8b attempt=1 valid=2600/3600
2026-09-03T20:49:27.285542Z valid goemotions Generalist llama3.1:8b attempt=1 valid=2601/3600
2026-09-03T20:49:30.828537Z valid goemotions Fixed role llama3.1:8b attempt=1 valid=2602/3600
2026-09-03T20:49:34.533378Z valid goemotions All roles llama3.1:8b attempt=1 valid=2603/3600
2026-09-03T20:49:37.889853Z valid goemotions Generalist gemma3:4b attempt=1 valid=2604/3600
2026-09-03T20:49:41.245596Z valid goemotions Fixed role gemma3:4b attempt=1 valid=2605/3600
2026-09-03T20:49:45.078391Z valid goemotions All roles gemma3:4b attempt=1 valid=2606/3600
2026-09-03T20:49:50.518672Z valid agyw_focus_groups Generalist qwen3:8b attempt=1 valid=2607/3600
2026-09-03T20:49:55.391448Z valid agyw_focus_groups Fixed role qwen3:8b attempt=1 valid=2608/3600
2026-09-03T20:49:59.686819Z valid agyw_focus_groups All roles qwen3:8b attempt=1 valid=2609/3600
2026-09-03T20:50:04.567174Z valid agyw_focus_groups Generalist llama3.1:8b attempt=1 valid=2610/3600
2026-09-03T20:50:09.361368Z valid agyw_focus_groups Fixed role llama3.1:8b attempt=1 valid=2611/3600
2026-09-03T20:50:14.680341Z valid agyw_focus_groups All roles llama3.1:8b attempt=1 valid=2612/3600
2026-09-03T20:50:19.488165Z valid agyw_focus_groups Generalist gemma3:4b attempt=1 valid=2613/3600
2026-09-03T20:50:24.244501Z valid agyw_focus_groups Fixed role gemma3:4b attempt=1 valid=2614/3600
2026-09-03T20:50:29.431226Z valid agyw_focus_groups All roles gemma3:4b attempt=1 valid=2615/3600
2026-09-03T20:50:34.022058Z valid parlamint_gb Generalist qwen3:8b attempt=1 valid=2616/3600
2026-09-03T20:50:38.382992Z valid parlamint_gb Fixed role qwen3:8b attempt=1 valid=2617/3600
2026-09-03T20:50:42.920916Z valid parlamint_gb All roles qwen3:8b attempt=1 valid=2618/3600
2026-09-03T20:50:47.096948Z valid parlamint_gb Generalist llama3.1:8b attempt=1 valid=2619/3600
2026-09-03T20:50:51.809402Z valid parlamint_gb Fixed role llama3.1:8b attempt=1 valid=2620/3600
2026-09-03T20:50:58.202065Z valid parlamint_gb All roles llama3.1:8b attempt=1 valid=2621/3600
2026-09-03T20:51:03.347811Z valid parlamint_gb Generalist gemma3:4b attempt=1 valid=2622/3600
2026-09-03T20:51:07.857373Z valid parlamint_gb Fixed role gemma3:4b attempt=1 valid=2623/3600
2026-09-03T20:51:12.640584Z valid parlamint_gb All roles gemma3:4b attempt=1 valid=2624/3600
2026-09-03T20:51:17.587060Z valid dreaddit Generalist qwen3:8b attempt=1 valid=2625/3600
2026-09-03T20:51:22.175035Z valid dreaddit Fixed role qwen3:8b attempt=1 valid=2626/3600
2026-09-03T20:51:27.273411Z valid dreaddit All roles qwen3:8b attempt=1 valid=2627/3600
2026-09-03T20:51:31.437370Z valid dreaddit Generalist llama3.1:8b attempt=1 valid=2628/3600
2026-09-03T20:51:36.647644Z valid dreaddit Fixed role llama3.1:8b attempt=1 valid=2629/3600
2026-09-03T20:51:41.996712Z valid dreaddit All roles llama3.1:8b attempt=1 valid=2630/3600
2026-09-03T20:51:47.091681Z valid dreaddit Generalist gemma3:4b attempt=1 valid=2631/3600
2026-09-03T20:51:52.217841Z valid dreaddit Fixed role gemma3:4b attempt=1 valid=2632/3600
2026-09-03T20:51:57.344384Z valid dreaddit All roles gemma3:4b attempt=1 valid=2633/3600
2026-09-03T20:52:00.902152Z valid goemotions Generalist qwen3:8b attempt=1 valid=2634/3600
2026-09-03T20:52:04.517029Z valid goemotions Fixed role qwen3:8b attempt=1 valid=2635/3600
2026-09-03T20:52:08.686496Z valid goemotions All roles qwen3:8b attempt=1 valid=2636/3600
2026-09-03T20:52:12.130905Z valid goemotions Generalist llama3.1:8b attempt=1 valid=2637/3600
2026-09-03T20:52:15.601701Z valid goemotions Fixed role llama3.1:8b attempt=1 valid=2638/3600
2026-09-03T20:52:19.709312Z valid goemotions All roles llama3.1:8b attempt=1 valid=2639/3600
2026-09-03T20:52:23.186869Z valid goemotions Generalist gemma3:4b attempt=1 valid=2640/3600
2026-09-03T20:52:26.504488Z valid goemotions Fixed role gemma3:4b attempt=1 valid=2641/3600
2026-09-03T20:52:30.543826Z valid goemotions All roles gemma3:4b attempt=1 valid=2642/3600
2026-09-03T20:52:34.751874Z valid agyw_focus_groups Generalist qwen3:8b attempt=1 valid=2643/3600
2026-09-03T20:52:38.593281Z valid agyw_focus_groups Fixed role qwen3:8b attempt=1 valid=2644/3600
2026-09-03T20:52:42.437338Z valid agyw_focus_groups All roles qwen3:8b attempt=1 valid=2645/3600
2026-09-03T20:52:46.405353Z valid agyw_focus_groups Generalist llama3.1:8b attempt=1 valid=2646/3600
2026-09-03T20:52:50.221705Z valid agyw_focus_groups Fixed role llama3.1:8b attempt=1 valid=2647/3600
2026-09-03T20:52:55.026533Z valid agyw_focus_groups All roles llama3.1:8b attempt=1 valid=2648/3600
2026-09-03T20:52:59.226023Z valid agyw_focus_groups Generalist gemma3:4b attempt=1 valid=2649/3600
2026-09-03T20:53:04.220407Z valid agyw_focus_groups Fixed role gemma3:4b attempt=1 valid=2650/3600
2026-09-03T20:53:09.381032Z valid agyw_focus_groups All roles gemma3:4b attempt=1 valid=2651/3600
2026-09-03T20:53:14.182432Z valid parlamint_gb Generalist qwen3:8b attempt=1 valid=2652/3600
2026-09-03T20:53:19.116554Z valid parlamint_gb Fixed role qwen3:8b attempt=1 valid=2653/3600
2026-09-03T20:53:24.365852Z valid parlamint_gb All roles qwen3:8b attempt=1 valid=2654/3600
2026-09-03T20:53:29.295048Z valid parlamint_gb Generalist llama3.1:8b attempt=1 valid=2655/3600
2026-09-03T20:53:34.345535Z valid parlamint_gb Fixed role llama3.1:8b attempt=1 valid=2656/3600
2026-09-03T20:53:39.722356Z valid parlamint_gb All roles llama3.1:8b attempt=1 valid=2657/3600
2026-09-03T20:53:44.866761Z valid parlamint_gb Generalist gemma3:4b attempt=1 valid=2658/3600
2026-09-03T20:53:49.430187Z valid parlamint_gb Fixed role gemma3:4b attempt=1 valid=2659/3600
2026-09-03T20:53:54.628424Z valid parlamint_gb All roles gemma3:4b attempt=1 valid=2660/3600
2026-09-03T20:53:58.968679Z valid dreaddit Generalist qwen3:8b attempt=1 valid=2661/3600
2026-09-03T20:54:03.333182Z valid dreaddit Fixed role qwen3:8b attempt=1 valid=2662/3600
2026-09-03T20:54:08.694182Z valid dreaddit All roles qwen3:8b attempt=1 valid=2663/3600
2026-09-03T20:54:13.240259Z valid dreaddit Generalist llama3.1:8b attempt=1 valid=2664/3600
2026-09-03T20:54:17.246193Z valid dreaddit Fixed role llama3.1:8b attempt=1 valid=2665/3600
2026-09-03T20:54:22.372085Z valid dreaddit All roles llama3.1:8b attempt=1 valid=2666/3600
2026-09-03T20:54:26.845450Z valid dreaddit Generalist gemma3:4b attempt=1 valid=2667/3600
2026-09-03T20:54:30.837527Z valid dreaddit Fixed role gemma3:4b attempt=1 valid=2668/3600
2026-09-03T20:54:35.781317Z valid dreaddit All roles gemma3:4b attempt=1 valid=2669/3600
2026-09-03T20:54:40.615525Z valid goemotions Generalist qwen3:8b attempt=1 valid=2670/3600
2026-09-03T20:54:44.294714Z valid goemotions Fixed role qwen3:8b attempt=1 valid=2671/3600
2026-09-03T20:54:48.960599Z valid goemotions All roles qwen3:8b attempt=1 valid=2672/3600
2026-09-03T20:54:52.765465Z valid goemotions Generalist llama3.1:8b attempt=1 valid=2673/3600
2026-09-03T20:54:56.886904Z valid goemotions Fixed role llama3.1:8b attempt=1 valid=2674/3600
2026-09-03T20:55:01.944753Z valid goemotions All roles llama3.1:8b attempt=1 valid=2675/3600
2026-09-03T20:55:05.934194Z valid goemotions Generalist gemma3:4b attempt=1 valid=2676/3600
2026-09-03T20:55:10.866497Z valid goemotions Fixed role gemma3:4b attempt=1 valid=2677/3600
2026-09-03T20:55:14.985954Z valid goemotions All roles gemma3:4b attempt=1 valid=2678/3600
2026-09-03T20:55:19.734930Z valid agyw_focus_groups Generalist qwen3:8b attempt=1 valid=2679/3600
2026-09-03T20:55:24.349422Z valid agyw_focus_groups Fixed role qwen3:8b attempt=1 valid=2680/3600
2026-09-03T20:55:28.872277Z valid agyw_focus_groups All roles qwen3:8b attempt=1 valid=2681/3600
2026-09-03T20:55:33.240025Z valid agyw_focus_groups Generalist llama3.1:8b attempt=1 valid=2682/3600
2026-09-03T20:55:37.619188Z valid agyw_focus_groups Fixed role llama3.1:8b attempt=1 valid=2683/3600
2026-09-03T20:55:42.689524Z valid agyw_focus_groups All roles llama3.1:8b attempt=1 valid=2684/3600
2026-09-03T20:55:47.300057Z valid agyw_focus_groups Generalist gemma3:4b attempt=1 valid=2685/3600
2026-09-03T20:55:51.661159Z valid agyw_focus_groups Fixed role gemma3:4b attempt=1 valid=2686/3600
2026-09-03T20:55:56.837866Z valid agyw_focus_groups All roles gemma3:4b attempt=1 valid=2687/3600
2026-09-03T20:56:02.458620Z valid parlamint_gb Generalist qwen3:8b attempt=1 valid=2688/3600
2026-09-03T20:56:07.495752Z valid parlamint_gb Fixed role qwen3:8b attempt=1 valid=2689/3600
2026-09-03T20:56:13.419426Z valid parlamint_gb All roles qwen3:8b attempt=1 valid=2690/3600
2026-09-03T20:56:18.866816Z valid parlamint_gb Generalist llama3.1:8b attempt=1 valid=2691/3600
2026-09-03T20:56:25.505899Z valid parlamint_gb Fixed role llama3.1:8b attempt=1 valid=2692/3600
2026-09-03T20:56:31.436583Z valid parlamint_gb All roles llama3.1:8b attempt=1 valid=2693/3600
2026-09-03T20:56:36.599964Z valid parlamint_gb Generalist gemma3:4b attempt=1 valid=2694/3600
2026-09-03T20:56:42.424352Z valid parlamint_gb Fixed role gemma3:4b attempt=1 valid=2695/3600
2026-09-03T20:56:48.685069Z valid parlamint_gb All roles gemma3:4b attempt=1 valid=2696/3600
2026-09-03T20:56:54.390269Z valid dreaddit Generalist qwen3:8b attempt=1 valid=2697/3600
2026-09-03T20:56:59.735358Z valid dreaddit Fixed role qwen3:8b attempt=1 valid=2698/3600
2026-09-03T20:57:04.847153Z valid dreaddit All roles qwen3:8b attempt=1 valid=2699/3600
2026-09-03T20:57:11.680671Z valid dreaddit Generalist llama3.1:8b attempt=1 valid=2700/3600
2026-09-03T20:57:15.971035Z valid dreaddit Fixed role llama3.1:8b attempt=1 valid=2701/3600
2026-09-03T20:57:20.469171Z valid dreaddit All roles llama3.1:8b attempt=1 valid=2702/3600
2026-09-03T20:57:24.736989Z valid dreaddit Generalist gemma3:4b attempt=1 valid=2703/3600
2026-09-03T20:57:29.183531Z valid dreaddit Fixed role gemma3:4b attempt=1 valid=2704/3600
2026-09-03T20:57:34.091304Z valid dreaddit All roles gemma3:4b attempt=1 valid=2705/3600
2026-09-03T20:57:37.788186Z valid goemotions Generalist qwen3:8b attempt=1 valid=2706/3600
2026-09-03T20:57:41.457386Z valid goemotions Fixed role qwen3:8b attempt=1 valid=2707/3600
2026-09-03T20:57:45.323532Z valid goemotions All roles qwen3:8b attempt=1 valid=2708/3600
2026-09-03T20:57:49.641701Z valid goemotions Generalist llama3.1:8b attempt=1 valid=2709/3600
2026-09-03T20:57:53.101573Z valid goemotions Fixed role llama3.1:8b attempt=1 valid=2710/3600
2026-09-03T20:57:58.064938Z valid goemotions All roles llama3.1:8b attempt=1 valid=2711/3600
2026-09-03T20:58:01.925490Z valid goemotions Generalist gemma3:4b attempt=1 valid=2712/3600
2026-09-03T20:58:06.153517Z valid goemotions Fixed role gemma3:4b attempt=1 valid=2713/3600
2026-09-03T20:58:11.185268Z valid goemotions All roles gemma3:4b attempt=1 valid=2714/3600
2026-09-03T20:58:15.747885Z valid agyw_focus_groups Generalist qwen3:8b attempt=1 valid=2715/3600
2026-09-03T20:58:19.983601Z valid agyw_focus_groups Fixed role qwen3:8b attempt=1 valid=2716/3600
2026-09-03T20:58:25.098303Z valid agyw_focus_groups All roles qwen3:8b attempt=1 valid=2717/3600
2026-09-03T20:58:29.839853Z valid agyw_focus_groups Generalist llama3.1:8b attempt=1 valid=2718/3600
2026-09-03T20:58:34.000851Z valid agyw_focus_groups Fixed role llama3.1:8b attempt=1 valid=2719/3600
2026-09-03T20:58:39.467887Z valid agyw_focus_groups All roles llama3.1:8b attempt=1 valid=2720/3600
2026-09-03T20:58:43.791026Z valid agyw_focus_groups Generalist gemma3:4b attempt=1 valid=2721/3600
2026-09-03T20:58:48.022285Z valid agyw_focus_groups Fixed role gemma3:4b attempt=1 valid=2722/3600
2026-09-03T20:58:53.892154Z valid agyw_focus_groups All roles gemma3:4b attempt=1 valid=2723/3600
2026-09-03T20:58:59.002579Z valid parlamint_gb Generalist qwen3:8b attempt=1 valid=2724/3600
2026-09-03T20:59:01.725195Z valid parlamint_gb Fixed role qwen3:8b attempt=1 valid=2725/3600
2026-09-03T20:59:07.061703Z valid parlamint_gb All roles qwen3:8b attempt=1 valid=2726/3600
2026-09-03T20:59:12.595824Z valid parlamint_gb Generalist llama3.1:8b attempt=1 valid=2727/3600
2026-09-03T20:59:18.364817Z valid parlamint_gb Fixed role llama3.1:8b attempt=1 valid=2728/3600
2026-09-03T20:59:23.502429Z valid parlamint_gb All roles llama3.1:8b attempt=1 valid=2729/3600
2026-09-03T20:59:28.605582Z valid parlamint_gb Generalist gemma3:4b attempt=1 valid=2730/3600
2026-09-03T20:59:34.217277Z valid parlamint_gb Fixed role gemma3:4b attempt=1 valid=2731/3600
2026-09-03T20:59:39.717861Z valid parlamint_gb All roles gemma3:4b attempt=1 valid=2732/3600
2026-09-03T20:59:44.255965Z valid dreaddit Generalist qwen3:8b attempt=1 valid=2733/3600
2026-09-03T20:59:50.348657Z valid dreaddit Fixed role qwen3:8b attempt=1 valid=2734/3600
2026-09-03T20:59:55.136657Z valid dreaddit All roles qwen3:8b attempt=1 valid=2735/3600
2026-09-03T21:00:01.203446Z valid dreaddit Generalist llama3.1:8b attempt=1 valid=2736/3600
2026-09-03T21:00:06.277566Z valid dreaddit Fixed role llama3.1:8b attempt=1 valid=2737/3600
2026-09-03T21:00:12.345545Z valid dreaddit All roles llama3.1:8b attempt=1 valid=2738/3600
2026-09-03T21:00:17.757701Z valid dreaddit Generalist gemma3:4b attempt=1 valid=2739/3600
2026-09-03T21:00:22.986618Z valid dreaddit Fixed role gemma3:4b attempt=1 valid=2740/3600
2026-09-03T21:00:28.380250Z valid dreaddit All roles gemma3:4b attempt=1 valid=2741/3600
2026-09-03T21:00:32.166348Z valid goemotions Generalist qwen3:8b attempt=1 valid=2742/3600
2026-09-03T21:00:36.103464Z valid goemotions Fixed role qwen3:8b attempt=1 valid=2743/3600
2026-09-03T21:00:40.337490Z valid goemotions All roles qwen3:8b attempt=1 valid=2744/3600
2026-09-03T21:00:44.837713Z valid goemotions Generalist llama3.1:8b attempt=1 valid=2745/3600
2026-09-03T21:00:49.015243Z valid goemotions Fixed role llama3.1:8b attempt=1 valid=2746/3600
2026-09-03T21:00:53.448116Z valid goemotions All roles llama3.1:8b attempt=1 valid=2747/3600
2026-09-03T21:00:57.410970Z valid goemotions Generalist gemma3:4b attempt=1 valid=2748/3600
2026-09-03T21:01:01.588122Z valid goemotions Fixed role gemma3:4b attempt=1 valid=2749/3600
2026-09-03T21:01:05.530697Z valid goemotions All roles gemma3:4b attempt=1 valid=2750/3600
2026-09-03T21:01:09.603643Z valid agyw_focus_groups Generalist qwen3:8b attempt=1 valid=2751/3600
2026-09-03T21:01:13.960232Z valid agyw_focus_groups Fixed role qwen3:8b attempt=1 valid=2752/3600
2026-09-03T21:01:18.594450Z valid agyw_focus_groups All roles qwen3:8b attempt=1 valid=2753/3600
2026-09-03T21:01:22.802863Z valid agyw_focus_groups Generalist llama3.1:8b attempt=1 valid=2754/3600
2026-09-03T21:01:26.708653Z valid agyw_focus_groups Fixed role llama3.1:8b attempt=1 valid=2755/3600
2026-09-03T21:01:30.936488Z valid agyw_focus_groups All roles llama3.1:8b attempt=1 valid=2756/3600
2026-09-03T21:01:35.201595Z valid agyw_focus_groups Generalist gemma3:4b attempt=1 valid=2757/3600
2026-09-03T21:01:40.411780Z valid agyw_focus_groups Fixed role gemma3:4b attempt=1 valid=2758/3600
2026-09-03T21:01:45.216147Z valid agyw_focus_groups All roles gemma3:4b attempt=1 valid=2759/3600
2026-09-03T21:01:50.065473Z valid parlamint_gb Generalist qwen3:8b attempt=1 valid=2760/3600
2026-09-03T21:01:55.062647Z valid parlamint_gb Fixed role qwen3:8b attempt=1 valid=2761/3600
2026-09-03T21:02:00.192052Z valid parlamint_gb All roles qwen3:8b attempt=1 valid=2762/3600
2026-09-03T21:02:05.020845Z valid parlamint_gb Generalist llama3.1:8b attempt=1 valid=2763/3600
2026-09-03T21:02:09.960676Z valid parlamint_gb Fixed role llama3.1:8b attempt=1 valid=2764/3600
2026-09-03T21:02:15.457143Z valid parlamint_gb All roles llama3.1:8b attempt=1 valid=2765/3600
2026-09-03T21:02:20.126676Z valid parlamint_gb Generalist gemma3:4b attempt=1 valid=2766/3600
2026-09-03T21:02:24.977045Z valid parlamint_gb Fixed role gemma3:4b attempt=1 valid=2767/3600
2026-09-03T21:02:30.914559Z valid parlamint_gb All roles gemma3:4b attempt=1 valid=2768/3600
2026-09-03T21:02:36.899522Z valid dreaddit Generalist qwen3:8b attempt=1 valid=2769/3600
2026-09-03T21:02:41.518797Z valid dreaddit Fixed role qwen3:8b attempt=1 valid=2770/3600
2026-09-03T21:02:46.547964Z valid dreaddit All roles qwen3:8b attempt=1 valid=2771/3600
2026-09-03T21:02:52.049565Z valid dreaddit Generalist llama3.1:8b attempt=1 valid=2772/3600
2026-09-03T21:02:57.313604Z valid dreaddit Fixed role llama3.1:8b attempt=1 valid=2773/3600
2026-09-03T21:03:02.651266Z valid dreaddit All roles llama3.1:8b attempt=1 valid=2774/3600
2026-09-03T21:03:07.819052Z valid dreaddit Generalist gemma3:4b attempt=1 valid=2775/3600
2026-09-03T21:03:13.208225Z valid dreaddit Fixed role gemma3:4b attempt=1 valid=2776/3600
2026-09-03T21:03:19.090092Z valid dreaddit All roles gemma3:4b attempt=1 valid=2777/3600
2026-09-03T21:03:23.122488Z valid goemotions Generalist qwen3:8b attempt=1 valid=2778/3600
2026-09-03T21:03:26.533056Z valid goemotions Fixed role qwen3:8b attempt=1 valid=2779/3600
2026-09-03T21:03:30.923840Z valid goemotions All roles qwen3:8b attempt=1 valid=2780/3600
2026-09-03T21:03:34.865928Z valid goemotions Generalist llama3.1:8b attempt=1 valid=2781/3600
2026-09-03T21:03:38.245220Z valid goemotions Fixed role llama3.1:8b attempt=1 valid=2782/3600
2026-09-03T21:03:42.556729Z valid goemotions All roles llama3.1:8b attempt=1 valid=2783/3600
2026-09-03T21:03:46.517224Z valid goemotions Generalist gemma3:4b attempt=1 valid=2784/3600
2026-09-03T21:03:50.756281Z valid goemotions Fixed role gemma3:4b attempt=1 valid=2785/3600
2026-09-03T21:03:55.275747Z valid goemotions All roles gemma3:4b attempt=1 valid=2786/3600
2026-09-03T21:03:59.027751Z valid agyw_focus_groups Generalist qwen3:8b attempt=1 valid=2787/3600
2026-09-03T21:04:02.400291Z valid agyw_focus_groups Fixed role qwen3:8b attempt=1 valid=2788/3600
2026-09-03T21:04:06.735586Z valid agyw_focus_groups All roles qwen3:8b attempt=1 valid=2789/3600
2026-09-03T21:04:10.354135Z valid agyw_focus_groups Generalist llama3.1:8b attempt=1 valid=2790/3600
2026-09-03T21:04:13.892485Z valid agyw_focus_groups Fixed role llama3.1:8b attempt=1 valid=2791/3600
2026-09-03T21:04:18.621636Z valid agyw_focus_groups All roles llama3.1:8b attempt=1 valid=2792/3600
2026-09-03T21:04:22.710689Z valid agyw_focus_groups Generalist gemma3:4b attempt=1 valid=2793/3600
2026-09-03T21:04:26.588347Z valid agyw_focus_groups Fixed role gemma3:4b attempt=1 valid=2794/3600
2026-09-03T21:04:30.767733Z valid agyw_focus_groups All roles gemma3:4b attempt=1 valid=2795/3600
2026-09-03T21:04:40.617949Z valid parlamint_gb Generalist qwen3:8b attempt=1 valid=2796/3600
2026-09-03T21:04:50.593307Z valid parlamint_gb Fixed role qwen3:8b attempt=1 valid=2797/3600
2026-09-03T21:05:01.178027Z valid parlamint_gb All roles qwen3:8b attempt=1 valid=2798/3600
2026-09-03T21:05:10.943400Z valid parlamint_gb Generalist llama3.1:8b attempt=1 valid=2799/3600
2026-09-03T21:05:21.883063Z valid parlamint_gb Fixed role llama3.1:8b attempt=1 valid=2800/3600
2026-09-03T21:05:33.345683Z valid parlamint_gb All roles llama3.1:8b attempt=1 valid=2801/3600
2026-09-03T21:05:44.573354Z valid parlamint_gb Generalist gemma3:4b attempt=1 valid=2802/3600
2026-09-03T21:05:55.246460Z valid parlamint_gb Fixed role gemma3:4b attempt=1 valid=2803/3600
2026-09-03T21:05:59.993486Z valid dreaddit Generalist qwen3:8b attempt=1 valid=2804/3600
2026-09-03T21:06:04.306668Z valid dreaddit Fixed role qwen3:8b attempt=1 valid=2805/3600
2026-09-03T21:06:09.430750Z valid dreaddit All roles qwen3:8b attempt=1 valid=2806/3600
2026-09-03T21:06:14.659475Z valid dreaddit Generalist llama3.1:8b attempt=1 valid=2807/3600
2026-09-03T21:06:18.965972Z valid dreaddit Fixed role llama3.1:8b attempt=1 valid=2808/3600
2026-09-03T21:06:24.364334Z valid dreaddit All roles llama3.1:8b attempt=1 valid=2809/3600
2026-09-03T21:06:29.161023Z valid dreaddit Generalist gemma3:4b attempt=1 valid=2810/3600
2026-09-03T21:06:34.456054Z valid dreaddit Fixed role gemma3:4b attempt=1 valid=2811/3600
2026-09-03T21:06:39.681315Z valid dreaddit All roles gemma3:4b attempt=1 valid=2812/3600
2026-09-03T21:06:42.659766Z valid goemotions Generalist qwen3:8b attempt=1 valid=2813/3600
2026-09-03T21:06:45.943810Z valid goemotions Fixed role qwen3:8b attempt=1 valid=2814/3600
2026-09-03T21:06:49.564581Z valid goemotions All roles qwen3:8b attempt=1 valid=2815/3600
2026-09-03T21:06:52.851583Z valid goemotions Generalist llama3.1:8b attempt=1 valid=2816/3600
2026-09-03T21:06:55.848004Z valid goemotions Fixed role llama3.1:8b attempt=1 valid=2817/3600
2026-09-03T21:06:59.645727Z valid goemotions All roles llama3.1:8b attempt=1 valid=2818/3600
2026-09-03T21:07:02.791915Z valid goemotions Generalist gemma3:4b attempt=1 valid=2819/3600
2026-09-03T21:07:06.135517Z valid goemotions Fixed role gemma3:4b attempt=1 valid=2820/3600
2026-09-03T21:07:10.167749Z valid goemotions All roles gemma3:4b attempt=1 valid=2821/3600
2026-09-03T21:07:13.948080Z valid agyw_focus_groups Generalist qwen3:8b attempt=1 valid=2822/3600
2026-09-03T21:07:17.524385Z valid agyw_focus_groups Fixed role qwen3:8b attempt=1 valid=2823/3600
2026-09-03T21:07:21.788154Z valid agyw_focus_groups All roles qwen3:8b attempt=1 valid=2824/3600
2026-09-03T21:07:25.285627Z valid agyw_focus_groups Generalist llama3.1:8b attempt=1 valid=2825/3600
2026-09-03T21:07:29.551325Z valid agyw_focus_groups Fixed role llama3.1:8b attempt=1 valid=2826/3600
2026-09-03T21:07:33.606531Z valid agyw_focus_groups All roles llama3.1:8b attempt=1 valid=2827/3600
2026-09-03T21:07:37.393451Z valid agyw_focus_groups Generalist gemma3:4b attempt=1 valid=2828/3600
2026-09-03T21:07:41.109280Z valid agyw_focus_groups Fixed role gemma3:4b attempt=1 valid=2829/3600
2026-09-03T21:07:46.013186Z valid agyw_focus_groups All roles gemma3:4b attempt=1 valid=2830/3600
2026-09-03T21:07:52.222305Z valid parlamint_gb Generalist qwen3:8b attempt=1 valid=2831/3600
2026-09-03T21:07:58.333208Z valid parlamint_gb Fixed role qwen3:8b attempt=1 valid=2832/3600
2026-09-03T21:08:04.528560Z valid parlamint_gb All roles qwen3:8b attempt=1 valid=2833/3600
2026-09-03T21:08:10.440118Z valid parlamint_gb Generalist llama3.1:8b attempt=1 valid=2834/3600
2026-09-03T21:08:16.322857Z valid parlamint_gb Fixed role llama3.1:8b attempt=1 valid=2835/3600
2026-09-03T21:08:22.644447Z valid parlamint_gb All roles llama3.1:8b attempt=1 valid=2836/3600
2026-09-03T21:08:30.539242Z valid parlamint_gb Generalist gemma3:4b attempt=1 valid=2837/3600
2026-09-03T21:08:36.921198Z valid parlamint_gb Fixed role gemma3:4b attempt=1 valid=2838/3600
2026-09-03T21:08:43.787623Z valid parlamint_gb All roles gemma3:4b attempt=1 valid=2839/3600
2026-09-03T21:08:51.855738Z valid dreaddit Generalist qwen3:8b attempt=1 valid=2840/3600
2026-09-03T21:08:56.620110Z valid dreaddit Fixed role qwen3:8b attempt=1 valid=2841/3600
2026-09-03T21:09:01.722705Z schema_error dreaddit All roles qwen3:8b attempt=1 valid=2841/3600
2026-09-03T21:09:05.430205Z schema_error dreaddit All roles qwen3:8b attempt=2 valid=2841/3600
2026-09-03T21:09:09.127814Z schema_error dreaddit All roles qwen3:8b attempt=3 valid=2841/3600
2026-09-03T21:09:13.734269Z valid dreaddit Generalist llama3.1:8b attempt=1 valid=2842/3600
2026-09-03T21:09:19.071774Z valid dreaddit Fixed role llama3.1:8b attempt=1 valid=2843/3600
2026-09-03T21:09:24.382054Z valid dreaddit All roles llama3.1:8b attempt=1 valid=2844/3600
2026-09-03T21:09:30.073959Z valid dreaddit Generalist gemma3:4b attempt=1 valid=2845/3600
2026-09-03T21:09:35.002920Z valid dreaddit Fixed role gemma3:4b attempt=1 valid=2846/3600
2026-09-03T21:09:41.240090Z valid dreaddit All roles gemma3:4b attempt=1 valid=2847/3600
2026-09-03T21:09:44.572945Z valid goemotions Generalist qwen3:8b attempt=1 valid=2848/3600
2026-09-03T21:09:47.974832Z valid goemotions Fixed role qwen3:8b attempt=1 valid=2849/3600
2026-09-03T21:09:51.583434Z valid goemotions All roles qwen3:8b attempt=1 valid=2850/3600
2026-09-03T21:09:54.575916Z valid goemotions Generalist llama3.1:8b attempt=1 valid=2851/3600
2026-09-03T21:09:58.035669Z valid goemotions Fixed role llama3.1:8b attempt=1 valid=2852/3600
2026-09-03T21:10:01.768155Z valid goemotions All roles llama3.1:8b attempt=1 valid=2853/3600
2026-09-03T21:10:04.930130Z valid goemotions Generalist gemma3:4b attempt=1 valid=2854/3600
2026-09-03T21:10:08.345264Z valid goemotions Fixed role gemma3:4b attempt=1 valid=2855/3600
2026-09-03T21:10:12.033411Z valid goemotions All roles gemma3:4b attempt=1 valid=2856/3600
2026-09-03T21:10:15.693467Z valid agyw_focus_groups Generalist qwen3:8b attempt=1 valid=2857/3600
2026-09-03T21:10:19.209598Z valid agyw_focus_groups Fixed role qwen3:8b attempt=1 valid=2858/3600
2026-09-03T21:10:23.734556Z valid agyw_focus_groups All roles qwen3:8b attempt=1 valid=2859/3600
2026-09-03T21:10:27.539823Z valid agyw_focus_groups Generalist llama3.1:8b attempt=1 valid=2860/3600
2026-09-03T21:10:32.116951Z valid agyw_focus_groups Fixed role llama3.1:8b attempt=1 valid=2861/3600
2026-09-03T21:10:36.883789Z valid agyw_focus_groups All roles llama3.1:8b attempt=1 valid=2862/3600
2026-09-03T21:10:40.698734Z valid agyw_focus_groups Generalist gemma3:4b attempt=1 valid=2863/3600
2026-09-03T21:10:44.412932Z valid agyw_focus_groups Fixed role gemma3:4b attempt=1 valid=2864/3600
2026-09-03T21:10:49.085483Z valid agyw_focus_groups All roles gemma3:4b attempt=1 valid=2865/3600
2026-09-03T21:10:53.394001Z valid parlamint_gb Generalist qwen3:8b attempt=1 valid=2866/3600
2026-09-03T21:10:57.505227Z valid parlamint_gb Fixed role qwen3:8b attempt=1 valid=2867/3600
2026-09-03T21:11:02.325703Z valid parlamint_gb All roles qwen3:8b attempt=1 valid=2868/3600
2026-09-03T21:11:06.934104Z valid parlamint_gb Generalist llama3.1:8b attempt=1 valid=2869/3600
2026-09-03T21:11:12.001418Z valid parlamint_gb Fixed role llama3.1:8b attempt=1 valid=2870/3600
2026-09-03T21:11:16.993868Z valid parlamint_gb All roles llama3.1:8b attempt=1 valid=2871/3600
2026-09-03T21:11:21.105865Z valid parlamint_gb Generalist gemma3:4b attempt=1 valid=2872/3600
2026-09-03T21:11:25.193324Z valid parlamint_gb Fixed role gemma3:4b attempt=1 valid=2873/3600
2026-09-03T21:11:30.258589Z valid parlamint_gb All roles gemma3:4b attempt=1 valid=2874/3600
2026-09-03T21:11:34.827658Z valid dreaddit Generalist qwen3:8b attempt=1 valid=2875/3600
2026-09-03T21:11:39.586434Z valid dreaddit Fixed role qwen3:8b attempt=1 valid=2876/3600
2026-09-03T21:11:44.488310Z valid dreaddit All roles qwen3:8b attempt=1 valid=2877/3600
2026-09-03T21:11:49.707186Z valid dreaddit Generalist llama3.1:8b attempt=1 valid=2878/3600
2026-09-03T21:11:54.019038Z valid dreaddit Fixed role llama3.1:8b attempt=1 valid=2879/3600
2026-09-03T21:11:58.788388Z valid dreaddit All roles llama3.1:8b attempt=1 valid=2880/3600
2026-09-03T21:12:03.950154Z valid dreaddit Generalist gemma3:4b attempt=1 valid=2881/3600
2026-09-03T21:12:09.049508Z valid dreaddit Fixed role gemma3:4b attempt=1 valid=2882/3600
2026-09-03T21:12:14.065971Z valid dreaddit All roles gemma3:4b attempt=1 valid=2883/3600
2026-09-03T21:12:17.683550Z valid goemotions Generalist qwen3:8b attempt=1 valid=2884/3600
2026-09-03T21:12:20.176187Z valid goemotions Fixed role qwen3:8b attempt=1 valid=2885/3600
2026-09-03T21:12:23.948494Z valid goemotions All roles qwen3:8b attempt=1 valid=2886/3600
2026-09-03T21:12:27.318554Z valid goemotions Generalist llama3.1:8b attempt=1 valid=2887/3600
2026-09-03T21:12:30.713282Z valid goemotions Fixed role llama3.1:8b attempt=1 valid=2888/3600
2026-09-03T21:12:35.048337Z valid goemotions All roles llama3.1:8b attempt=1 valid=2889/3600
2026-09-03T21:12:38.216618Z valid goemotions Generalist gemma3:4b attempt=1 valid=2890/3600
2026-09-03T21:12:41.373290Z valid goemotions Fixed role gemma3:4b attempt=1 valid=2891/3600
2026-09-03T21:12:45.242249Z valid goemotions All roles gemma3:4b attempt=1 valid=2892/3600
2026-09-03T21:12:49.022647Z valid agyw_focus_groups Generalist qwen3:8b attempt=1 valid=2893/3600
2026-09-03T21:12:52.958621Z valid agyw_focus_groups Fixed role qwen3:8b attempt=1 valid=2894/3600
2026-09-03T21:12:57.227518Z valid agyw_focus_groups All roles qwen3:8b attempt=1 valid=2895/3600
2026-09-03T21:13:01.247138Z valid agyw_focus_groups Generalist llama3.1:8b attempt=1 valid=2896/3600
2026-09-03T21:13:05.361375Z valid agyw_focus_groups Fixed role llama3.1:8b attempt=1 valid=2897/3600
2026-09-03T21:13:10.372961Z valid agyw_focus_groups All roles llama3.1:8b attempt=1 valid=2898/3600
2026-09-03T21:13:14.516233Z valid agyw_focus_groups Generalist gemma3:4b attempt=1 valid=2899/3600
2026-09-03T21:13:18.326275Z valid agyw_focus_groups Fixed role gemma3:4b attempt=1 valid=2900/3600
2026-09-03T21:13:23.054197Z valid agyw_focus_groups All roles gemma3:4b attempt=1 valid=2901/3600
2026-09-03T21:13:28.022503Z valid parlamint_gb Generalist qwen3:8b attempt=1 valid=2902/3600
2026-09-03T21:13:32.329936Z valid parlamint_gb Fixed role qwen3:8b attempt=1 valid=2903/3600
2026-09-03T21:13:36.986855Z valid parlamint_gb All roles qwen3:8b attempt=1 valid=2904/3600
2026-09-03T21:13:42.253551Z valid parlamint_gb Generalist llama3.1:8b attempt=1 valid=2905/3600
2026-09-03T21:13:47.083936Z valid parlamint_gb Fixed role llama3.1:8b attempt=1 valid=2906/3600
2026-09-03T21:13:51.864472Z valid parlamint_gb All roles llama3.1:8b attempt=1 valid=2907/3600
2026-09-03T21:13:56.626906Z valid parlamint_gb Generalist gemma3:4b attempt=1 valid=2908/3600
2026-09-03T21:14:01.565385Z valid parlamint_gb Fixed role gemma3:4b attempt=1 valid=2909/3600
2026-09-03T21:14:07.456722Z valid parlamint_gb All roles gemma3:4b attempt=1 valid=2910/3600
2026-09-03T21:14:11.629262Z valid dreaddit Generalist qwen3:8b attempt=1 valid=2911/3600
2026-09-03T21:14:15.630337Z valid dreaddit Fixed role qwen3:8b attempt=1 valid=2912/3600
2026-09-03T21:14:20.060214Z valid dreaddit All roles qwen3:8b attempt=1 valid=2913/3600
2026-09-03T21:14:24.015282Z valid dreaddit Generalist llama3.1:8b attempt=1 valid=2914/3600
2026-09-03T21:14:27.841009Z valid dreaddit Fixed role llama3.1:8b attempt=1 valid=2915/3600
2026-09-03T21:14:32.567015Z valid dreaddit All roles llama3.1:8b attempt=1 valid=2916/3600
2026-09-03T21:14:37.288768Z valid dreaddit Generalist gemma3:4b attempt=1 valid=2917/3600
2026-09-03T21:14:41.565953Z valid dreaddit Fixed role gemma3:4b attempt=1 valid=2918/3600
2026-09-03T21:14:46.143091Z valid dreaddit All roles gemma3:4b attempt=1 valid=2919/3600
2026-09-03T21:14:50.480831Z valid goemotions Generalist qwen3:8b attempt=1 valid=2920/3600
2026-09-03T21:14:53.942392Z valid goemotions Fixed role qwen3:8b attempt=1 valid=2921/3600
2026-09-03T21:14:58.425692Z valid goemotions All roles qwen3:8b attempt=1 valid=2922/3600
2026-09-03T21:15:02.344304Z valid goemotions Generalist llama3.1:8b attempt=1 valid=2923/3600
2026-09-03T21:15:05.849999Z valid goemotions Fixed role llama3.1:8b attempt=1 valid=2924/3600
2026-09-03T21:15:10.039708Z valid goemotions All roles llama3.1:8b attempt=1 valid=2925/3600
2026-09-03T21:15:13.518242Z valid goemotions Generalist gemma3:4b attempt=1 valid=2926/3600
2026-09-03T21:15:17.646772Z valid goemotions Fixed role gemma3:4b attempt=1 valid=2927/3600
2026-09-03T21:15:22.050360Z valid goemotions All roles gemma3:4b attempt=1 valid=2928/3600
2026-09-03T21:15:26.319922Z valid agyw_focus_groups Generalist qwen3:8b attempt=1 valid=2929/3600
2026-09-03T21:15:30.187045Z valid agyw_focus_groups Fixed role qwen3:8b attempt=1 valid=2930/3600
2026-09-03T21:15:34.843042Z valid agyw_focus_groups All roles qwen3:8b attempt=1 valid=2931/3600
2026-09-03T21:15:38.605201Z valid agyw_focus_groups Generalist llama3.1:8b attempt=1 valid=2932/3600
2026-09-03T21:15:42.682802Z valid agyw_focus_groups Fixed role llama3.1:8b attempt=1 valid=2933/3600
2026-09-03T21:15:46.908391Z valid agyw_focus_groups All roles llama3.1:8b attempt=1 valid=2934/3600
2026-09-03T21:15:50.844615Z valid agyw_focus_groups Generalist gemma3:4b attempt=1 valid=2935/3600
2026-09-03T21:15:54.873515Z valid agyw_focus_groups Fixed role gemma3:4b attempt=1 valid=2936/3600
2026-09-03T21:15:59.770048Z valid agyw_focus_groups All roles gemma3:4b attempt=1 valid=2937/3600
2026-09-03T21:16:04.306411Z valid parlamint_gb Generalist qwen3:8b attempt=1 valid=2938/3600
2026-09-03T21:16:09.322841Z valid parlamint_gb Fixed role qwen3:8b attempt=1 valid=2939/3600
2026-09-03T21:16:13.691403Z valid parlamint_gb All roles qwen3:8b attempt=1 valid=2940/3600
2026-09-03T21:16:17.943841Z valid parlamint_gb Generalist llama3.1:8b attempt=1 valid=2941/3600
2026-09-03T21:16:22.010498Z valid parlamint_gb Fixed role llama3.1:8b attempt=1 valid=2942/3600
2026-09-03T21:16:26.537630Z valid parlamint_gb All roles llama3.1:8b attempt=1 valid=2943/3600
2026-09-03T21:16:31.794087Z valid parlamint_gb Generalist gemma3:4b attempt=1 valid=2944/3600
2026-09-03T21:16:36.192660Z valid parlamint_gb Fixed role gemma3:4b attempt=1 valid=2945/3600
2026-09-03T21:16:41.871285Z valid parlamint_gb All roles gemma3:4b attempt=1 valid=2946/3600
2026-09-03T21:16:46.563463Z valid dreaddit Generalist qwen3:8b attempt=1 valid=2947/3600
2026-09-03T21:16:51.455576Z valid dreaddit Fixed role qwen3:8b attempt=1 valid=2948/3600
2026-09-03T21:16:56.527878Z valid dreaddit All roles qwen3:8b attempt=1 valid=2949/3600
2026-09-03T21:17:00.922260Z valid dreaddit Generalist llama3.1:8b attempt=1 valid=2950/3600
2026-09-03T21:17:05.988567Z valid dreaddit Fixed role llama3.1:8b attempt=1 valid=2951/3600
2026-09-03T21:17:11.313705Z valid dreaddit All roles llama3.1:8b attempt=1 valid=2952/3600
2026-09-03T21:17:15.725849Z valid dreaddit Generalist gemma3:4b attempt=1 valid=2953/3600
2026-09-03T21:17:20.556327Z valid dreaddit Fixed role gemma3:4b attempt=1 valid=2954/3600
2026-09-03T21:17:25.815083Z valid dreaddit All roles gemma3:4b attempt=1 valid=2955/3600
2026-09-03T21:17:29.465540Z valid goemotions Generalist qwen3:8b attempt=1 valid=2956/3600
2026-09-03T21:17:32.356542Z valid goemotions Fixed role qwen3:8b attempt=1 valid=2957/3600
2026-09-03T21:17:35.910864Z valid goemotions All roles qwen3:8b attempt=1 valid=2958/3600
2026-09-03T21:17:39.420061Z valid goemotions Generalist llama3.1:8b attempt=1 valid=2959/3600
2026-09-03T21:17:42.548483Z valid goemotions Fixed role llama3.1:8b attempt=1 valid=2960/3600
2026-09-03T21:17:48.255115Z valid goemotions All roles llama3.1:8b attempt=1 valid=2961/3600
2026-09-03T21:17:51.444892Z valid goemotions Generalist gemma3:4b attempt=1 valid=2962/3600
2026-09-03T21:17:54.805487Z valid goemotions Fixed role gemma3:4b attempt=1 valid=2963/3600
2026-09-03T21:17:58.767577Z valid goemotions All roles gemma3:4b attempt=1 valid=2964/3600
2026-09-03T21:18:03.558667Z valid agyw_focus_groups Generalist qwen3:8b attempt=1 valid=2965/3600
2026-09-03T21:18:08.010595Z valid agyw_focus_groups Fixed role qwen3:8b attempt=1 valid=2966/3600
2026-09-03T21:18:13.551737Z valid agyw_focus_groups All roles qwen3:8b attempt=1 valid=2967/3600
2026-09-03T21:18:17.898865Z valid agyw_focus_groups Generalist llama3.1:8b attempt=1 valid=2968/3600
2026-09-03T21:18:22.376615Z valid agyw_focus_groups Fixed role llama3.1:8b attempt=1 valid=2969/3600
2026-09-03T21:18:27.222180Z valid agyw_focus_groups All roles llama3.1:8b attempt=1 valid=2970/3600
2026-09-03T21:18:31.478908Z valid agyw_focus_groups Generalist gemma3:4b attempt=1 valid=2971/3600
2026-09-03T21:18:36.234598Z valid agyw_focus_groups Fixed role gemma3:4b attempt=1 valid=2972/3600
2026-09-03T21:18:41.119681Z valid agyw_focus_groups All roles gemma3:4b attempt=1 valid=2973/3600
2026-09-03T21:18:48.258696Z valid parlamint_gb Generalist qwen3:8b attempt=1 valid=2974/3600
2026-09-03T21:18:56.060197Z valid parlamint_gb Fixed role qwen3:8b attempt=1 valid=2975/3600
2026-09-03T21:19:05.012139Z valid parlamint_gb All roles qwen3:8b attempt=1 valid=2976/3600
2026-09-03T21:19:11.832426Z valid parlamint_gb Generalist llama3.1:8b attempt=1 valid=2977/3600
2026-09-03T21:19:18.754890Z valid parlamint_gb Fixed role llama3.1:8b attempt=1 valid=2978/3600
2026-09-03T21:19:26.898233Z valid parlamint_gb All roles llama3.1:8b attempt=1 valid=2979/3600
2026-09-03T21:19:33.646229Z valid parlamint_gb Generalist gemma3:4b attempt=1 valid=2980/3600
2026-09-03T21:19:40.269021Z valid parlamint_gb Fixed role gemma3:4b attempt=1 valid=2981/3600
2026-09-03T21:19:49.209094Z valid parlamint_gb All roles gemma3:4b attempt=1 valid=2982/3600
2026-09-03T21:19:53.386857Z valid dreaddit Generalist qwen3:8b attempt=1 valid=2983/3600
2026-09-03T21:19:57.838773Z valid dreaddit Fixed role qwen3:8b attempt=1 valid=2984/3600
2026-09-03T21:20:02.309307Z valid dreaddit All roles qwen3:8b attempt=1 valid=2985/3600
2026-09-03T21:20:06.685251Z valid dreaddit Generalist llama3.1:8b attempt=1 valid=2986/3600
2026-09-03T21:20:11.338820Z valid dreaddit Fixed role llama3.1:8b attempt=1 valid=2987/3600
2026-09-03T21:20:15.874087Z valid dreaddit All roles llama3.1:8b attempt=1 valid=2988/3600
2026-09-03T21:20:20.350841Z valid dreaddit Generalist gemma3:4b attempt=1 valid=2989/3600
2026-09-03T21:20:24.833320Z valid dreaddit Fixed role gemma3:4b attempt=1 valid=2990/3600
2026-09-03T21:20:30.096093Z valid dreaddit All roles gemma3:4b attempt=1 valid=2991/3600
2026-09-03T21:20:33.718394Z valid goemotions Generalist qwen3:8b attempt=1 valid=2992/3600
2026-09-03T21:20:36.723393Z valid goemotions Fixed role qwen3:8b attempt=1 valid=2993/3600
2026-09-03T21:20:39.912551Z valid goemotions All roles qwen3:8b attempt=1 valid=2994/3600
2026-09-03T21:20:43.057940Z valid goemotions Generalist llama3.1:8b attempt=1 valid=2995/3600
2026-09-03T21:20:46.490654Z valid goemotions Fixed role llama3.1:8b attempt=1 valid=2996/3600
2026-09-03T21:20:50.186323Z valid goemotions All roles llama3.1:8b attempt=1 valid=2997/3600
2026-09-03T21:20:53.703261Z valid goemotions Generalist gemma3:4b attempt=1 valid=2998/3600
2026-09-03T21:20:56.919940Z valid goemotions Fixed role gemma3:4b attempt=1 valid=2999/3600
2026-09-03T21:21:00.604671Z valid goemotions All roles gemma3:4b attempt=1 valid=3000/3600
2026-09-03T21:21:04.599505Z valid agyw_focus_groups Generalist qwen3:8b attempt=1 valid=3001/3600
2026-09-03T21:21:08.223975Z valid agyw_focus_groups Fixed role qwen3:8b attempt=1 valid=3002/3600
2026-09-03T21:21:12.561743Z valid agyw_focus_groups All roles qwen3:8b attempt=1 valid=3003/3600
2026-09-03T21:21:17.133405Z valid agyw_focus_groups Generalist llama3.1:8b attempt=1 valid=3004/3600
2026-09-03T21:21:21.298985Z valid agyw_focus_groups Fixed role llama3.1:8b attempt=1 valid=3005/3600
2026-09-03T21:21:26.073253Z valid agyw_focus_groups All roles llama3.1:8b attempt=1 valid=3006/3600
2026-09-03T21:21:30.117682Z valid agyw_focus_groups Generalist gemma3:4b attempt=1 valid=3007/3600
2026-09-03T21:21:34.959932Z valid agyw_focus_groups Fixed role gemma3:4b attempt=1 valid=3008/3600
2026-09-03T21:21:39.904785Z valid agyw_focus_groups All roles gemma3:4b attempt=1 valid=3009/3600
2026-09-03T21:21:48.328241Z valid parlamint_gb Generalist qwen3:8b attempt=1 valid=3010/3600
2026-09-03T21:21:56.649774Z valid parlamint_gb Fixed role qwen3:8b attempt=1 valid=3011/3600
2026-09-03T21:22:06.702715Z valid parlamint_gb All roles qwen3:8b attempt=1 valid=3012/3600
2026-09-03T21:22:16.456172Z valid parlamint_gb Generalist llama3.1:8b attempt=1 valid=3013/3600
2026-09-03T21:22:24.477713Z valid parlamint_gb Fixed role llama3.1:8b attempt=1 valid=3014/3600
2026-09-03T21:22:33.040256Z valid parlamint_gb All roles llama3.1:8b attempt=1 valid=3015/3600
2026-09-03T21:22:43.168030Z valid parlamint_gb Generalist gemma3:4b attempt=1 valid=3016/3600
2026-09-03T21:22:51.619041Z valid parlamint_gb Fixed role gemma3:4b attempt=1 valid=3017/3600
2026-09-03T21:23:02.087951Z valid parlamint_gb All roles gemma3:4b attempt=1 valid=3018/3600
2026-09-03T21:23:06.641831Z valid dreaddit Generalist qwen3:8b attempt=1 valid=3019/3600
2026-09-03T21:23:11.015324Z valid dreaddit Fixed role qwen3:8b attempt=1 valid=3020/3600
2026-09-03T21:23:15.640485Z valid dreaddit All roles qwen3:8b attempt=1 valid=3021/3600
2026-09-03T21:23:19.843570Z valid dreaddit Generalist llama3.1:8b attempt=1 valid=3022/3600
2026-09-03T21:23:24.264774Z valid dreaddit Fixed role llama3.1:8b attempt=1 valid=3023/3600
2026-09-03T21:23:29.098814Z valid dreaddit All roles llama3.1:8b attempt=1 valid=3024/3600
2026-09-03T21:23:33.249797Z valid dreaddit Generalist gemma3:4b attempt=1 valid=3025/3600
2026-09-03T21:23:37.909392Z valid dreaddit Fixed role gemma3:4b attempt=1 valid=3026/3600
2026-09-03T21:23:42.931374Z valid dreaddit All roles gemma3:4b attempt=1 valid=3027/3600
2026-09-03T21:23:46.549391Z valid goemotions Generalist qwen3:8b attempt=1 valid=3028/3600
2026-09-03T21:23:50.098829Z valid goemotions Fixed role qwen3:8b attempt=1 valid=3029/3600
2026-09-03T21:23:53.170999Z valid goemotions All roles qwen3:8b attempt=1 valid=3030/3600
2026-09-03T21:23:56.948783Z valid goemotions Generalist llama3.1:8b attempt=1 valid=3031/3600
2026-09-03T21:24:01.046904Z valid goemotions Fixed role llama3.1:8b attempt=1 valid=3032/3600
2026-09-03T21:24:05.757060Z valid goemotions All roles llama3.1:8b attempt=1 valid=3033/3600
2026-09-03T21:24:09.276066Z valid goemotions Generalist gemma3:4b attempt=1 valid=3034/3600
2026-09-03T21:24:13.789286Z valid goemotions Fixed role gemma3:4b attempt=1 valid=3035/3600
2026-09-03T21:24:18.437021Z valid goemotions All roles gemma3:4b attempt=1 valid=3036/3600
2026-09-03T21:24:22.743156Z valid agyw_focus_groups Generalist qwen3:8b attempt=1 valid=3037/3600
2026-09-03T21:24:24.868482Z valid agyw_focus_groups Fixed role qwen3:8b attempt=1 valid=3038/3600
2026-09-03T21:24:29.462191Z valid agyw_focus_groups All roles qwen3:8b attempt=1 valid=3039/3600
2026-09-03T21:24:33.277205Z valid agyw_focus_groups Generalist llama3.1:8b attempt=1 valid=3040/3600
2026-09-03T21:24:37.836535Z valid agyw_focus_groups Fixed role llama3.1:8b attempt=1 valid=3041/3600
2026-09-03T21:24:42.794546Z valid agyw_focus_groups All roles llama3.1:8b attempt=1 valid=3042/3600
2026-09-03T21:24:47.067044Z valid agyw_focus_groups Generalist gemma3:4b attempt=1 valid=3043/3600
2026-09-03T21:24:51.284386Z valid agyw_focus_groups Fixed role gemma3:4b attempt=1 valid=3044/3600
2026-09-03T21:24:56.427900Z valid agyw_focus_groups All roles gemma3:4b attempt=1 valid=3045/3600
2026-09-03T21:25:00.957922Z valid parlamint_gb Generalist qwen3:8b attempt=1 valid=3046/3600
2026-09-03T21:25:05.791490Z valid parlamint_gb Fixed role qwen3:8b attempt=1 valid=3047/3600
2026-09-03T21:25:10.504075Z valid parlamint_gb All roles qwen3:8b attempt=1 valid=3048/3600
2026-09-03T21:25:14.815808Z valid parlamint_gb Generalist llama3.1:8b attempt=1 valid=3049/3600
2026-09-03T21:25:19.350856Z valid parlamint_gb Fixed role llama3.1:8b attempt=1 valid=3050/3600
2026-09-03T21:25:24.440393Z valid parlamint_gb All roles llama3.1:8b attempt=1 valid=3051/3600
2026-09-03T21:25:29.729742Z valid parlamint_gb Generalist gemma3:4b attempt=1 valid=3052/3600
2026-09-03T21:25:34.207212Z valid parlamint_gb Fixed role gemma3:4b attempt=1 valid=3053/3600
2026-09-03T21:25:39.642910Z valid parlamint_gb All roles gemma3:4b attempt=1 valid=3054/3600
2026-09-03T21:25:44.607198Z valid dreaddit Generalist qwen3:8b attempt=1 valid=3055/3600
2026-09-03T21:25:49.360237Z valid dreaddit Fixed role qwen3:8b attempt=1 valid=3056/3600
2026-09-03T21:25:54.855072Z valid dreaddit All roles qwen3:8b attempt=1 valid=3057/3600
2026-09-03T21:25:59.457000Z valid dreaddit Generalist llama3.1:8b attempt=1 valid=3058/3600
2026-09-03T21:26:03.727093Z valid dreaddit Fixed role llama3.1:8b attempt=1 valid=3059/3600
2026-09-03T21:26:09.057891Z valid dreaddit All roles llama3.1:8b attempt=1 valid=3060/3600
2026-09-03T21:26:13.477583Z valid dreaddit Generalist gemma3:4b attempt=1 valid=3061/3600
2026-09-03T21:26:18.028978Z valid dreaddit Fixed role gemma3:4b attempt=1 valid=3062/3600
2026-09-03T21:26:23.300312Z valid dreaddit All roles gemma3:4b attempt=1 valid=3063/3600
2026-09-03T21:26:26.201460Z valid goemotions Generalist qwen3:8b attempt=1 valid=3064/3600
2026-09-03T21:26:28.983725Z valid goemotions Fixed role qwen3:8b attempt=1 valid=3065/3600
2026-09-03T21:26:32.418981Z valid goemotions All roles qwen3:8b attempt=1 valid=3066/3600
2026-09-03T21:26:35.979892Z valid goemotions Generalist llama3.1:8b attempt=1 valid=3067/3600
2026-09-03T21:26:39.281483Z valid goemotions Fixed role llama3.1:8b attempt=1 valid=3068/3600
2026-09-03T21:26:43.055824Z valid goemotions All roles llama3.1:8b attempt=1 valid=3069/3600
2026-09-03T21:26:46.184713Z valid goemotions Generalist gemma3:4b attempt=1 valid=3070/3600
2026-09-03T21:26:49.467602Z valid goemotions Fixed role gemma3:4b attempt=1 valid=3071/3600
2026-09-03T21:26:53.745805Z valid goemotions All roles gemma3:4b attempt=1 valid=3072/3600
2026-09-03T21:26:58.826530Z valid agyw_focus_groups Generalist qwen3:8b attempt=1 valid=3073/3600
2026-09-03T21:27:04.046947Z valid agyw_focus_groups Fixed role qwen3:8b attempt=1 valid=3074/3600
2026-09-03T21:27:09.529033Z valid agyw_focus_groups All roles qwen3:8b attempt=1 valid=3075/3600
2026-09-03T21:27:13.519807Z valid agyw_focus_groups Generalist llama3.1:8b attempt=1 valid=3076/3600
2026-09-03T21:27:17.446813Z valid agyw_focus_groups Fixed role llama3.1:8b attempt=1 valid=3077/3600
2026-09-03T21:27:22.033069Z valid agyw_focus_groups All roles llama3.1:8b attempt=1 valid=3078/3600
2026-09-03T21:27:26.680540Z valid agyw_focus_groups Generalist gemma3:4b attempt=1 valid=3079/3600
2026-09-03T21:27:31.543363Z valid agyw_focus_groups Fixed role gemma3:4b attempt=1 valid=3080/3600
2026-09-03T21:27:36.718700Z valid agyw_focus_groups All roles gemma3:4b attempt=1 valid=3081/3600
2026-09-03T21:27:41.365871Z valid parlamint_gb Generalist qwen3:8b attempt=1 valid=3082/3600
2026-09-03T21:27:45.215418Z valid parlamint_gb Fixed role qwen3:8b attempt=1 valid=3083/3600
2026-09-03T21:27:49.653145Z valid parlamint_gb All roles qwen3:8b attempt=1 valid=3084/3600
2026-09-03T21:27:54.097253Z valid parlamint_gb Generalist llama3.1:8b attempt=1 valid=3085/3600
2026-09-03T21:27:58.002576Z valid parlamint_gb Fixed role llama3.1:8b attempt=1 valid=3086/3600
2026-09-03T21:28:02.932101Z valid parlamint_gb All roles llama3.1:8b attempt=1 valid=3087/3600
2026-09-03T21:28:07.018827Z valid parlamint_gb Generalist gemma3:4b attempt=1 valid=3088/3600
2026-09-03T21:28:11.407801Z valid parlamint_gb Fixed role gemma3:4b attempt=1 valid=3089/3600
2026-09-03T21:28:16.508173Z valid parlamint_gb All roles gemma3:4b attempt=1 valid=3090/3600
2026-09-03T21:28:21.366342Z valid dreaddit Generalist qwen3:8b attempt=1 valid=3091/3600
2026-09-03T21:28:25.727295Z valid dreaddit Fixed role qwen3:8b attempt=1 valid=3092/3600
2026-09-03T21:28:30.153623Z valid dreaddit All roles qwen3:8b attempt=1 valid=3093/3600
2026-09-03T21:28:34.841502Z valid dreaddit Generalist llama3.1:8b attempt=1 valid=3094/3600
2026-09-03T21:28:39.282608Z valid dreaddit Fixed role llama3.1:8b attempt=1 valid=3095/3600
2026-09-03T21:28:44.585058Z valid dreaddit All roles llama3.1:8b attempt=1 valid=3096/3600
2026-09-03T21:28:49.588519Z valid dreaddit Generalist gemma3:4b attempt=1 valid=3097/3600
2026-09-03T21:28:54.922733Z valid dreaddit Fixed role gemma3:4b attempt=1 valid=3098/3600
2026-09-03T21:29:00.438163Z valid dreaddit All roles gemma3:4b attempt=1 valid=3099/3600
2026-09-03T21:29:03.779531Z valid goemotions Generalist qwen3:8b attempt=1 valid=3100/3600
2026-09-03T21:29:06.992056Z valid goemotions Fixed role qwen3:8b attempt=1 valid=3101/3600
2026-09-03T21:29:10.775765Z valid goemotions All roles qwen3:8b attempt=1 valid=3102/3600
2026-09-03T21:29:14.112488Z valid goemotions Generalist llama3.1:8b attempt=1 valid=3103/3600
2026-09-03T21:29:17.165698Z valid goemotions Fixed role llama3.1:8b attempt=1 valid=3104/3600
2026-09-03T21:29:20.595114Z valid goemotions All roles llama3.1:8b attempt=1 valid=3105/3600
2026-09-03T21:29:23.721257Z valid goemotions Generalist gemma3:4b attempt=1 valid=3106/3600
2026-09-03T21:29:26.759390Z valid goemotions Fixed role gemma3:4b attempt=1 valid=3107/3600
2026-09-03T21:29:30.778426Z valid goemotions All roles gemma3:4b attempt=1 valid=3108/3600
2026-09-03T21:29:34.434810Z valid agyw_focus_groups Generalist qwen3:8b attempt=1 valid=3109/3600
2026-09-03T21:29:38.062889Z valid agyw_focus_groups Fixed role qwen3:8b attempt=1 valid=3110/3600
2026-09-03T21:29:42.095038Z valid agyw_focus_groups All roles qwen3:8b attempt=1 valid=3111/3600
2026-09-03T21:29:45.731402Z valid agyw_focus_groups Generalist llama3.1:8b attempt=1 valid=3112/3600
2026-09-03T21:29:49.281678Z valid agyw_focus_groups Fixed role llama3.1:8b attempt=1 valid=3113/3600
2026-09-03T21:29:53.207196Z valid agyw_focus_groups All roles llama3.1:8b attempt=1 valid=3114/3600
2026-09-03T21:29:57.155517Z valid agyw_focus_groups Generalist gemma3:4b attempt=1 valid=3115/3600
2026-09-03T21:30:00.906334Z valid agyw_focus_groups Fixed role gemma3:4b attempt=1 valid=3116/3600
2026-09-03T21:30:05.077265Z valid agyw_focus_groups All roles gemma3:4b attempt=1 valid=3117/3600
2026-09-03T21:30:11.761471Z valid parlamint_gb Generalist qwen3:8b attempt=1 valid=3118/3600
2026-09-03T21:30:20.074484Z valid parlamint_gb Fixed role qwen3:8b attempt=1 valid=3119/3600
2026-09-03T21:30:27.746903Z valid parlamint_gb All roles qwen3:8b attempt=1 valid=3120/3600
2026-09-03T21:30:34.437802Z valid parlamint_gb Generalist llama3.1:8b attempt=1 valid=3121/3600
2026-09-03T21:30:41.583181Z valid parlamint_gb Fixed role llama3.1:8b attempt=1 valid=3122/3600
2026-09-03T21:30:48.900592Z valid parlamint_gb All roles llama3.1:8b attempt=1 valid=3123/3600
2026-09-03T21:30:56.155000Z valid parlamint_gb Generalist gemma3:4b attempt=1 valid=3124/3600
2026-09-03T21:31:03.397315Z valid parlamint_gb Fixed role gemma3:4b attempt=1 valid=3125/3600
2026-09-03T21:31:11.428412Z valid parlamint_gb All roles gemma3:4b attempt=1 valid=3126/3600
2026-09-03T21:31:15.901212Z valid dreaddit Generalist qwen3:8b attempt=1 valid=3127/3600
2026-09-03T21:31:19.978975Z valid dreaddit Fixed role qwen3:8b attempt=1 valid=3128/3600
2026-09-03T21:31:24.328614Z valid dreaddit All roles qwen3:8b attempt=1 valid=3129/3600
2026-09-03T21:31:28.170513Z valid dreaddit Generalist llama3.1:8b attempt=1 valid=3130/3600
2026-09-03T21:31:32.819597Z valid dreaddit Fixed role llama3.1:8b attempt=1 valid=3131/3600
2026-09-03T21:31:38.295449Z valid dreaddit All roles llama3.1:8b attempt=1 valid=3132/3600
2026-09-03T21:31:42.515263Z valid dreaddit Generalist gemma3:4b attempt=1 valid=3133/3600
2026-09-03T21:31:47.174034Z valid dreaddit Fixed role gemma3:4b attempt=1 valid=3134/3600
2026-09-03T21:31:52.349242Z valid dreaddit All roles gemma3:4b attempt=1 valid=3135/3600
2026-09-03T21:31:56.592754Z valid goemotions Generalist qwen3:8b attempt=1 valid=3136/3600
2026-09-03T21:32:00.848589Z valid goemotions Fixed role qwen3:8b attempt=1 valid=3137/3600
2026-09-03T21:32:04.478830Z valid goemotions All roles qwen3:8b attempt=1 valid=3138/3600
2026-09-03T21:32:08.135700Z valid goemotions Generalist llama3.1:8b attempt=1 valid=3139/3600
2026-09-03T21:32:11.749120Z valid goemotions Fixed role llama3.1:8b attempt=1 valid=3140/3600
2026-09-03T21:32:16.084431Z valid goemotions All roles llama3.1:8b attempt=1 valid=3141/3600
2026-09-03T21:32:19.530099Z valid goemotions Generalist gemma3:4b attempt=1 valid=3142/3600
2026-09-03T21:32:22.703213Z valid goemotions Fixed role gemma3:4b attempt=1 valid=3143/3600
2026-09-03T21:32:27.032544Z valid goemotions All roles gemma3:4b attempt=1 valid=3144/3600
2026-09-03T21:32:31.603369Z valid agyw_focus_groups Generalist qwen3:8b attempt=1 valid=3145/3600
2026-09-03T21:32:35.874267Z valid agyw_focus_groups Fixed role qwen3:8b attempt=1 valid=3146/3600
2026-09-03T21:32:40.428699Z valid agyw_focus_groups All roles qwen3:8b attempt=1 valid=3147/3600
2026-09-03T21:32:45.302966Z valid agyw_focus_groups Generalist llama3.1:8b attempt=1 valid=3148/3600
2026-09-03T21:32:49.933398Z valid agyw_focus_groups Fixed role llama3.1:8b attempt=1 valid=3149/3600
2026-09-03T21:32:55.031563Z valid agyw_focus_groups All roles llama3.1:8b attempt=1 valid=3150/3600
2026-09-03T21:32:59.689779Z valid agyw_focus_groups Generalist gemma3:4b attempt=1 valid=3151/3600
2026-09-03T21:33:04.259522Z valid agyw_focus_groups Fixed role gemma3:4b attempt=1 valid=3152/3600
2026-09-03T21:33:09.691342Z valid agyw_focus_groups All roles gemma3:4b attempt=1 valid=3153/3600
2026-09-03T21:33:14.512729Z valid parlamint_gb Generalist qwen3:8b attempt=1 valid=3154/3600
2026-09-03T21:33:19.141849Z valid parlamint_gb Fixed role qwen3:8b attempt=1 valid=3155/3600
2026-09-03T21:33:24.800247Z valid parlamint_gb All roles qwen3:8b attempt=1 valid=3156/3600
2026-09-03T21:33:29.521725Z valid parlamint_gb Generalist llama3.1:8b attempt=1 valid=3157/3600
2026-09-03T21:33:34.300318Z valid parlamint_gb Fixed role llama3.1:8b attempt=1 valid=3158/3600
2026-09-03T21:33:40.038128Z valid parlamint_gb All roles llama3.1:8b attempt=1 valid=3159/3600
2026-09-03T21:33:45.581900Z valid parlamint_gb Generalist gemma3:4b attempt=1 valid=3160/3600
2026-09-03T21:33:50.717498Z valid parlamint_gb Fixed role gemma3:4b attempt=1 valid=3161/3600
2026-09-03T21:33:56.437015Z valid parlamint_gb All roles gemma3:4b attempt=1 valid=3162/3600
2026-09-03T21:34:00.959572Z valid dreaddit Generalist qwen3:8b attempt=1 valid=3163/3600
2026-09-03T21:34:05.955731Z valid dreaddit Fixed role qwen3:8b attempt=1 valid=3164/3600
2026-09-03T21:34:10.729212Z valid dreaddit All roles qwen3:8b attempt=1 valid=3165/3600
2026-09-03T21:34:15.699009Z valid dreaddit Generalist llama3.1:8b attempt=1 valid=3166/3600
2026-09-03T21:34:20.170630Z valid dreaddit Fixed role llama3.1:8b attempt=1 valid=3167/3600
2026-09-03T21:34:25.289378Z valid dreaddit All roles llama3.1:8b attempt=1 valid=3168/3600
2026-09-03T21:34:30.035626Z valid dreaddit Generalist gemma3:4b attempt=1 valid=3169/3600
2026-09-03T21:34:34.615094Z valid dreaddit Fixed role gemma3:4b attempt=1 valid=3170/3600
2026-09-03T21:34:39.602663Z valid dreaddit All roles gemma3:4b attempt=1 valid=3171/3600
2026-09-03T21:34:42.945786Z valid goemotions Generalist qwen3:8b attempt=1 valid=3172/3600
2026-09-03T21:34:46.306874Z valid goemotions Fixed role qwen3:8b attempt=1 valid=3173/3600
2026-09-03T21:34:50.113498Z valid goemotions All roles qwen3:8b attempt=1 valid=3174/3600
2026-09-03T21:34:53.223543Z valid goemotions Generalist llama3.1:8b attempt=1 valid=3175/3600
2026-09-03T21:34:57.010831Z valid goemotions Fixed role llama3.1:8b attempt=1 valid=3176/3600
2026-09-03T21:35:00.458370Z valid goemotions All roles llama3.1:8b attempt=1 valid=3177/3600
2026-09-03T21:35:03.507555Z valid goemotions Generalist gemma3:4b attempt=1 valid=3178/3600
2026-09-03T21:35:06.541566Z valid goemotions Fixed role gemma3:4b attempt=1 valid=3179/3600
2026-09-03T21:35:11.105875Z valid goemotions All roles gemma3:4b attempt=1 valid=3180/3600
2026-09-03T21:35:15.421602Z valid agyw_focus_groups Generalist qwen3:8b attempt=1 valid=3181/3600
2026-09-03T21:35:19.257445Z valid agyw_focus_groups Fixed role qwen3:8b attempt=1 valid=3182/3600
2026-09-03T21:35:23.251666Z valid agyw_focus_groups All roles qwen3:8b attempt=1 valid=3183/3600
2026-09-03T21:35:27.100479Z valid agyw_focus_groups Generalist llama3.1:8b attempt=1 valid=3184/3600
2026-09-03T21:35:30.962226Z valid agyw_focus_groups Fixed role llama3.1:8b attempt=1 valid=3185/3600
2026-09-03T21:35:34.809110Z valid agyw_focus_groups All roles llama3.1:8b attempt=1 valid=3186/3600
2026-09-03T21:35:38.523664Z valid agyw_focus_groups Generalist gemma3:4b attempt=1 valid=3187/3600
2026-09-03T21:35:43.165631Z valid agyw_focus_groups Fixed role gemma3:4b attempt=1 valid=3188/3600
2026-09-03T21:35:47.560089Z valid agyw_focus_groups All roles gemma3:4b attempt=1 valid=3189/3600
2026-09-03T21:35:53.957502Z valid parlamint_gb Generalist qwen3:8b attempt=1 valid=3190/3600
2026-09-03T21:36:00.533757Z valid parlamint_gb Fixed role qwen3:8b attempt=1 valid=3191/3600
2026-09-03T21:36:08.639133Z valid parlamint_gb All roles qwen3:8b attempt=1 valid=3192/3600
2026-09-03T21:36:15.408651Z valid parlamint_gb Generalist llama3.1:8b attempt=1 valid=3193/3600
2026-09-03T21:36:22.258211Z valid parlamint_gb Fixed role llama3.1:8b attempt=1 valid=3194/3600
2026-09-03T21:36:29.341508Z valid parlamint_gb All roles llama3.1:8b attempt=1 valid=3195/3600
2026-09-03T21:36:36.813638Z valid parlamint_gb Generalist gemma3:4b attempt=1 valid=3196/3600
2026-09-03T21:36:43.420579Z valid parlamint_gb Fixed role gemma3:4b attempt=1 valid=3197/3600
2026-09-03T21:36:50.330532Z valid parlamint_gb All roles gemma3:4b attempt=1 valid=3198/3600
2026-09-03T21:36:54.657644Z valid dreaddit Generalist qwen3:8b attempt=1 valid=3199/3600
2026-09-03T21:36:58.892076Z valid dreaddit Fixed role qwen3:8b attempt=1 valid=3200/3600
2026-09-03T21:37:04.175659Z valid dreaddit All roles qwen3:8b attempt=1 valid=3201/3600
2026-09-03T21:37:09.154439Z valid dreaddit Generalist llama3.1:8b attempt=1 valid=3202/3600
2026-09-03T21:37:13.931268Z valid dreaddit Fixed role llama3.1:8b attempt=1 valid=3203/3600
2026-09-03T21:37:18.684663Z valid dreaddit All roles llama3.1:8b attempt=1 valid=3204/3600
2026-09-03T21:37:23.525961Z valid dreaddit Generalist gemma3:4b attempt=1 valid=3205/3600
2026-09-03T21:37:27.476921Z valid dreaddit Fixed role gemma3:4b attempt=1 valid=3206/3600
2026-09-03T21:37:32.413016Z valid dreaddit All roles gemma3:4b attempt=1 valid=3207/3600
2026-09-03T21:37:36.230455Z schema_error goemotions Generalist qwen3:8b attempt=1 valid=3207/3600
2026-09-03T21:37:39.779430Z schema_error goemotions Generalist qwen3:8b attempt=2 valid=3207/3600
2026-09-03T21:37:43.320311Z schema_error goemotions Generalist qwen3:8b attempt=3 valid=3207/3600
2026-09-03T21:37:46.858886Z schema_error goemotions Fixed role qwen3:8b attempt=1 valid=3207/3600
2026-09-03T21:37:50.378450Z schema_error goemotions Fixed role qwen3:8b attempt=2 valid=3207/3600
2026-09-03T21:37:53.897218Z schema_error goemotions Fixed role qwen3:8b attempt=3 valid=3207/3600
2026-09-03T21:37:58.526285Z valid goemotions All roles qwen3:8b attempt=1 valid=3208/3600
2026-09-03T21:38:02.871657Z valid goemotions Generalist llama3.1:8b attempt=1 valid=3209/3600
2026-09-03T21:38:07.136660Z valid goemotions Fixed role llama3.1:8b attempt=1 valid=3210/3600
2026-09-03T21:38:12.075387Z valid goemotions All roles llama3.1:8b attempt=1 valid=3211/3600
2026-09-03T21:38:15.707904Z valid goemotions Generalist gemma3:4b attempt=1 valid=3212/3600
2026-09-03T21:38:19.554028Z valid goemotions Fixed role gemma3:4b attempt=1 valid=3213/3600
2026-09-03T21:38:24.252390Z valid goemotions All roles gemma3:4b attempt=1 valid=3214/3600
2026-09-03T21:38:27.836466Z valid agyw_focus_groups Generalist qwen3:8b attempt=1 valid=3215/3600
2026-09-03T21:38:31.341151Z valid agyw_focus_groups Fixed role qwen3:8b attempt=1 valid=3216/3600
2026-09-03T21:38:35.775581Z valid agyw_focus_groups All roles qwen3:8b attempt=1 valid=3217/3600
2026-09-03T21:38:39.600899Z valid agyw_focus_groups Generalist llama3.1:8b attempt=1 valid=3218/3600
2026-09-03T21:38:43.372994Z valid agyw_focus_groups Fixed role llama3.1:8b attempt=1 valid=3219/3600
2026-09-03T21:38:48.093149Z valid agyw_focus_groups All roles llama3.1:8b attempt=1 valid=3220/3600
2026-09-03T21:38:52.564604Z valid agyw_focus_groups Generalist gemma3:4b attempt=1 valid=3221/3600
2026-09-03T21:38:56.689685Z valid agyw_focus_groups Fixed role gemma3:4b attempt=1 valid=3222/3600
2026-09-03T21:39:01.014921Z valid agyw_focus_groups All roles gemma3:4b attempt=1 valid=3223/3600
2026-09-03T21:39:05.350836Z valid parlamint_gb Generalist qwen3:8b attempt=1 valid=3224/3600
2026-09-03T21:39:09.909862Z valid parlamint_gb Fixed role qwen3:8b attempt=1 valid=3225/3600
2026-09-03T21:39:14.408903Z valid parlamint_gb All roles qwen3:8b attempt=1 valid=3226/3600
2026-09-03T21:39:19.565228Z valid parlamint_gb Generalist llama3.1:8b attempt=1 valid=3227/3600
2026-09-03T21:39:24.256427Z valid parlamint_gb Fixed role llama3.1:8b attempt=1 valid=3228/3600
2026-09-03T21:39:28.766925Z valid parlamint_gb All roles llama3.1:8b attempt=1 valid=3229/3600
2026-09-03T21:39:32.867949Z valid parlamint_gb Generalist gemma3:4b attempt=1 valid=3230/3600
2026-09-03T21:39:37.196673Z valid parlamint_gb Fixed role gemma3:4b attempt=1 valid=3231/3600
2026-09-03T21:39:42.238854Z valid parlamint_gb All roles gemma3:4b attempt=1 valid=3232/3600
2026-09-03T21:39:46.859811Z valid dreaddit Generalist qwen3:8b attempt=1 valid=3233/3600
2026-09-03T21:39:49.143840Z valid dreaddit Fixed role qwen3:8b attempt=1 valid=3234/3600
2026-09-03T21:39:54.063428Z valid dreaddit All roles qwen3:8b attempt=1 valid=3235/3600
2026-09-03T21:39:58.322036Z valid dreaddit Generalist llama3.1:8b attempt=1 valid=3236/3600
2026-09-03T21:40:02.532902Z valid dreaddit Fixed role llama3.1:8b attempt=1 valid=3237/3600
2026-09-03T21:40:07.291584Z valid dreaddit All roles llama3.1:8b attempt=1 valid=3238/3600
2026-09-03T21:40:12.804236Z valid dreaddit Generalist gemma3:4b attempt=1 valid=3239/3600
2026-09-03T21:40:17.454673Z valid dreaddit Fixed role gemma3:4b attempt=1 valid=3240/3600
2026-09-03T21:40:22.478447Z valid dreaddit All roles gemma3:4b attempt=1 valid=3241/3600
2026-09-03T21:40:26.557866Z valid goemotions Generalist qwen3:8b attempt=1 valid=3242/3600
2026-09-03T21:40:29.766859Z valid goemotions Fixed role qwen3:8b attempt=1 valid=3243/3600
2026-09-03T21:40:33.487995Z valid goemotions All roles qwen3:8b attempt=1 valid=3244/3600
2026-09-03T21:40:36.685858Z valid goemotions Generalist llama3.1:8b attempt=1 valid=3245/3600
2026-09-03T21:40:40.297443Z valid goemotions Fixed role llama3.1:8b attempt=1 valid=3246/3600
2026-09-03T21:40:44.225977Z valid goemotions All roles llama3.1:8b attempt=1 valid=3247/3600
2026-09-03T21:40:47.671305Z valid goemotions Generalist gemma3:4b attempt=1 valid=3248/3600
2026-09-03T21:40:51.395292Z valid goemotions Fixed role gemma3:4b attempt=1 valid=3249/3600
2026-09-03T21:40:54.978545Z valid goemotions All roles gemma3:4b attempt=1 valid=3250/3600
2026-09-03T21:40:58.881933Z valid agyw_focus_groups Generalist qwen3:8b attempt=1 valid=3251/3600
2026-09-03T21:41:02.481456Z valid agyw_focus_groups Fixed role qwen3:8b attempt=1 valid=3252/3600
2026-09-03T21:41:06.645808Z valid agyw_focus_groups All roles qwen3:8b attempt=1 valid=3253/3600
2026-09-03T21:41:10.496882Z valid agyw_focus_groups Generalist llama3.1:8b attempt=1 valid=3254/3600
2026-09-03T21:41:14.399428Z valid agyw_focus_groups Fixed role llama3.1:8b attempt=1 valid=3255/3600
2026-09-03T21:41:18.581732Z valid agyw_focus_groups All roles llama3.1:8b attempt=1 valid=3256/3600
2026-09-03T21:41:22.611804Z valid agyw_focus_groups Generalist gemma3:4b attempt=1 valid=3257/3600
2026-09-03T21:41:25.796613Z valid agyw_focus_groups Fixed role gemma3:4b attempt=1 valid=3258/3600
2026-09-03T21:41:30.215782Z valid agyw_focus_groups All roles gemma3:4b attempt=1 valid=3259/3600
2026-09-03T21:41:34.620613Z valid parlamint_gb Generalist qwen3:8b attempt=1 valid=3260/3600
2026-09-03T21:41:38.909463Z valid parlamint_gb Fixed role qwen3:8b attempt=1 valid=3261/3600
2026-09-03T21:41:44.070161Z valid parlamint_gb All roles qwen3:8b attempt=1 valid=3262/3600
2026-09-03T21:41:48.734897Z valid parlamint_gb Generalist llama3.1:8b attempt=1 valid=3263/3600
2026-09-03T21:41:53.244410Z valid parlamint_gb Fixed role llama3.1:8b attempt=1 valid=3264/3600
2026-09-03T21:41:58.162903Z valid parlamint_gb All roles llama3.1:8b attempt=1 valid=3265/3600
2026-09-03T21:42:03.186054Z valid parlamint_gb Generalist gemma3:4b attempt=1 valid=3266/3600
2026-09-03T21:42:07.692596Z valid parlamint_gb Fixed role gemma3:4b attempt=1 valid=3267/3600
2026-09-03T21:42:13.038062Z valid parlamint_gb All roles gemma3:4b attempt=1 valid=3268/3600
2026-09-03T21:42:17.357298Z valid dreaddit Generalist qwen3:8b attempt=1 valid=3269/3600
2026-09-03T21:42:22.878368Z valid dreaddit Fixed role qwen3:8b attempt=1 valid=3270/3600
2026-09-03T21:42:28.981528Z valid dreaddit All roles qwen3:8b attempt=1 valid=3271/3600
2026-09-03T21:42:33.965752Z valid dreaddit Generalist llama3.1:8b attempt=1 valid=3272/3600
2026-09-03T21:42:38.576920Z valid dreaddit Fixed role llama3.1:8b attempt=1 valid=3273/3600
2026-09-03T21:42:43.675612Z valid dreaddit All roles llama3.1:8b attempt=1 valid=3274/3600
2026-09-03T21:42:48.774219Z valid dreaddit Generalist gemma3:4b attempt=1 valid=3275/3600
2026-09-03T21:42:53.875738Z valid dreaddit Fixed role gemma3:4b attempt=1 valid=3276/3600
2026-09-03T21:42:59.626115Z valid dreaddit All roles gemma3:4b attempt=1 valid=3277/3600
2026-09-03T21:43:02.862615Z valid goemotions Generalist qwen3:8b attempt=1 valid=3278/3600
2026-09-03T21:43:06.153768Z valid goemotions Fixed role qwen3:8b attempt=1 valid=3279/3600
2026-09-03T21:43:10.333899Z valid goemotions All roles qwen3:8b attempt=1 valid=3280/3600
2026-09-03T21:43:14.004580Z valid goemotions Generalist llama3.1:8b attempt=1 valid=3281/3600
2026-09-03T21:43:17.229332Z valid goemotions Fixed role llama3.1:8b attempt=1 valid=3282/3600
2026-09-03T21:43:21.298612Z valid goemotions All roles llama3.1:8b attempt=1 valid=3283/3600
2026-09-03T21:43:24.774959Z valid goemotions Generalist gemma3:4b attempt=1 valid=3284/3600
2026-09-03T21:43:28.528011Z valid goemotions Fixed role gemma3:4b attempt=1 valid=3285/3600
2026-09-03T21:43:32.866209Z valid goemotions All roles gemma3:4b attempt=1 valid=3286/3600
2026-09-03T21:43:36.772558Z valid agyw_focus_groups Generalist qwen3:8b attempt=1 valid=3287/3600
2026-09-03T21:43:38.921759Z valid agyw_focus_groups Fixed role qwen3:8b attempt=1 valid=3288/3600
2026-09-03T21:43:43.018164Z valid agyw_focus_groups All roles qwen3:8b attempt=1 valid=3289/3600
2026-09-03T21:43:47.456233Z valid agyw_focus_groups Generalist llama3.1:8b attempt=1 valid=3290/3600
2026-09-03T21:43:51.471161Z valid agyw_focus_groups Fixed role llama3.1:8b attempt=1 valid=3291/3600
2026-09-03T21:43:55.475561Z valid agyw_focus_groups All roles llama3.1:8b attempt=1 valid=3292/3600
2026-09-03T21:44:00.054642Z valid agyw_focus_groups Generalist gemma3:4b attempt=1 valid=3293/3600
2026-09-03T21:44:03.819590Z valid agyw_focus_groups Fixed role gemma3:4b attempt=1 valid=3294/3600
2026-09-03T21:44:08.895917Z valid agyw_focus_groups All roles gemma3:4b attempt=1 valid=3295/3600
2026-09-03T21:44:13.923543Z valid parlamint_gb Generalist qwen3:8b attempt=1 valid=3296/3600
2026-09-03T21:44:18.798140Z valid parlamint_gb Fixed role qwen3:8b attempt=1 valid=3297/3600
2026-09-03T21:44:23.813842Z valid parlamint_gb All roles qwen3:8b attempt=1 valid=3298/3600
2026-09-03T21:44:28.439686Z valid parlamint_gb Generalist llama3.1:8b attempt=1 valid=3299/3600
2026-09-03T21:44:32.671361Z valid parlamint_gb Fixed role llama3.1:8b attempt=1 valid=3300/3600
2026-09-03T21:44:37.673923Z valid parlamint_gb All roles llama3.1:8b attempt=1 valid=3301/3600
2026-09-03T21:44:43.066804Z valid parlamint_gb Generalist gemma3:4b attempt=1 valid=3302/3600
2026-09-03T21:44:48.322928Z valid parlamint_gb Fixed role gemma3:4b attempt=1 valid=3303/3600
2026-09-03T21:44:53.954852Z valid parlamint_gb All roles gemma3:4b attempt=1 valid=3304/3600
2026-09-03T21:44:59.988348Z valid dreaddit Generalist qwen3:8b attempt=1 valid=3305/3600
2026-09-03T21:45:06.012335Z valid dreaddit Fixed role qwen3:8b attempt=1 valid=3306/3600
2026-09-03T21:45:11.180674Z valid dreaddit All roles qwen3:8b attempt=1 valid=3307/3600
2026-09-03T21:45:15.730055Z valid dreaddit Generalist llama3.1:8b attempt=1 valid=3308/3600
2026-09-03T21:45:21.636342Z valid dreaddit Fixed role llama3.1:8b attempt=1 valid=3309/3600
2026-09-03T21:45:26.955430Z valid dreaddit All roles llama3.1:8b attempt=1 valid=3310/3600
2026-09-03T21:45:31.803469Z valid dreaddit Generalist gemma3:4b attempt=1 valid=3311/3600
2026-09-03T21:45:36.302977Z valid dreaddit Fixed role gemma3:4b attempt=1 valid=3312/3600
2026-09-03T21:45:41.514708Z valid dreaddit All roles gemma3:4b attempt=1 valid=3313/3600
2026-09-03T21:45:45.582764Z valid goemotions Generalist qwen3:8b attempt=1 valid=3314/3600
2026-09-03T21:45:48.897320Z valid goemotions Fixed role qwen3:8b attempt=1 valid=3315/3600
2026-09-03T21:45:52.716013Z valid goemotions All roles qwen3:8b attempt=1 valid=3316/3600
2026-09-03T21:45:55.964980Z valid goemotions Generalist llama3.1:8b attempt=1 valid=3317/3600
2026-09-03T21:45:59.224093Z valid goemotions Fixed role llama3.1:8b attempt=1 valid=3318/3600
2026-09-03T21:46:03.149841Z valid goemotions All roles llama3.1:8b attempt=1 valid=3319/3600
2026-09-03T21:46:07.647408Z valid goemotions Generalist gemma3:4b attempt=1 valid=3320/3600
2026-09-03T21:46:11.864503Z valid goemotions Fixed role gemma3:4b attempt=1 valid=3321/3600
2026-09-03T21:46:16.488999Z valid goemotions All roles gemma3:4b attempt=1 valid=3322/3600
2026-09-03T21:46:20.493131Z valid agyw_focus_groups Generalist qwen3:8b attempt=1 valid=3323/3600
2026-09-03T21:46:24.903344Z valid agyw_focus_groups Fixed role qwen3:8b attempt=1 valid=3324/3600
2026-09-03T21:46:29.382278Z valid agyw_focus_groups All roles qwen3:8b attempt=1 valid=3325/3600
2026-09-03T21:46:34.216802Z valid agyw_focus_groups Generalist llama3.1:8b attempt=1 valid=3326/3600
2026-09-03T21:46:38.707896Z valid agyw_focus_groups Fixed role llama3.1:8b attempt=1 valid=3327/3600
2026-09-03T21:46:43.021311Z valid agyw_focus_groups All roles llama3.1:8b attempt=1 valid=3328/3600
2026-09-03T21:46:48.344828Z valid agyw_focus_groups Generalist gemma3:4b attempt=1 valid=3329/3600
2026-09-03T21:46:52.962859Z valid agyw_focus_groups Fixed role gemma3:4b attempt=1 valid=3330/3600
2026-09-03T21:46:58.148504Z valid agyw_focus_groups All roles gemma3:4b attempt=1 valid=3331/3600
2026-09-03T21:47:03.030023Z valid parlamint_gb Generalist qwen3:8b attempt=1 valid=3332/3600
2026-09-03T21:47:07.855322Z valid parlamint_gb Fixed role qwen3:8b attempt=1 valid=3333/3600
2026-09-03T21:47:13.347334Z valid parlamint_gb All roles qwen3:8b attempt=1 valid=3334/3600
2026-09-03T21:47:18.379209Z valid parlamint_gb Generalist llama3.1:8b attempt=1 valid=3335/3600
2026-09-03T21:47:23.805170Z valid parlamint_gb Fixed role llama3.1:8b attempt=1 valid=3336/3600
2026-09-03T21:47:29.325239Z valid parlamint_gb All roles llama3.1:8b attempt=1 valid=3337/3600
2026-09-03T21:47:34.259050Z valid parlamint_gb Generalist gemma3:4b attempt=1 valid=3338/3600
2026-09-03T21:47:39.148541Z valid parlamint_gb Fixed role gemma3:4b attempt=1 valid=3339/3600
2026-09-03T21:47:44.842726Z valid parlamint_gb All roles gemma3:4b attempt=1 valid=3340/3600
2026-09-03T21:47:48.981556Z valid dreaddit Generalist qwen3:8b attempt=1 valid=3341/3600
2026-09-03T21:47:52.897414Z valid dreaddit Fixed role qwen3:8b attempt=1 valid=3342/3600
2026-09-03T21:47:57.120200Z valid dreaddit All roles qwen3:8b attempt=1 valid=3343/3600
2026-09-03T21:48:01.075086Z valid dreaddit Generalist llama3.1:8b attempt=1 valid=3344/3600
2026-09-03T21:48:04.950760Z valid dreaddit Fixed role llama3.1:8b attempt=1 valid=3345/3600
2026-09-03T21:48:10.004413Z valid dreaddit All roles llama3.1:8b attempt=1 valid=3346/3600
2026-09-03T21:48:14.934086Z valid dreaddit Generalist gemma3:4b attempt=1 valid=3347/3600
2026-09-03T21:48:19.038682Z valid dreaddit Fixed role gemma3:4b attempt=1 valid=3348/3600
2026-09-03T21:48:24.367785Z valid dreaddit All roles gemma3:4b attempt=1 valid=3349/3600
2026-09-03T21:48:27.769540Z valid goemotions Generalist qwen3:8b attempt=1 valid=3350/3600
2026-09-03T21:48:31.055126Z valid goemotions Fixed role qwen3:8b attempt=1 valid=3351/3600
2026-09-03T21:48:35.427722Z valid goemotions All roles qwen3:8b attempt=1 valid=3352/3600
2026-09-03T21:48:39.436649Z valid goemotions Generalist llama3.1:8b attempt=1 valid=3353/3600
2026-09-03T21:48:43.110764Z valid goemotions Fixed role llama3.1:8b attempt=1 valid=3354/3600
2026-09-03T21:48:48.104452Z valid goemotions All roles llama3.1:8b attempt=1 valid=3355/3600
2026-09-03T21:48:51.963053Z valid goemotions Generalist gemma3:4b attempt=1 valid=3356/3600
2026-09-03T21:48:56.078641Z valid goemotions Fixed role gemma3:4b attempt=1 valid=3357/3600
2026-09-03T21:49:00.376293Z valid goemotions All roles gemma3:4b attempt=1 valid=3358/3600
2026-09-03T21:49:04.506946Z valid agyw_focus_groups Generalist qwen3:8b attempt=1 valid=3359/3600
2026-09-03T21:49:08.119421Z valid agyw_focus_groups Fixed role qwen3:8b attempt=1 valid=3360/3600
2026-09-03T21:49:12.448349Z valid agyw_focus_groups All roles qwen3:8b attempt=1 valid=3361/3600
2026-09-03T21:49:16.368339Z valid agyw_focus_groups Generalist llama3.1:8b attempt=1 valid=3362/3600
2026-09-03T21:49:20.217418Z valid agyw_focus_groups Fixed role llama3.1:8b attempt=1 valid=3363/3600
2026-09-03T21:49:24.582945Z valid agyw_focus_groups All roles llama3.1:8b attempt=1 valid=3364/3600
2026-09-03T21:49:29.343111Z valid agyw_focus_groups Generalist gemma3:4b attempt=1 valid=3365/3600
2026-09-03T21:49:34.107207Z valid agyw_focus_groups Fixed role gemma3:4b attempt=1 valid=3366/3600
2026-09-03T21:49:38.769765Z valid agyw_focus_groups All roles gemma3:4b attempt=1 valid=3367/3600
2026-09-03T21:49:43.322077Z valid parlamint_gb Generalist qwen3:8b attempt=1 valid=3368/3600
2026-09-03T21:49:47.739714Z valid parlamint_gb Fixed role qwen3:8b attempt=1 valid=3369/3600
2026-09-03T21:49:53.005785Z valid parlamint_gb All roles qwen3:8b attempt=1 valid=3370/3600
2026-09-03T21:49:57.445857Z valid parlamint_gb Generalist llama3.1:8b attempt=1 valid=3371/3600
2026-09-03T21:50:01.948207Z valid parlamint_gb Fixed role llama3.1:8b attempt=1 valid=3372/3600
2026-09-03T21:50:07.604152Z valid parlamint_gb All roles llama3.1:8b attempt=1 valid=3373/3600
2026-09-03T21:50:12.172273Z valid parlamint_gb Generalist gemma3:4b attempt=1 valid=3374/3600
2026-09-03T21:50:16.767910Z valid parlamint_gb Fixed role gemma3:4b attempt=1 valid=3375/3600
2026-09-03T21:50:21.884592Z valid parlamint_gb All roles gemma3:4b attempt=1 valid=3376/3600
2026-09-03T21:50:26.688290Z valid dreaddit Generalist qwen3:8b attempt=1 valid=3377/3600
2026-09-03T21:50:31.203239Z valid dreaddit Fixed role qwen3:8b attempt=1 valid=3378/3600
2026-09-03T21:50:36.818029Z valid dreaddit All roles qwen3:8b attempt=1 valid=3379/3600
2026-09-03T21:50:41.901355Z valid dreaddit Generalist llama3.1:8b attempt=1 valid=3380/3600
2026-09-03T21:50:46.488775Z valid dreaddit Fixed role llama3.1:8b attempt=1 valid=3381/3600
2026-09-03T21:50:51.457244Z valid dreaddit All roles llama3.1:8b attempt=1 valid=3382/3600
2026-09-03T21:50:56.188944Z valid dreaddit Generalist gemma3:4b attempt=1 valid=3383/3600
2026-09-03T21:51:01.115249Z valid dreaddit Fixed role gemma3:4b attempt=1 valid=3384/3600
2026-09-03T21:51:06.461181Z valid dreaddit All roles gemma3:4b attempt=1 valid=3385/3600
2026-09-03T21:51:10.245827Z valid goemotions Generalist qwen3:8b attempt=1 valid=3386/3600
2026-09-03T21:51:14.089926Z valid goemotions Fixed role qwen3:8b attempt=1 valid=3387/3600
2026-09-03T21:51:18.479180Z valid goemotions All roles qwen3:8b attempt=1 valid=3388/3600
2026-09-03T21:51:23.333547Z valid goemotions Generalist llama3.1:8b attempt=1 valid=3389/3600
2026-09-03T21:51:27.022527Z valid goemotions Fixed role llama3.1:8b attempt=1 valid=3390/3600
2026-09-03T21:51:30.919334Z valid goemotions All roles llama3.1:8b attempt=1 valid=3391/3600
2026-09-03T21:51:34.410435Z valid goemotions Generalist gemma3:4b attempt=1 valid=3392/3600
2026-09-03T21:51:38.713527Z valid goemotions Fixed role gemma3:4b attempt=1 valid=3393/3600
2026-09-03T21:51:42.950144Z valid goemotions All roles gemma3:4b attempt=1 valid=3394/3600
2026-09-03T21:51:47.542476Z valid agyw_focus_groups Generalist qwen3:8b attempt=1 valid=3395/3600
2026-09-03T21:51:51.847685Z valid agyw_focus_groups Fixed role qwen3:8b attempt=1 valid=3396/3600
2026-09-03T21:51:56.534816Z valid agyw_focus_groups All roles qwen3:8b attempt=1 valid=3397/3600
2026-09-03T21:52:00.673052Z valid agyw_focus_groups Generalist llama3.1:8b attempt=1 valid=3398/3600
2026-09-03T21:52:05.166333Z valid agyw_focus_groups Fixed role llama3.1:8b attempt=1 valid=3399/3600
2026-09-03T21:52:09.999838Z valid agyw_focus_groups All roles llama3.1:8b attempt=1 valid=3400/3600
2026-09-03T21:52:15.182898Z valid agyw_focus_groups Generalist gemma3:4b attempt=1 valid=3401/3600
2026-09-03T21:52:19.762634Z valid agyw_focus_groups Fixed role gemma3:4b attempt=1 valid=3402/3600
2026-09-03T21:52:24.587145Z valid agyw_focus_groups All roles gemma3:4b attempt=1 valid=3403/3600
2026-09-03T21:52:31.353451Z valid parlamint_gb Generalist qwen3:8b attempt=1 valid=3404/3600
2026-09-03T21:52:37.598882Z valid parlamint_gb Fixed role qwen3:8b attempt=1 valid=3405/3600
2026-09-03T21:52:44.296894Z valid parlamint_gb All roles qwen3:8b attempt=1 valid=3406/3600
2026-09-03T21:52:50.759184Z valid parlamint_gb Generalist llama3.1:8b attempt=1 valid=3407/3600
2026-09-03T21:52:57.279895Z valid parlamint_gb Fixed role llama3.1:8b attempt=1 valid=3408/3600
2026-09-03T21:53:04.752599Z valid parlamint_gb All roles llama3.1:8b attempt=1 valid=3409/3600
2026-09-03T21:53:12.922454Z valid parlamint_gb Generalist gemma3:4b attempt=1 valid=3410/3600
2026-09-03T21:53:19.742189Z valid parlamint_gb Fixed role gemma3:4b attempt=1 valid=3411/3600
2026-09-03T21:53:27.351003Z valid parlamint_gb All roles gemma3:4b attempt=1 valid=3412/3600
2026-09-03T21:53:32.871615Z valid dreaddit Generalist qwen3:8b attempt=1 valid=3413/3600
2026-09-03T21:53:36.737998Z valid dreaddit Fixed role qwen3:8b attempt=1 valid=3414/3600
2026-09-03T21:53:41.588542Z valid dreaddit All roles qwen3:8b attempt=1 valid=3415/3600
2026-09-03T21:53:46.593142Z valid dreaddit Generalist llama3.1:8b attempt=1 valid=3416/3600
2026-09-03T21:53:51.763769Z valid dreaddit Fixed role llama3.1:8b attempt=1 valid=3417/3600
2026-09-03T21:53:57.156232Z valid dreaddit All roles llama3.1:8b attempt=1 valid=3418/3600
2026-09-03T21:54:01.719577Z valid dreaddit Generalist gemma3:4b attempt=1 valid=3419/3600
2026-09-03T21:54:06.112540Z valid dreaddit Fixed role gemma3:4b attempt=1 valid=3420/3600
2026-09-03T21:54:11.973444Z valid dreaddit All roles gemma3:4b attempt=1 valid=3421/3600
2026-09-03T21:54:15.986471Z valid goemotions Generalist qwen3:8b attempt=1 valid=3422/3600
2026-09-03T21:54:20.302167Z valid goemotions Fixed role qwen3:8b attempt=1 valid=3423/3600
2026-09-03T21:54:24.426113Z valid goemotions All roles qwen3:8b attempt=1 valid=3424/3600
2026-09-03T21:54:27.866266Z valid goemotions Generalist llama3.1:8b attempt=1 valid=3425/3600
2026-09-03T21:54:32.304043Z valid goemotions Fixed role llama3.1:8b attempt=1 valid=3426/3600
2026-09-03T21:54:37.443587Z valid goemotions All roles llama3.1:8b attempt=1 valid=3427/3600
2026-09-03T21:54:41.364362Z valid goemotions Generalist gemma3:4b attempt=1 valid=3428/3600
2026-09-03T21:54:44.918717Z valid goemotions Fixed role gemma3:4b attempt=1 valid=3429/3600
2026-09-03T21:54:49.313452Z valid goemotions All roles gemma3:4b attempt=1 valid=3430/3600
2026-09-03T21:54:54.370344Z valid agyw_focus_groups Generalist qwen3:8b attempt=1 valid=3431/3600
2026-09-03T21:54:58.964820Z valid agyw_focus_groups Fixed role qwen3:8b attempt=1 valid=3432/3600
2026-09-03T21:55:03.653141Z valid agyw_focus_groups All roles qwen3:8b attempt=1 valid=3433/3600
2026-09-03T21:55:07.901077Z valid agyw_focus_groups Generalist llama3.1:8b attempt=1 valid=3434/3600
2026-09-03T21:55:12.244567Z valid agyw_focus_groups Fixed role llama3.1:8b attempt=1 valid=3435/3600
2026-09-03T21:55:17.699996Z valid agyw_focus_groups All roles llama3.1:8b attempt=1 valid=3436/3600
2026-09-03T21:55:23.083135Z valid agyw_focus_groups Generalist gemma3:4b attempt=1 valid=3437/3600
2026-09-03T21:55:27.541050Z valid agyw_focus_groups Fixed role gemma3:4b attempt=1 valid=3438/3600
2026-09-03T21:55:32.683478Z valid agyw_focus_groups All roles gemma3:4b attempt=1 valid=3439/3600
2026-09-03T21:55:39.876270Z valid parlamint_gb Generalist qwen3:8b attempt=1 valid=3440/3600
2026-09-03T21:55:48.893642Z valid parlamint_gb Fixed role qwen3:8b attempt=1 valid=3441/3600
2026-09-03T21:55:56.560423Z valid parlamint_gb All roles qwen3:8b attempt=1 valid=3442/3600
2026-09-03T21:56:05.727134Z valid parlamint_gb Generalist llama3.1:8b attempt=1 valid=3443/3600
2026-09-03T21:56:13.079268Z valid parlamint_gb Fixed role llama3.1:8b attempt=1 valid=3444/3600
2026-09-03T21:56:20.933293Z valid parlamint_gb All roles llama3.1:8b attempt=1 valid=3445/3600
2026-09-03T21:56:28.084444Z valid parlamint_gb Generalist gemma3:4b attempt=1 valid=3446/3600
2026-09-03T21:56:35.067285Z valid parlamint_gb Fixed role gemma3:4b attempt=1 valid=3447/3600
2026-09-03T21:56:43.498363Z valid parlamint_gb All roles gemma3:4b attempt=1 valid=3448/3600
2026-09-03T21:56:48.424247Z valid dreaddit Generalist qwen3:8b attempt=1 valid=3449/3600
2026-09-03T21:56:50.783070Z valid dreaddit Fixed role qwen3:8b attempt=1 valid=3450/3600
2026-09-03T21:56:56.023150Z valid dreaddit All roles qwen3:8b attempt=1 valid=3451/3600
2026-09-03T21:57:01.375734Z valid dreaddit Generalist llama3.1:8b attempt=1 valid=3452/3600
2026-09-03T21:57:05.617599Z valid dreaddit Fixed role llama3.1:8b attempt=1 valid=3453/3600
2026-09-03T21:57:10.232831Z valid dreaddit All roles llama3.1:8b attempt=1 valid=3454/3600
2026-09-03T21:57:14.758366Z valid dreaddit Generalist gemma3:4b attempt=1 valid=3455/3600
2026-09-03T21:57:19.450795Z valid dreaddit Fixed role gemma3:4b attempt=1 valid=3456/3600
2026-09-03T21:57:25.289101Z valid dreaddit All roles gemma3:4b attempt=1 valid=3457/3600
2026-09-03T21:57:29.273417Z valid goemotions Generalist qwen3:8b attempt=1 valid=3458/3600
2026-09-03T21:57:33.421745Z valid goemotions Fixed role qwen3:8b attempt=1 valid=3459/3600
2026-09-03T21:57:38.485536Z valid goemotions All roles qwen3:8b attempt=1 valid=3460/3600
2026-09-03T21:57:43.633328Z valid goemotions Generalist llama3.1:8b attempt=1 valid=3461/3600
2026-09-03T21:57:47.921366Z valid goemotions Fixed role llama3.1:8b attempt=1 valid=3462/3600
2026-09-03T21:57:52.547759Z valid goemotions All roles llama3.1:8b attempt=1 valid=3463/3600
2026-09-03T21:57:56.034928Z valid goemotions Generalist gemma3:4b attempt=1 valid=3464/3600
2026-09-03T21:58:00.901098Z valid goemotions Fixed role gemma3:4b attempt=1 valid=3465/3600
2026-09-03T21:58:05.141394Z valid goemotions All roles gemma3:4b attempt=1 valid=3466/3600
2026-09-03T21:58:09.779912Z valid agyw_focus_groups Generalist qwen3:8b attempt=1 valid=3467/3600
2026-09-03T21:58:13.232345Z valid agyw_focus_groups Fixed role qwen3:8b attempt=1 valid=3468/3600
2026-09-03T21:58:17.192287Z valid agyw_focus_groups All roles qwen3:8b attempt=1 valid=3469/3600
2026-09-03T21:58:20.908597Z valid agyw_focus_groups Generalist llama3.1:8b attempt=1 valid=3470/3600
2026-09-03T21:58:25.443685Z valid agyw_focus_groups Fixed role llama3.1:8b attempt=1 valid=3471/3600
2026-09-03T21:58:30.242035Z valid agyw_focus_groups All roles llama3.1:8b attempt=1 valid=3472/3600
2026-09-03T21:58:33.957210Z valid agyw_focus_groups Generalist gemma3:4b attempt=1 valid=3473/3600
2026-09-03T21:58:37.756358Z valid agyw_focus_groups Fixed role gemma3:4b attempt=1 valid=3474/3600
2026-09-03T21:58:42.726638Z valid agyw_focus_groups All roles gemma3:4b attempt=1 valid=3475/3600
2026-09-03T21:58:49.027923Z valid parlamint_gb Generalist qwen3:8b attempt=1 valid=3476/3600
2026-09-03T21:58:54.985913Z valid parlamint_gb Fixed role qwen3:8b attempt=1 valid=3477/3600
2026-09-03T21:59:01.916359Z valid parlamint_gb All roles qwen3:8b attempt=1 valid=3478/3600
2026-09-03T21:59:09.340489Z valid parlamint_gb Generalist llama3.1:8b attempt=1 valid=3479/3600
2026-09-03T21:59:15.994355Z valid parlamint_gb Fixed role llama3.1:8b attempt=1 valid=3480/3600
2026-09-03T21:59:22.720191Z valid parlamint_gb All roles llama3.1:8b attempt=1 valid=3481/3600
2026-09-03T21:59:30.128215Z valid parlamint_gb Generalist gemma3:4b attempt=1 valid=3482/3600
2026-09-03T21:59:36.967819Z valid parlamint_gb Fixed role gemma3:4b attempt=1 valid=3483/3600
2026-09-03T21:59:43.441397Z valid parlamint_gb All roles gemma3:4b attempt=1 valid=3484/3600
2026-09-03T21:59:47.872363Z valid dreaddit Generalist qwen3:8b attempt=1 valid=3485/3600
2026-09-03T21:59:52.564009Z valid dreaddit Fixed role qwen3:8b attempt=1 valid=3486/3600
2026-09-03T21:59:57.384279Z valid dreaddit All roles qwen3:8b attempt=1 valid=3487/3600
2026-09-03T22:00:02.099667Z valid dreaddit Generalist llama3.1:8b attempt=1 valid=3488/3600
2026-09-03T22:00:07.172529Z valid dreaddit Fixed role llama3.1:8b attempt=1 valid=3489/3600
2026-09-03T22:00:11.839006Z valid dreaddit All roles llama3.1:8b attempt=1 valid=3490/3600
2026-09-03T22:00:15.869738Z valid dreaddit Generalist gemma3:4b attempt=1 valid=3491/3600
2026-09-03T22:00:20.460505Z valid dreaddit Fixed role gemma3:4b attempt=1 valid=3492/3600
2026-09-03T22:00:25.255487Z valid dreaddit All roles gemma3:4b attempt=1 valid=3493/3600
2026-09-03T22:00:28.931648Z valid goemotions Generalist qwen3:8b attempt=1 valid=3494/3600
2026-09-03T22:00:33.311820Z valid goemotions Fixed role qwen3:8b attempt=1 valid=3495/3600
2026-09-03T22:00:37.392497Z valid goemotions All roles qwen3:8b attempt=1 valid=3496/3600
2026-09-03T22:00:41.619229Z valid goemotions Generalist llama3.1:8b attempt=1 valid=3497/3600
2026-09-03T22:00:45.095693Z valid goemotions Fixed role llama3.1:8b attempt=1 valid=3498/3600
2026-09-03T22:00:49.617224Z valid goemotions All roles llama3.1:8b attempt=1 valid=3499/3600
2026-09-03T22:00:53.198237Z valid goemotions Generalist gemma3:4b attempt=1 valid=3500/3600
2026-09-03T22:00:56.651305Z valid goemotions Fixed role gemma3:4b attempt=1 valid=3501/3600
2026-09-03T22:01:00.683228Z valid goemotions All roles gemma3:4b attempt=1 valid=3502/3600
2026-09-03T22:01:05.034672Z valid agyw_focus_groups Generalist qwen3:8b attempt=1 valid=3503/3600
2026-09-03T22:01:08.525055Z valid agyw_focus_groups Fixed role qwen3:8b attempt=1 valid=3504/3600
2026-09-03T22:01:12.522294Z valid agyw_focus_groups All roles qwen3:8b attempt=1 valid=3505/3600
2026-09-03T22:01:16.155473Z valid agyw_focus_groups Generalist llama3.1:8b attempt=1 valid=3506/3600
2026-09-03T22:01:20.424675Z valid agyw_focus_groups Fixed role llama3.1:8b attempt=1 valid=3507/3600
2026-09-03T22:01:24.610819Z valid agyw_focus_groups All roles llama3.1:8b attempt=1 valid=3508/3600
2026-09-03T22:01:28.955014Z valid agyw_focus_groups Generalist gemma3:4b attempt=1 valid=3509/3600
2026-09-03T22:01:33.364757Z valid agyw_focus_groups Fixed role gemma3:4b attempt=1 valid=3510/3600
2026-09-03T22:01:37.874247Z valid agyw_focus_groups All roles gemma3:4b attempt=1 valid=3511/3600
2026-09-03T22:01:44.087577Z valid parlamint_gb Generalist qwen3:8b attempt=1 valid=3512/3600
2026-09-03T22:01:50.145575Z valid parlamint_gb Fixed role qwen3:8b attempt=1 valid=3513/3600
2026-09-03T22:01:56.913731Z valid parlamint_gb All roles qwen3:8b attempt=1 valid=3514/3600
2026-09-03T22:02:03.666618Z valid parlamint_gb Generalist llama3.1:8b attempt=1 valid=3515/3600
2026-09-03T22:02:09.955097Z valid parlamint_gb Fixed role llama3.1:8b attempt=1 valid=3516/3600
2026-09-03T22:02:16.494266Z valid parlamint_gb All roles llama3.1:8b attempt=1 valid=3517/3600
2026-09-03T22:02:23.305015Z valid parlamint_gb Generalist gemma3:4b attempt=1 valid=3518/3600
2026-09-03T22:02:29.664150Z valid parlamint_gb Fixed role gemma3:4b attempt=1 valid=3519/3600
2026-09-03T22:02:36.763266Z valid parlamint_gb All roles gemma3:4b attempt=1 valid=3520/3600
2026-09-03T22:02:41.367353Z valid dreaddit Generalist qwen3:8b attempt=1 valid=3521/3600
2026-09-03T22:02:46.069437Z valid dreaddit Fixed role qwen3:8b attempt=1 valid=3522/3600
2026-09-03T22:02:50.742922Z valid dreaddit All roles qwen3:8b attempt=1 valid=3523/3600
2026-09-03T22:02:55.968772Z valid dreaddit Generalist llama3.1:8b attempt=1 valid=3524/3600
2026-09-03T22:03:00.529591Z valid dreaddit Fixed role llama3.1:8b attempt=1 valid=3525/3600
2026-09-03T22:03:05.510150Z valid dreaddit All roles llama3.1:8b attempt=1 valid=3526/3600
2026-09-03T22:03:10.199436Z valid dreaddit Generalist gemma3:4b attempt=1 valid=3527/3600
2026-09-03T22:03:14.317484Z valid dreaddit Fixed role gemma3:4b attempt=1 valid=3528/3600
2026-09-03T22:03:19.055178Z valid dreaddit All roles gemma3:4b attempt=1 valid=3529/3600
2026-09-03T22:03:22.824542Z valid goemotions Generalist qwen3:8b attempt=1 valid=3530/3600
2026-09-03T22:03:27.016212Z valid goemotions Fixed role qwen3:8b attempt=1 valid=3531/3600
2026-09-03T22:03:30.941585Z valid goemotions All roles qwen3:8b attempt=1 valid=3532/3600
2026-09-03T22:03:35.075654Z valid goemotions Generalist llama3.1:8b attempt=1 valid=3533/3600
2026-09-03T22:03:38.147017Z valid goemotions Fixed role llama3.1:8b attempt=1 valid=3534/3600
2026-09-03T22:03:42.921575Z valid goemotions All roles llama3.1:8b attempt=1 valid=3535/3600
2026-09-03T22:03:46.324478Z valid goemotions Generalist gemma3:4b attempt=1 valid=3536/3600
2026-09-03T22:03:49.640486Z valid goemotions Fixed role gemma3:4b attempt=1 valid=3537/3600
2026-09-03T22:03:53.760673Z valid goemotions All roles gemma3:4b attempt=1 valid=3538/3600
2026-09-03T22:03:57.729307Z valid agyw_focus_groups Generalist qwen3:8b attempt=1 valid=3539/3600
2026-09-03T22:04:02.152810Z valid agyw_focus_groups Fixed role qwen3:8b attempt=1 valid=3540/3600
2026-09-03T22:04:06.549537Z valid agyw_focus_groups All roles qwen3:8b attempt=1 valid=3541/3600
2026-09-03T22:04:10.649857Z valid agyw_focus_groups Generalist llama3.1:8b attempt=1 valid=3542/3600
2026-09-03T22:04:14.916081Z valid agyw_focus_groups Fixed role llama3.1:8b attempt=1 valid=3543/3600
2026-09-03T22:04:20.208978Z valid agyw_focus_groups All roles llama3.1:8b attempt=1 valid=3544/3600
2026-09-03T22:04:24.433097Z valid agyw_focus_groups Generalist gemma3:4b attempt=1 valid=3545/3600
2026-09-03T22:04:29.077586Z valid agyw_focus_groups Fixed role gemma3:4b attempt=1 valid=3546/3600
2026-09-03T22:04:34.077454Z valid agyw_focus_groups All roles gemma3:4b attempt=1 valid=3547/3600
2026-09-03T22:04:39.665507Z valid parlamint_gb Generalist qwen3:8b attempt=1 valid=3548/3600
2026-09-03T22:04:44.912166Z valid parlamint_gb Fixed role qwen3:8b attempt=1 valid=3549/3600
2026-09-03T22:04:50.130762Z valid parlamint_gb All roles qwen3:8b attempt=1 valid=3550/3600
2026-09-03T22:04:55.139632Z valid parlamint_gb Generalist llama3.1:8b attempt=1 valid=3551/3600
2026-09-03T22:05:00.793661Z valid parlamint_gb Fixed role llama3.1:8b attempt=1 valid=3552/3600
2026-09-03T22:05:05.692350Z valid parlamint_gb All roles llama3.1:8b attempt=1 valid=3553/3600
2026-09-03T22:05:10.149427Z valid parlamint_gb Generalist gemma3:4b attempt=1 valid=3554/3600
2026-09-03T22:05:14.857851Z valid parlamint_gb Fixed role gemma3:4b attempt=1 valid=3555/3600
2026-09-03T22:05:20.627797Z valid parlamint_gb All roles gemma3:4b attempt=1 valid=3556/3600
2026-09-03T22:05:25.347710Z valid dreaddit Generalist qwen3:8b attempt=1 valid=3557/3600
2026-09-03T22:05:30.035558Z valid dreaddit Fixed role qwen3:8b attempt=1 valid=3558/3600
2026-09-03T22:05:35.416581Z valid dreaddit All roles qwen3:8b attempt=1 valid=3559/3600
2026-09-03T22:05:39.827472Z valid dreaddit Generalist llama3.1:8b attempt=1 valid=3560/3600
2026-09-03T22:05:44.262775Z valid dreaddit Fixed role llama3.1:8b attempt=1 valid=3561/3600
2026-09-03T22:05:49.772548Z valid dreaddit All roles llama3.1:8b attempt=1 valid=3562/3600
2026-09-03T22:05:55.001865Z valid dreaddit Generalist gemma3:4b attempt=1 valid=3563/3600
2026-09-03T22:05:59.700603Z valid dreaddit Fixed role gemma3:4b attempt=1 valid=3564/3600
2026-09-03T22:06:05.271489Z valid dreaddit All roles gemma3:4b attempt=1 valid=3565/3600
2026-09-03T22:06:09.022627Z valid goemotions Generalist qwen3:8b attempt=1 valid=3566/3600
2026-09-03T22:06:12.337067Z valid goemotions Fixed role qwen3:8b attempt=1 valid=3567/3600
2026-09-03T22:06:16.796612Z valid goemotions All roles qwen3:8b attempt=1 valid=3568/3600
2026-09-03T22:06:20.842007Z valid goemotions Generalist llama3.1:8b attempt=1 valid=3569/3600
2026-09-03T22:06:24.098337Z valid goemotions Fixed role llama3.1:8b attempt=1 valid=3570/3600
2026-09-03T22:06:27.645442Z valid goemotions All roles llama3.1:8b attempt=1 valid=3571/3600
2026-09-03T22:06:31.249092Z valid goemotions Generalist gemma3:4b attempt=1 valid=3572/3600
2026-09-03T22:06:35.301951Z valid goemotions Fixed role gemma3:4b attempt=1 valid=3573/3600
2026-09-03T22:06:38.973593Z valid goemotions All roles gemma3:4b attempt=1 valid=3574/3600
2026-09-03T22:06:42.302760Z valid agyw_focus_groups Generalist qwen3:8b attempt=1 valid=3575/3600
2026-09-03T22:06:44.287821Z valid agyw_focus_groups Fixed role qwen3:8b attempt=1 valid=3576/3600
2026-09-03T22:06:48.333269Z valid agyw_focus_groups All roles qwen3:8b attempt=1 valid=3577/3600
2026-09-03T22:06:51.866014Z valid agyw_focus_groups Generalist llama3.1:8b attempt=1 valid=3578/3600
2026-09-03T22:06:55.913335Z valid agyw_focus_groups Fixed role llama3.1:8b attempt=1 valid=3579/3600
2026-09-03T22:07:00.807850Z valid agyw_focus_groups All roles llama3.1:8b attempt=1 valid=3580/3600
2026-09-03T22:07:04.184691Z valid agyw_focus_groups Generalist gemma3:4b attempt=1 valid=3581/3600
2026-09-03T22:07:08.373299Z valid agyw_focus_groups Fixed role gemma3:4b attempt=1 valid=3582/3600
2026-09-03T22:07:12.797038Z valid agyw_focus_groups All roles gemma3:4b attempt=1 valid=3583/3600
2026-09-03T22:07:21.934462Z valid parlamint_gb Generalist qwen3:8b attempt=1 valid=3584/3600
2026-09-03T22:07:34.710075Z valid parlamint_gb Fixed role qwen3:8b attempt=1 valid=3585/3600
2026-09-03T22:07:44.029430Z valid parlamint_gb All roles qwen3:8b attempt=1 valid=3586/3600
2026-09-03T22:07:53.118808Z valid parlamint_gb Generalist llama3.1:8b attempt=1 valid=3587/3600
2026-09-03T22:08:02.322355Z valid parlamint_gb Fixed role llama3.1:8b attempt=1 valid=3588/3600
2026-09-03T22:08:12.481221Z valid parlamint_gb All roles llama3.1:8b attempt=1 valid=3589/3600
2026-09-03T22:08:21.087819Z valid parlamint_gb Generalist gemma3:4b attempt=1 valid=3590/3600
2026-09-03T22:08:30.065359Z valid parlamint_gb Fixed role gemma3:4b attempt=1 valid=3591/3600
2026-09-03T22:08:39.722718Z valid parlamint_gb All roles gemma3:4b attempt=1 valid=3592/3600
