dataset,metric_id,metric_profile_id,metric_condition_id,applicability,definition_variant,evaluation_reference,label_count,positive_label,denominator_basis,phase_method_restriction,prerequisite_or_reason,implementation_status
dreaddit,accuracy,D-STRESS-v1,D-STRESS-v1/accuracy/dataset-metric-conditions-v1,applicable,binary_exact_label,released_stress_labels,2,stress=1,100 planned items,All scheduled methods; each metric must satisfy its artifact prerequisites.,Requires completed validated artifacts described by the metric register.,specified_not_yet_validated_for_server
goemotions,accuracy,G-EMOTION28-v1,G-EMOTION28-v1/accuracy/dataset-metric-conditions-v1,applicable,exact_full_label_set,released_emotion_label_sets,28,,100 planned items,All scheduled methods; each metric must satisfy its artifact prerequisites.,Requires completed validated artifacts described by the metric register.,specified_not_yet_validated_for_server
cache,accuracy,C-CODING-v1,C-CODING-v1/accuracy/dataset-metric-conditions-v1,not_applicable,not_applicable,none,,,N/A,All scheduled methods; each metric must satisfy its artifact prerequisites.,No independent task-reference labels; GT-free judging does not create GT.,specified_not_yet_validated_for_server
parlamint_gb,accuracy,P-CODING-v1,P-CODING-v1/accuracy/dataset-metric-conditions-v1,not_applicable,not_applicable,none,,,N/A,All scheduled methods; each metric must satisfy its artifact prerequisites.,No independent task-reference labels; GT-free judging does not create GT.,specified_not_yet_validated_for_server
dreaddit,valid_accuracy,D-STRESS-v1,D-STRESS-v1/valid_accuracy/dataset-metric-conditions-v1,applicable,binary_exact_label,released_stress_labels,2,stress=1,valid parsed predictions (diagnostic),All scheduled methods; each metric must satisfy its artifact prerequisites.,Requires completed validated artifacts described by the metric register.,specified_not_yet_validated_for_server
goemotions,valid_accuracy,G-EMOTION28-v1,G-EMOTION28-v1/valid_accuracy/dataset-metric-conditions-v1,applicable,exact_full_label_set,released_emotion_label_sets,28,,valid parsed predictions (diagnostic),All scheduled methods; each metric must satisfy its artifact prerequisites.,Requires completed validated artifacts described by the metric register.,specified_not_yet_validated_for_server
cache,valid_accuracy,C-CODING-v1,C-CODING-v1/valid_accuracy/dataset-metric-conditions-v1,not_applicable,not_applicable,none,,,N/A,All scheduled methods; each metric must satisfy its artifact prerequisites.,No independent task-reference labels; GT-free judging does not create GT.,specified_not_yet_validated_for_server
parlamint_gb,valid_accuracy,P-CODING-v1,P-CODING-v1/valid_accuracy/dataset-metric-conditions-v1,not_applicable,not_applicable,none,,,N/A,All scheduled methods; each metric must satisfy its artifact prerequisites.,No independent task-reference labels; GT-free judging does not create GT.,specified_not_yet_validated_for_server
dreaddit,micro_precision,D-STRESS-v1,D-STRESS-v1/micro_precision/dataset-metric-conditions-v1,applicable,binary_stress__micro_precision,released_stress_labels,2,stress=1,Compute precision using micro averaging over the fixed label inventory (2 or 28). zero_division=0; report per-label support. Weighted uses GT support. Requires all planned outputs valid; otherwise NC with failure-aware Acc reported.,All scheduled methods; each metric must satisfy its artifact prerequisites.,Requires completed validated artifacts described by the metric register.,specified_not_yet_validated_for_server
goemotions,micro_precision,G-EMOTION28-v1,G-EMOTION28-v1/micro_precision/dataset-metric-conditions-v1,applicable,multilabel_emotion__micro_precision,released_emotion_label_sets,28,,Compute precision using micro averaging over the fixed label inventory (2 or 28). zero_division=0; report per-label support. Weighted uses GT support. Requires all planned outputs valid; otherwise NC with failure-aware Acc reported.,All scheduled methods; each metric must satisfy its artifact prerequisites.,Requires completed validated artifacts described by the metric register.,specified_not_yet_validated_for_server
cache,micro_precision,C-CODING-v1,C-CODING-v1/micro_precision/dataset-metric-conditions-v1,not_applicable,not_applicable,none,,,N/A,All scheduled methods; each metric must satisfy its artifact prerequisites.,No independent task-reference labels; GT-free judging does not create GT.,specified_not_yet_validated_for_server
parlamint_gb,micro_precision,P-CODING-v1,P-CODING-v1/micro_precision/dataset-metric-conditions-v1,not_applicable,not_applicable,none,,,N/A,All scheduled methods; each metric must satisfy its artifact prerequisites.,No independent task-reference labels; GT-free judging does not create GT.,specified_not_yet_validated_for_server
dreaddit,micro_recall,D-STRESS-v1,D-STRESS-v1/micro_recall/dataset-metric-conditions-v1,applicable,binary_stress__micro_recall,released_stress_labels,2,stress=1,Compute recall using micro averaging over the fixed label inventory (2 or 28). zero_division=0; report per-label support. Weighted uses GT support. Requires all planned outputs valid; otherwise NC with failure-aware Acc reported.,All scheduled methods; each metric must satisfy its artifact prerequisites.,Requires completed validated artifacts described by the metric register.,specified_not_yet_validated_for_server
goemotions,micro_recall,G-EMOTION28-v1,G-EMOTION28-v1/micro_recall/dataset-metric-conditions-v1,applicable,multilabel_emotion__micro_recall,released_emotion_label_sets,28,,Compute recall using micro averaging over the fixed label inventory (2 or 28). zero_division=0; report per-label support. Weighted uses GT support. Requires all planned outputs valid; otherwise NC with failure-aware Acc reported.,All scheduled methods; each metric must satisfy its artifact prerequisites.,Requires completed validated artifacts described by the metric register.,specified_not_yet_validated_for_server
cache,micro_recall,C-CODING-v1,C-CODING-v1/micro_recall/dataset-metric-conditions-v1,not_applicable,not_applicable,none,,,N/A,All scheduled methods; each metric must satisfy its artifact prerequisites.,No independent task-reference labels; GT-free judging does not create GT.,specified_not_yet_validated_for_server
parlamint_gb,micro_recall,P-CODING-v1,P-CODING-v1/micro_recall/dataset-metric-conditions-v1,not_applicable,not_applicable,none,,,N/A,All scheduled methods; each metric must satisfy its artifact prerequisites.,No independent task-reference labels; GT-free judging does not create GT.,specified_not_yet_validated_for_server
dreaddit,micro_f1,D-STRESS-v1,D-STRESS-v1/micro_f1/dataset-metric-conditions-v1,applicable,binary_stress__micro_f1,released_stress_labels,2,stress=1,Compute f1 using micro averaging over the fixed label inventory (2 or 28). zero_division=0; report per-label support. Weighted uses GT support. Requires all planned outputs valid; otherwise NC with failure-aware Acc reported.,All scheduled methods; each metric must satisfy its artifact prerequisites.,Requires completed validated artifacts described by the metric register.,specified_not_yet_validated_for_server
goemotions,micro_f1,G-EMOTION28-v1,G-EMOTION28-v1/micro_f1/dataset-metric-conditions-v1,applicable,multilabel_emotion__micro_f1,released_emotion_label_sets,28,,Compute f1 using micro averaging over the fixed label inventory (2 or 28). zero_division=0; report per-label support. Weighted uses GT support. Requires all planned outputs valid; otherwise NC with failure-aware Acc reported.,All scheduled methods; each metric must satisfy its artifact prerequisites.,Requires completed validated artifacts described by the metric register.,specified_not_yet_validated_for_server
cache,micro_f1,C-CODING-v1,C-CODING-v1/micro_f1/dataset-metric-conditions-v1,not_applicable,not_applicable,none,,,N/A,All scheduled methods; each metric must satisfy its artifact prerequisites.,No independent task-reference labels; GT-free judging does not create GT.,specified_not_yet_validated_for_server
parlamint_gb,micro_f1,P-CODING-v1,P-CODING-v1/micro_f1/dataset-metric-conditions-v1,not_applicable,not_applicable,none,,,N/A,All scheduled methods; each metric must satisfy its artifact prerequisites.,No independent task-reference labels; GT-free judging does not create GT.,specified_not_yet_validated_for_server
dreaddit,macro_precision,D-STRESS-v1,D-STRESS-v1/macro_precision/dataset-metric-conditions-v1,applicable,fixed_2_class__macro_precision,released_stress_labels,2,stress=1,2 fixed classes,All scheduled methods; each metric must satisfy its artifact prerequisites.,Requires completed validated artifacts described by the metric register.,specified_not_yet_validated_for_server
goemotions,macro_precision,G-EMOTION28-v1,G-EMOTION28-v1/macro_precision/dataset-metric-conditions-v1,applicable,fixed_28_label__macro_precision,released_emotion_label_sets,28,,28 fixed labels,All scheduled methods; each metric must satisfy its artifact prerequisites.,Requires completed validated artifacts described by the metric register.,specified_not_yet_validated_for_server
cache,macro_precision,C-CODING-v1,C-CODING-v1/macro_precision/dataset-metric-conditions-v1,not_applicable,not_applicable,none,,,N/A,All scheduled methods; each metric must satisfy its artifact prerequisites.,No independent task-reference labels; GT-free judging does not create GT.,specified_not_yet_validated_for_server
parlamint_gb,macro_precision,P-CODING-v1,P-CODING-v1/macro_precision/dataset-metric-conditions-v1,not_applicable,not_applicable,none,,,N/A,All scheduled methods; each metric must satisfy its artifact prerequisites.,No independent task-reference labels; GT-free judging does not create GT.,specified_not_yet_validated_for_server
dreaddit,macro_recall,D-STRESS-v1,D-STRESS-v1/macro_recall/dataset-metric-conditions-v1,applicable,fixed_2_class__macro_recall,released_stress_labels,2,stress=1,2 fixed classes,All scheduled methods; each metric must satisfy its artifact prerequisites.,Requires completed validated artifacts described by the metric register.,specified_not_yet_validated_for_server
goemotions,macro_recall,G-EMOTION28-v1,G-EMOTION28-v1/macro_recall/dataset-metric-conditions-v1,applicable,fixed_28_label__macro_recall,released_emotion_label_sets,28,,28 fixed labels,All scheduled methods; each metric must satisfy its artifact prerequisites.,Requires completed validated artifacts described by the metric register.,specified_not_yet_validated_for_server
cache,macro_recall,C-CODING-v1,C-CODING-v1/macro_recall/dataset-metric-conditions-v1,not_applicable,not_applicable,none,,,N/A,All scheduled methods; each metric must satisfy its artifact prerequisites.,No independent task-reference labels; GT-free judging does not create GT.,specified_not_yet_validated_for_server
parlamint_gb,macro_recall,P-CODING-v1,P-CODING-v1/macro_recall/dataset-metric-conditions-v1,not_applicable,not_applicable,none,,,N/A,All scheduled methods; each metric must satisfy its artifact prerequisites.,No independent task-reference labels; GT-free judging does not create GT.,specified_not_yet_validated_for_server
dreaddit,macro_f1,D-STRESS-v1,D-STRESS-v1/macro_f1/dataset-metric-conditions-v1,applicable,fixed_2_class__macro_f1,released_stress_labels,2,stress=1,2 fixed classes,All scheduled methods; each metric must satisfy its artifact prerequisites.,Requires completed validated artifacts described by the metric register.,specified_not_yet_validated_for_server
goemotions,macro_f1,G-EMOTION28-v1,G-EMOTION28-v1/macro_f1/dataset-metric-conditions-v1,applicable,fixed_28_label__macro_f1,released_emotion_label_sets,28,,28 fixed labels,All scheduled methods; each metric must satisfy its artifact prerequisites.,Requires completed validated artifacts described by the metric register.,specified_not_yet_validated_for_server
cache,macro_f1,C-CODING-v1,C-CODING-v1/macro_f1/dataset-metric-conditions-v1,not_applicable,not_applicable,none,,,N/A,All scheduled methods; each metric must satisfy its artifact prerequisites.,No independent task-reference labels; GT-free judging does not create GT.,specified_not_yet_validated_for_server
parlamint_gb,macro_f1,P-CODING-v1,P-CODING-v1/macro_f1/dataset-metric-conditions-v1,not_applicable,not_applicable,none,,,N/A,All scheduled methods; each metric must satisfy its artifact prerequisites.,No independent task-reference labels; GT-free judging does not create GT.,specified_not_yet_validated_for_server
dreaddit,weighted_precision,D-STRESS-v1,D-STRESS-v1/weighted_precision/dataset-metric-conditions-v1,applicable,binary_stress__weighted_precision,released_stress_labels,2,stress=1,Compute precision using weighted averaging over the fixed label inventory (2 or 28). zero_division=0; report per-label support. Weighted uses GT support. Requires all planned outputs valid; otherwise NC with failure-aware Acc reported.,All scheduled methods; each metric must satisfy its artifact prerequisites.,Requires completed validated artifacts described by the metric register.,specified_not_yet_validated_for_server
goemotions,weighted_precision,G-EMOTION28-v1,G-EMOTION28-v1/weighted_precision/dataset-metric-conditions-v1,applicable,multilabel_emotion__weighted_precision,released_emotion_label_sets,28,,Compute precision using weighted averaging over the fixed label inventory (2 or 28). zero_division=0; report per-label support. Weighted uses GT support. Requires all planned outputs valid; otherwise NC with failure-aware Acc reported.,All scheduled methods; each metric must satisfy its artifact prerequisites.,Requires completed validated artifacts described by the metric register.,specified_not_yet_validated_for_server
cache,weighted_precision,C-CODING-v1,C-CODING-v1/weighted_precision/dataset-metric-conditions-v1,not_applicable,not_applicable,none,,,N/A,All scheduled methods; each metric must satisfy its artifact prerequisites.,No independent task-reference labels; GT-free judging does not create GT.,specified_not_yet_validated_for_server
parlamint_gb,weighted_precision,P-CODING-v1,P-CODING-v1/weighted_precision/dataset-metric-conditions-v1,not_applicable,not_applicable,none,,,N/A,All scheduled methods; each metric must satisfy its artifact prerequisites.,No independent task-reference labels; GT-free judging does not create GT.,specified_not_yet_validated_for_server
dreaddit,weighted_recall,D-STRESS-v1,D-STRESS-v1/weighted_recall/dataset-metric-conditions-v1,applicable,binary_stress__weighted_recall,released_stress_labels,2,stress=1,Compute recall using weighted averaging over the fixed label inventory (2 or 28). zero_division=0; report per-label support. Weighted uses GT support. Requires all planned outputs valid; otherwise NC with failure-aware Acc reported.,All scheduled methods; each metric must satisfy its artifact prerequisites.,Requires completed validated artifacts described by the metric register.,specified_not_yet_validated_for_server
goemotions,weighted_recall,G-EMOTION28-v1,G-EMOTION28-v1/weighted_recall/dataset-metric-conditions-v1,applicable,multilabel_emotion__weighted_recall,released_emotion_label_sets,28,,Compute recall using weighted averaging over the fixed label inventory (2 or 28). zero_division=0; report per-label support. Weighted uses GT support. Requires all planned outputs valid; otherwise NC with failure-aware Acc reported.,All scheduled methods; each metric must satisfy its artifact prerequisites.,Requires completed validated artifacts described by the metric register.,specified_not_yet_validated_for_server
cache,weighted_recall,C-CODING-v1,C-CODING-v1/weighted_recall/dataset-metric-conditions-v1,not_applicable,not_applicable,none,,,N/A,All scheduled methods; each metric must satisfy its artifact prerequisites.,No independent task-reference labels; GT-free judging does not create GT.,specified_not_yet_validated_for_server
parlamint_gb,weighted_recall,P-CODING-v1,P-CODING-v1/weighted_recall/dataset-metric-conditions-v1,not_applicable,not_applicable,none,,,N/A,All scheduled methods; each metric must satisfy its artifact prerequisites.,No independent task-reference labels; GT-free judging does not create GT.,specified_not_yet_validated_for_server
dreaddit,weighted_f1,D-STRESS-v1,D-STRESS-v1/weighted_f1/dataset-metric-conditions-v1,applicable,binary_stress__weighted_f1,released_stress_labels,2,stress=1,Compute f1 using weighted averaging over the fixed label inventory (2 or 28). zero_division=0; report per-label support. Weighted uses GT support. Requires all planned outputs valid; otherwise NC with failure-aware Acc reported.,All scheduled methods; each metric must satisfy its artifact prerequisites.,Requires completed validated artifacts described by the metric register.,specified_not_yet_validated_for_server
goemotions,weighted_f1,G-EMOTION28-v1,G-EMOTION28-v1/weighted_f1/dataset-metric-conditions-v1,applicable,multilabel_emotion__weighted_f1,released_emotion_label_sets,28,,Compute f1 using weighted averaging over the fixed label inventory (2 or 28). zero_division=0; report per-label support. Weighted uses GT support. Requires all planned outputs valid; otherwise NC with failure-aware Acc reported.,All scheduled methods; each metric must satisfy its artifact prerequisites.,Requires completed validated artifacts described by the metric register.,specified_not_yet_validated_for_server
cache,weighted_f1,C-CODING-v1,C-CODING-v1/weighted_f1/dataset-metric-conditions-v1,not_applicable,not_applicable,none,,,N/A,All scheduled methods; each metric must satisfy its artifact prerequisites.,No independent task-reference labels; GT-free judging does not create GT.,specified_not_yet_validated_for_server
parlamint_gb,weighted_f1,P-CODING-v1,P-CODING-v1/weighted_f1/dataset-metric-conditions-v1,not_applicable,not_applicable,none,,,N/A,All scheduled methods; each metric must satisfy its artifact prerequisites.,No independent task-reference labels; GT-free judging does not create GT.,specified_not_yet_validated_for_server
dreaddit,stress_f1,D-STRESS-v1,D-STRESS-v1/stress_f1/dataset-metric-conditions-v1,applicable,binary_stress__stress_f1,released_stress_labels,2,stress=1,F1 for stress=1; zero_division=0. Never silently use no-stress as the positive class.,All scheduled methods; each metric must satisfy its artifact prerequisites.,Requires completed validated artifacts described by the metric register.,specified_not_yet_validated_for_server
goemotions,stress_f1,G-EMOTION28-v1,G-EMOTION28-v1/stress_f1/dataset-metric-conditions-v1,not_applicable,not_applicable,released_emotion_label_sets,28,,N/A,All scheduled methods; each metric must satisfy its artifact prerequisites.,"Binary stress-specific definition, not scheduled for this task.",specified_not_yet_validated_for_server
cache,stress_f1,C-CODING-v1,C-CODING-v1/stress_f1/dataset-metric-conditions-v1,not_applicable,not_applicable,none,,,N/A,All scheduled methods; each metric must satisfy its artifact prerequisites.,"Binary stress-specific definition, not scheduled for this task.",specified_not_yet_validated_for_server
parlamint_gb,stress_f1,P-CODING-v1,P-CODING-v1/stress_f1/dataset-metric-conditions-v1,not_applicable,not_applicable,none,,,N/A,All scheduled methods; each metric must satisfy its artifact prerequisites.,"Binary stress-specific definition, not scheduled for this task.",specified_not_yet_validated_for_server
dreaddit,balanced_accuracy,D-STRESS-v1,D-STRESS-v1/balanced_accuracy/dataset-metric-conditions-v1,applicable,binary_stress__balanced_accuracy,released_stress_labels,2,stress=1,Mean recall across both GT classes; undefined if either class is absent.,All scheduled methods; each metric must satisfy its artifact prerequisites.,Requires completed validated artifacts described by the metric register.,specified_not_yet_validated_for_server
goemotions,balanced_accuracy,G-EMOTION28-v1,G-EMOTION28-v1/balanced_accuracy/dataset-metric-conditions-v1,not_applicable,not_applicable,released_emotion_label_sets,28,,N/A,All scheduled methods; each metric must satisfy its artifact prerequisites.,"Binary stress-specific definition, not scheduled for this task.",specified_not_yet_validated_for_server
cache,balanced_accuracy,C-CODING-v1,C-CODING-v1/balanced_accuracy/dataset-metric-conditions-v1,not_applicable,not_applicable,none,,,N/A,All scheduled methods; each metric must satisfy its artifact prerequisites.,"Binary stress-specific definition, not scheduled for this task.",specified_not_yet_validated_for_server
parlamint_gb,balanced_accuracy,P-CODING-v1,P-CODING-v1/balanced_accuracy/dataset-metric-conditions-v1,not_applicable,not_applicable,none,,,N/A,All scheduled methods; each metric must satisfy its artifact prerequisites.,"Binary stress-specific definition, not scheduled for this task.",specified_not_yet_validated_for_server
dreaddit,specificity,D-STRESS-v1,D-STRESS-v1/specificity/dataset-metric-conditions-v1,applicable,binary_stress__specificity,released_stress_labels,2,stress=1,"100 * TN/(TN+FP), positive class stress=1; undefined with no negatives.",All scheduled methods; each metric must satisfy its artifact prerequisites.,Requires completed validated artifacts described by the metric register.,specified_not_yet_validated_for_server
goemotions,specificity,G-EMOTION28-v1,G-EMOTION28-v1/specificity/dataset-metric-conditions-v1,not_applicable,not_applicable,released_emotion_label_sets,28,,N/A,All scheduled methods; each metric must satisfy its artifact prerequisites.,"Binary stress-specific definition, not scheduled for this task.",specified_not_yet_validated_for_server
cache,specificity,C-CODING-v1,C-CODING-v1/specificity/dataset-metric-conditions-v1,not_applicable,not_applicable,none,,,N/A,All scheduled methods; each metric must satisfy its artifact prerequisites.,"Binary stress-specific definition, not scheduled for this task.",specified_not_yet_validated_for_server
parlamint_gb,specificity,P-CODING-v1,P-CODING-v1/specificity/dataset-metric-conditions-v1,not_applicable,not_applicable,none,,,N/A,All scheduled methods; each metric must satisfy its artifact prerequisites.,"Binary stress-specific definition, not scheduled for this task.",specified_not_yet_validated_for_server
dreaddit,mcc,D-STRESS-v1,D-STRESS-v1/mcc/dataset-metric-conditions-v1,applicable,binary_stress__mcc,released_stress_labels,2,stress=1,Binary MCC; report degeneracy and support; use pinned sklearn convention for constant predictions.,All scheduled methods; each metric must satisfy its artifact prerequisites.,Requires completed validated artifacts described by the metric register.,specified_not_yet_validated_for_server
goemotions,mcc,G-EMOTION28-v1,G-EMOTION28-v1/mcc/dataset-metric-conditions-v1,not_applicable,not_applicable,released_emotion_label_sets,28,,N/A,All scheduled methods; each metric must satisfy its artifact prerequisites.,"Binary stress-specific definition, not scheduled for this task.",specified_not_yet_validated_for_server
cache,mcc,C-CODING-v1,C-CODING-v1/mcc/dataset-metric-conditions-v1,not_applicable,not_applicable,none,,,N/A,All scheduled methods; each metric must satisfy its artifact prerequisites.,"Binary stress-specific definition, not scheduled for this task.",specified_not_yet_validated_for_server
parlamint_gb,mcc,P-CODING-v1,P-CODING-v1/mcc/dataset-metric-conditions-v1,not_applicable,not_applicable,none,,,N/A,All scheduled methods; each metric must satisfy its artifact prerequisites.,"Binary stress-specific definition, not scheduled for this task.",specified_not_yet_validated_for_server
dreaddit,kappa,D-STRESS-v1,D-STRESS-v1/kappa/dataset-metric-conditions-v1,applicable,binary_stress__kappa,released_stress_labels,2,stress=1,Observed versus chance-corrected binary label agreement; undefined degenerate marginal cases marked NC.,All scheduled methods; each metric must satisfy its artifact prerequisites.,Requires completed validated artifacts described by the metric register.,specified_not_yet_validated_for_server
goemotions,kappa,G-EMOTION28-v1,G-EMOTION28-v1/kappa/dataset-metric-conditions-v1,not_applicable,not_applicable,released_emotion_label_sets,28,,N/A,All scheduled methods; each metric must satisfy its artifact prerequisites.,"Binary stress-specific definition, not scheduled for this task.",specified_not_yet_validated_for_server
cache,kappa,C-CODING-v1,C-CODING-v1/kappa/dataset-metric-conditions-v1,not_applicable,not_applicable,none,,,N/A,All scheduled methods; each metric must satisfy its artifact prerequisites.,"Binary stress-specific definition, not scheduled for this task.",specified_not_yet_validated_for_server
parlamint_gb,kappa,P-CODING-v1,P-CODING-v1/kappa/dataset-metric-conditions-v1,not_applicable,not_applicable,none,,,N/A,All scheduled methods; each metric must satisfy its artifact prerequisites.,"Binary stress-specific definition, not scheduled for this task.",specified_not_yet_validated_for_server
dreaddit,confusion,D-STRESS-v1,D-STRESS-v1/confusion/dataset-metric-conditions-v1,applicable,binary_2x2,released_stress_labels,2,stress=1,Dreaddit 2x2 and GoEmotions per-label 2x2 matrices with fixed label order.,All scheduled methods; each metric must satisfy its artifact prerequisites.,Requires completed validated artifacts described by the metric register.,specified_not_yet_validated_for_server
goemotions,confusion,G-EMOTION28-v1,G-EMOTION28-v1/confusion/dataset-metric-conditions-v1,applicable,28_one_vs_rest_2x2,released_emotion_label_sets,28,,Dreaddit 2x2 and GoEmotions per-label 2x2 matrices with fixed label order.,All scheduled methods; each metric must satisfy its artifact prerequisites.,Requires completed validated artifacts described by the metric register.,specified_not_yet_validated_for_server
cache,confusion,C-CODING-v1,C-CODING-v1/confusion/dataset-metric-conditions-v1,not_applicable,not_applicable,none,,,N/A,All scheduled methods; each metric must satisfy its artifact prerequisites.,No independent task-reference labels; GT-free judging does not create GT.,specified_not_yet_validated_for_server
parlamint_gb,confusion,P-CODING-v1,P-CODING-v1/confusion/dataset-metric-conditions-v1,not_applicable,not_applicable,none,,,N/A,All scheduled methods; each metric must satisfy its artifact prerequisites.,No independent task-reference labels; GT-free judging does not create GT.,specified_not_yet_validated_for_server
dreaddit,per_label_prf,D-STRESS-v1,D-STRESS-v1/per_label_prf/dataset-metric-conditions-v1,applicable,binary_stress__per_label_prf,released_stress_labels,2,stress=1,"Vector over the full label inventory, including zero-support labels and zero_division=0.",All scheduled methods; each metric must satisfy its artifact prerequisites.,Requires completed validated artifacts described by the metric register.,specified_not_yet_validated_for_server
goemotions,per_label_prf,G-EMOTION28-v1,G-EMOTION28-v1/per_label_prf/dataset-metric-conditions-v1,applicable,multilabel_emotion__per_label_prf,released_emotion_label_sets,28,,"Vector over the full label inventory, including zero-support labels and zero_division=0.",All scheduled methods; each metric must satisfy its artifact prerequisites.,Requires completed validated artifacts described by the metric register.,specified_not_yet_validated_for_server
cache,per_label_prf,C-CODING-v1,C-CODING-v1/per_label_prf/dataset-metric-conditions-v1,not_applicable,not_applicable,none,,,N/A,All scheduled methods; each metric must satisfy its artifact prerequisites.,No independent task-reference labels; GT-free judging does not create GT.,specified_not_yet_validated_for_server
parlamint_gb,per_label_prf,P-CODING-v1,P-CODING-v1/per_label_prf/dataset-metric-conditions-v1,not_applicable,not_applicable,none,,,N/A,All scheduled methods; each metric must satisfy its artifact prerequisites.,No independent task-reference labels; GT-free judging does not create GT.,specified_not_yet_validated_for_server
dreaddit,supported_macro_f1,D-STRESS-v1,D-STRESS-v1/supported_macro_f1/dataset-metric-conditions-v1,not_applicable,not_applicable,released_stress_labels,2,stress=1,N/A,All scheduled methods; each metric must satisfy its artifact prerequisites.,GoEmotions full-label-set definition only in this profile.,specified_not_yet_validated_for_server
goemotions,supported_macro_f1,G-EMOTION28-v1,G-EMOTION28-v1/supported_macro_f1/dataset-metric-conditions-v1,applicable,multilabel_emotion__supported_macro_f1,released_emotion_label_sets,28,,Average F1 only over labels with GT support >0; diagnostic alongside fixed-28 Macro-F1; save label list.,All scheduled methods; each metric must satisfy its artifact prerequisites.,Requires completed validated artifacts described by the metric register.,specified_not_yet_validated_for_server
cache,supported_macro_f1,C-CODING-v1,C-CODING-v1/supported_macro_f1/dataset-metric-conditions-v1,not_applicable,not_applicable,none,,,N/A,All scheduled methods; each metric must satisfy its artifact prerequisites.,GoEmotions full-label-set definition only in this profile.,specified_not_yet_validated_for_server
parlamint_gb,supported_macro_f1,P-CODING-v1,P-CODING-v1/supported_macro_f1/dataset-metric-conditions-v1,not_applicable,not_applicable,none,,,N/A,All scheduled methods; each metric must satisfy its artifact prerequisites.,GoEmotions full-label-set definition only in this profile.,specified_not_yet_validated_for_server
dreaddit,sample_precision,D-STRESS-v1,D-STRESS-v1/sample_precision/dataset-metric-conditions-v1,not_applicable,not_applicable,released_stress_labels,2,stress=1,N/A,All scheduled methods; each metric must satisfy its artifact prerequisites.,GoEmotions full-label-set definition only in this profile.,specified_not_yet_validated_for_server
goemotions,sample_precision,G-EMOTION28-v1,G-EMOTION28-v1/sample_precision/dataset-metric-conditions-v1,applicable,multilabel_emotion__sample_precision,released_emotion_label_sets,28,,"Mean per-item set precision; zero_division=0. Normalize neutral as a real single label, not an empty set.",All scheduled methods; each metric must satisfy its artifact prerequisites.,Requires completed validated artifacts described by the metric register.,specified_not_yet_validated_for_server
cache,sample_precision,C-CODING-v1,C-CODING-v1/sample_precision/dataset-metric-conditions-v1,not_applicable,not_applicable,none,,,N/A,All scheduled methods; each metric must satisfy its artifact prerequisites.,GoEmotions full-label-set definition only in this profile.,specified_not_yet_validated_for_server
parlamint_gb,sample_precision,P-CODING-v1,P-CODING-v1/sample_precision/dataset-metric-conditions-v1,not_applicable,not_applicable,none,,,N/A,All scheduled methods; each metric must satisfy its artifact prerequisites.,GoEmotions full-label-set definition only in this profile.,specified_not_yet_validated_for_server
dreaddit,sample_recall,D-STRESS-v1,D-STRESS-v1/sample_recall/dataset-metric-conditions-v1,not_applicable,not_applicable,released_stress_labels,2,stress=1,N/A,All scheduled methods; each metric must satisfy its artifact prerequisites.,GoEmotions full-label-set definition only in this profile.,specified_not_yet_validated_for_server
goemotions,sample_recall,G-EMOTION28-v1,G-EMOTION28-v1/sample_recall/dataset-metric-conditions-v1,applicable,multilabel_emotion__sample_recall,released_emotion_label_sets,28,,"Mean per-item set recall; zero_division=0. Normalize neutral as a real single label, not an empty set.",All scheduled methods; each metric must satisfy its artifact prerequisites.,Requires completed validated artifacts described by the metric register.,specified_not_yet_validated_for_server
cache,sample_recall,C-CODING-v1,C-CODING-v1/sample_recall/dataset-metric-conditions-v1,not_applicable,not_applicable,none,,,N/A,All scheduled methods; each metric must satisfy its artifact prerequisites.,GoEmotions full-label-set definition only in this profile.,specified_not_yet_validated_for_server
parlamint_gb,sample_recall,P-CODING-v1,P-CODING-v1/sample_recall/dataset-metric-conditions-v1,not_applicable,not_applicable,none,,,N/A,All scheduled methods; each metric must satisfy its artifact prerequisites.,GoEmotions full-label-set definition only in this profile.,specified_not_yet_validated_for_server
dreaddit,sample_f1,D-STRESS-v1,D-STRESS-v1/sample_f1/dataset-metric-conditions-v1,not_applicable,not_applicable,released_stress_labels,2,stress=1,N/A,All scheduled methods; each metric must satisfy its artifact prerequisites.,GoEmotions full-label-set definition only in this profile.,specified_not_yet_validated_for_server
goemotions,sample_f1,G-EMOTION28-v1,G-EMOTION28-v1/sample_f1/dataset-metric-conditions-v1,applicable,multilabel_emotion__sample_f1,released_emotion_label_sets,28,,"Mean per-item set f1; zero_division=0. Normalize neutral as a real single label, not an empty set.",All scheduled methods; each metric must satisfy its artifact prerequisites.,Requires completed validated artifacts described by the metric register.,specified_not_yet_validated_for_server
cache,sample_f1,C-CODING-v1,C-CODING-v1/sample_f1/dataset-metric-conditions-v1,not_applicable,not_applicable,none,,,N/A,All scheduled methods; each metric must satisfy its artifact prerequisites.,GoEmotions full-label-set definition only in this profile.,specified_not_yet_validated_for_server
parlamint_gb,sample_f1,P-CODING-v1,P-CODING-v1/sample_f1/dataset-metric-conditions-v1,not_applicable,not_applicable,none,,,N/A,All scheduled methods; each metric must satisfy its artifact prerequisites.,GoEmotions full-label-set definition only in this profile.,specified_not_yet_validated_for_server
dreaddit,hamming_loss,D-STRESS-v1,D-STRESS-v1/hamming_loss/dataset-metric-conditions-v1,not_applicable,not_applicable,released_stress_labels,2,stress=1,N/A,All scheduled methods; each metric must satisfy its artifact prerequisites.,GoEmotions full-label-set definition only in this profile.,specified_not_yet_validated_for_server
goemotions,hamming_loss,G-EMOTION28-v1,G-EMOTION28-v1/hamming_loss/dataset-metric-conditions-v1,applicable,multilabel_emotion__hamming_loss,released_emotion_label_sets,28,,100 items x 28 labels,All scheduled methods; each metric must satisfy its artifact prerequisites.,Requires completed validated artifacts described by the metric register.,specified_not_yet_validated_for_server
cache,hamming_loss,C-CODING-v1,C-CODING-v1/hamming_loss/dataset-metric-conditions-v1,not_applicable,not_applicable,none,,,N/A,All scheduled methods; each metric must satisfy its artifact prerequisites.,GoEmotions full-label-set definition only in this profile.,specified_not_yet_validated_for_server
parlamint_gb,hamming_loss,P-CODING-v1,P-CODING-v1/hamming_loss/dataset-metric-conditions-v1,not_applicable,not_applicable,none,,,N/A,All scheduled methods; each metric must satisfy its artifact prerequisites.,GoEmotions full-label-set definition only in this profile.,specified_not_yet_validated_for_server
dreaddit,sample_jaccard,D-STRESS-v1,D-STRESS-v1/sample_jaccard/dataset-metric-conditions-v1,not_applicable,not_applicable,released_stress_labels,2,stress=1,N/A,All scheduled methods; each metric must satisfy its artifact prerequisites.,GoEmotions full-label-set definition only in this profile.,specified_not_yet_validated_for_server
goemotions,sample_jaccard,G-EMOTION28-v1,G-EMOTION28-v1/sample_jaccard/dataset-metric-conditions-v1,applicable,multilabel_emotion__sample_jaccard,released_emotion_label_sets,28,,"Mean 100 * |predicted intersection GT| / |predicted union GT|; empty union convention 1, though valid GT is nonempty.",All scheduled methods; each metric must satisfy its artifact prerequisites.,Requires completed validated artifacts described by the metric register.,specified_not_yet_validated_for_server
cache,sample_jaccard,C-CODING-v1,C-CODING-v1/sample_jaccard/dataset-metric-conditions-v1,not_applicable,not_applicable,none,,,N/A,All scheduled methods; each metric must satisfy its artifact prerequisites.,GoEmotions full-label-set definition only in this profile.,specified_not_yet_validated_for_server
parlamint_gb,sample_jaccard,P-CODING-v1,P-CODING-v1/sample_jaccard/dataset-metric-conditions-v1,not_applicable,not_applicable,none,,,N/A,All scheduled methods; each metric must satisfy its artifact prerequisites.,GoEmotions full-label-set definition only in this profile.,specified_not_yet_validated_for_server
dreaddit,cardinality,D-STRESS-v1,D-STRESS-v1/cardinality/dataset-metric-conditions-v1,not_applicable,not_applicable,released_stress_labels,2,stress=1,N/A,All scheduled methods; each metric must satisfy its artifact prerequisites.,GoEmotions full-label-set definition only in this profile.,specified_not_yet_validated_for_server
goemotions,cardinality,G-EMOTION28-v1,G-EMOTION28-v1/cardinality/dataset-metric-conditions-v1,applicable,multilabel_emotion__cardinality,released_emotion_label_sets,28,,"Mean labels per item for predictions and GT, plus signed and absolute differences.",All scheduled methods; each metric must satisfy its artifact prerequisites.,Requires completed validated artifacts described by the metric register.,specified_not_yet_validated_for_server
cache,cardinality,C-CODING-v1,C-CODING-v1/cardinality/dataset-metric-conditions-v1,not_applicable,not_applicable,none,,,N/A,All scheduled methods; each metric must satisfy its artifact prerequisites.,GoEmotions full-label-set definition only in this profile.,specified_not_yet_validated_for_server
parlamint_gb,cardinality,P-CODING-v1,P-CODING-v1/cardinality/dataset-metric-conditions-v1,not_applicable,not_applicable,none,,,N/A,All scheduled methods; each metric must satisfy its artifact prerequisites.,GoEmotions full-label-set definition only in this profile.,specified_not_yet_validated_for_server
dreaddit,empty_neutral_conflict,D-STRESS-v1,D-STRESS-v1/empty_neutral_conflict/dataset-metric-conditions-v1,not_applicable,not_applicable,released_stress_labels,2,stress=1,N/A,All scheduled methods; each metric must satisfy its artifact prerequisites.,GoEmotions full-label-set definition only in this profile.,specified_not_yet_validated_for_server
goemotions,empty_neutral_conflict,G-EMOTION28-v1,G-EMOTION28-v1/empty_neutral_conflict/dataset-metric-conditions-v1,applicable,multilabel_emotion__empty_neutral_conflict,released_emotion_label_sets,28,,Separate rates for empty label sets and neutral combined with another emotion. Flag as invalid under the frozen schema.,All scheduled methods; each metric must satisfy its artifact prerequisites.,Requires completed validated artifacts described by the metric register.,specified_not_yet_validated_for_server
cache,empty_neutral_conflict,C-CODING-v1,C-CODING-v1/empty_neutral_conflict/dataset-metric-conditions-v1,not_applicable,not_applicable,none,,,N/A,All scheduled methods; each metric must satisfy its artifact prerequisites.,GoEmotions full-label-set definition only in this profile.,specified_not_yet_validated_for_server
parlamint_gb,empty_neutral_conflict,P-CODING-v1,P-CODING-v1/empty_neutral_conflict/dataset-metric-conditions-v1,not_applicable,not_applicable,none,,,N/A,All scheduled methods; each metric must satisfy its artifact prerequisites.,GoEmotions full-label-set definition only in this profile.,specified_not_yet_validated_for_server
dreaddit,roc_auc,D-STRESS-v1,D-STRESS-v1/roc_auc/dataset-metric-conditions-v1,conditional,binary_stress__roc_auc,released_stress_labels,2,stress=1,"Dreaddit positive-class AUC; GoEmotions per-label, micro, and macro AUC. Skip undefined single-class labels, list them and the averaging denominator.",All scheduled methods; each metric must satisfy its artifact prerequisites.,Requires frozen comparable probabilities/ranking scores; hard labels and verbal confidence are insufficient.,specified_not_yet_validated_for_server
goemotions,roc_auc,G-EMOTION28-v1,G-EMOTION28-v1/roc_auc/dataset-metric-conditions-v1,conditional,multilabel_emotion__roc_auc,released_emotion_label_sets,28,,"Dreaddit positive-class AUC; GoEmotions per-label, micro, and macro AUC. Skip undefined single-class labels, list them and the averaging denominator.",All scheduled methods; each metric must satisfy its artifact prerequisites.,Requires frozen comparable probabilities/ranking scores; hard labels and verbal confidence are insufficient.,specified_not_yet_validated_for_server
cache,roc_auc,C-CODING-v1,C-CODING-v1/roc_auc/dataset-metric-conditions-v1,not_applicable,not_applicable,none,,,N/A,All scheduled methods; each metric must satisfy its artifact prerequisites.,No independent task-reference labels; GT-free judging does not create GT.,specified_not_yet_validated_for_server
parlamint_gb,roc_auc,P-CODING-v1,P-CODING-v1/roc_auc/dataset-metric-conditions-v1,not_applicable,not_applicable,none,,,N/A,All scheduled methods; each metric must satisfy its artifact prerequisites.,No independent task-reference labels; GT-free judging does not create GT.,specified_not_yet_validated_for_server
dreaddit,average_precision,D-STRESS-v1,D-STRESS-v1/average_precision/dataset-metric-conditions-v1,conditional,binary_stress__average_precision,released_stress_labels,2,stress=1,Dreaddit positive-class AP; GoEmotions micro/macro/per-label AP. Report undefined/no-positive labels and valid averaging denominator; do not call trapezoidal PR-AUC AP.,All scheduled methods; each metric must satisfy its artifact prerequisites.,Requires frozen comparable probabilities/ranking scores; hard labels and verbal confidence are insufficient.,specified_not_yet_validated_for_server
goemotions,average_precision,G-EMOTION28-v1,G-EMOTION28-v1/average_precision/dataset-metric-conditions-v1,conditional,multilabel_emotion__average_precision,released_emotion_label_sets,28,,Dreaddit positive-class AP; GoEmotions micro/macro/per-label AP. Report undefined/no-positive labels and valid averaging denominator; do not call trapezoidal PR-AUC AP.,All scheduled methods; each metric must satisfy its artifact prerequisites.,Requires frozen comparable probabilities/ranking scores; hard labels and verbal confidence are insufficient.,specified_not_yet_validated_for_server
cache,average_precision,C-CODING-v1,C-CODING-v1/average_precision/dataset-metric-conditions-v1,not_applicable,not_applicable,none,,,N/A,All scheduled methods; each metric must satisfy its artifact prerequisites.,No independent task-reference labels; GT-free judging does not create GT.,specified_not_yet_validated_for_server
parlamint_gb,average_precision,P-CODING-v1,P-CODING-v1/average_precision/dataset-metric-conditions-v1,not_applicable,not_applicable,none,,,N/A,All scheduled methods; each metric must satisfy its artifact prerequisites.,No independent task-reference labels; GT-free judging does not create GT.,specified_not_yet_validated_for_server
dreaddit,brier,D-STRESS-v1,D-STRESS-v1/brier/dataset-metric-conditions-v1,conditional,binary_positive_probability__brier,released_stress_labels,2,stress=1,Dreaddit mean (p_stress-y)^2; GoEmotions mean over all N*28 squared marginal probability errors.,All scheduled methods; each metric must satisfy its artifact prerequisites.,Requires frozen comparable probabilities/ranking scores; hard labels and verbal confidence are insufficient.,specified_not_yet_validated_for_server
goemotions,brier,G-EMOTION28-v1,G-EMOTION28-v1/brier/dataset-metric-conditions-v1,conditional,multilabel_marginal_probability__brier,released_emotion_label_sets,28,,Dreaddit mean (p_stress-y)^2; GoEmotions mean over all N*28 squared marginal probability errors.,All scheduled methods; each metric must satisfy its artifact prerequisites.,Requires frozen comparable probabilities/ranking scores; hard labels and verbal confidence are insufficient.,specified_not_yet_validated_for_server
cache,brier,C-CODING-v1,C-CODING-v1/brier/dataset-metric-conditions-v1,not_applicable,not_applicable,none,,,N/A,All scheduled methods; each metric must satisfy its artifact prerequisites.,No independent task-reference labels; GT-free judging does not create GT.,specified_not_yet_validated_for_server
parlamint_gb,brier,P-CODING-v1,P-CODING-v1/brier/dataset-metric-conditions-v1,not_applicable,not_applicable,none,,,N/A,All scheduled methods; each metric must satisfy its artifact prerequisites.,No independent task-reference labels; GT-free judging does not create GT.,specified_not_yet_validated_for_server
dreaddit,log_loss,D-STRESS-v1,D-STRESS-v1/log_loss/dataset-metric-conditions-v1,conditional,binary_positive_probability__log_loss,released_stress_labels,2,stress=1,Dreaddit binary NLL; GoEmotions mean binary cross-entropy over N*28. Clip probabilities at 1e-7; record clipping.,All scheduled methods; each metric must satisfy its artifact prerequisites.,Requires frozen comparable probabilities/ranking scores; hard labels and verbal confidence are insufficient.,specified_not_yet_validated_for_server
goemotions,log_loss,G-EMOTION28-v1,G-EMOTION28-v1/log_loss/dataset-metric-conditions-v1,conditional,multilabel_marginal_probability__log_loss,released_emotion_label_sets,28,,Dreaddit binary NLL; GoEmotions mean binary cross-entropy over N*28. Clip probabilities at 1e-7; record clipping.,All scheduled methods; each metric must satisfy its artifact prerequisites.,Requires frozen comparable probabilities/ranking scores; hard labels and verbal confidence are insufficient.,specified_not_yet_validated_for_server
cache,log_loss,C-CODING-v1,C-CODING-v1/log_loss/dataset-metric-conditions-v1,not_applicable,not_applicable,none,,,N/A,All scheduled methods; each metric must satisfy its artifact prerequisites.,No independent task-reference labels; GT-free judging does not create GT.,specified_not_yet_validated_for_server
parlamint_gb,log_loss,P-CODING-v1,P-CODING-v1/log_loss/dataset-metric-conditions-v1,not_applicable,not_applicable,none,,,N/A,All scheduled methods; each metric must satisfy its artifact prerequisites.,No independent task-reference labels; GT-free judging does not create GT.,specified_not_yet_validated_for_server
dreaddit,ece,D-STRESS-v1,D-STRESS-v1/ece/dataset-metric-conditions-v1,conditional,binary_positive_probability__ece,released_stress_labels,2,stress=1,"Ten equal-width bins over [0,1]. Binary positive-probability ECE or pooled multi-label-bit ECE; save bin N, mean predicted probability and positive frequency.",All scheduled methods; each metric must satisfy its artifact prerequisites.,Requires frozen comparable probabilities/ranking scores; hard labels and verbal confidence are insufficient.,specified_not_yet_validated_for_server
goemotions,ece,G-EMOTION28-v1,G-EMOTION28-v1/ece/dataset-metric-conditions-v1,conditional,multilabel_marginal_probability__ece,released_emotion_label_sets,28,,"Ten equal-width bins over [0,1]. Binary positive-probability ECE or pooled multi-label-bit ECE; save bin N, mean predicted probability and positive frequency.",All scheduled methods; each metric must satisfy its artifact prerequisites.,Requires frozen comparable probabilities/ranking scores; hard labels and verbal confidence are insufficient.,specified_not_yet_validated_for_server
cache,ece,C-CODING-v1,C-CODING-v1/ece/dataset-metric-conditions-v1,not_applicable,not_applicable,none,,,N/A,All scheduled methods; each metric must satisfy its artifact prerequisites.,No independent task-reference labels; GT-free judging does not create GT.,specified_not_yet_validated_for_server
parlamint_gb,ece,P-CODING-v1,P-CODING-v1/ece/dataset-metric-conditions-v1,not_applicable,not_applicable,none,,,N/A,All scheduled methods; each metric must satisfy its artifact prerequisites.,No independent task-reference labels; GT-free judging does not create GT.,specified_not_yet_validated_for_server
dreaddit,lrap,D-STRESS-v1,D-STRESS-v1/lrap/dataset-metric-conditions-v1,not_applicable,not_applicable,released_stress_labels,2,stress=1,N/A,All scheduled methods; each metric must satisfy its artifact prerequisites.,GoEmotions full-label-set definition only in this profile.,specified_not_yet_validated_for_server
goemotions,lrap,G-EMOTION28-v1,G-EMOTION28-v1/lrap/dataset-metric-conditions-v1,conditional,multilabel_emotion__lrap,released_emotion_label_sets,28,,GoEmotions only: use complete marginal score vector and GT label matrix.,All scheduled methods; each metric must satisfy its artifact prerequisites.,Requires frozen comparable probabilities/ranking scores; hard labels and verbal confidence are insufficient.,specified_not_yet_validated_for_server
cache,lrap,C-CODING-v1,C-CODING-v1/lrap/dataset-metric-conditions-v1,not_applicable,not_applicable,none,,,N/A,All scheduled methods; each metric must satisfy its artifact prerequisites.,GoEmotions full-label-set definition only in this profile.,specified_not_yet_validated_for_server
parlamint_gb,lrap,P-CODING-v1,P-CODING-v1/lrap/dataset-metric-conditions-v1,not_applicable,not_applicable,none,,,N/A,All scheduled methods; each metric must satisfy its artifact prerequisites.,GoEmotions full-label-set definition only in this profile.,specified_not_yet_validated_for_server
dreaddit,ranking_loss,D-STRESS-v1,D-STRESS-v1/ranking_loss/dataset-metric-conditions-v1,not_applicable,not_applicable,released_stress_labels,2,stress=1,N/A,All scheduled methods; each metric must satisfy its artifact prerequisites.,GoEmotions full-label-set definition only in this profile.,specified_not_yet_validated_for_server
goemotions,ranking_loss,G-EMOTION28-v1,G-EMOTION28-v1/ranking_loss/dataset-metric-conditions-v1,conditional,multilabel_emotion__ranking_loss,released_emotion_label_sets,28,,GoEmotions only: fraction of incorrectly ordered relevant/irrelevant label pairs under pinned sklearn convention.,All scheduled methods; each metric must satisfy its artifact prerequisites.,Requires frozen comparable probabilities/ranking scores; hard labels and verbal confidence are insufficient.,specified_not_yet_validated_for_server
cache,ranking_loss,C-CODING-v1,C-CODING-v1/ranking_loss/dataset-metric-conditions-v1,not_applicable,not_applicable,none,,,N/A,All scheduled methods; each metric must satisfy its artifact prerequisites.,GoEmotions full-label-set definition only in this profile.,specified_not_yet_validated_for_server
parlamint_gb,ranking_loss,P-CODING-v1,P-CODING-v1/ranking_loss/dataset-metric-conditions-v1,not_applicable,not_applicable,none,,,N/A,All scheduled methods; each metric must satisfy its artifact prerequisites.,GoEmotions full-label-set definition only in this profile.,specified_not_yet_validated_for_server
dreaddit,coverage_error,D-STRESS-v1,D-STRESS-v1/coverage_error/dataset-metric-conditions-v1,not_applicable,not_applicable,released_stress_labels,2,stress=1,N/A,All scheduled methods; each metric must satisfy its artifact prerequisites.,GoEmotions full-label-set definition only in this profile.,specified_not_yet_validated_for_server
goemotions,coverage_error,G-EMOTION28-v1,G-EMOTION28-v1/coverage_error/dataset-metric-conditions-v1,conditional,multilabel_emotion__coverage_error,released_emotion_label_sets,28,,GoEmotions only: average depth required to cover all true labels in score ranking; not prediction coverage.,All scheduled methods; each metric must satisfy its artifact prerequisites.,Requires frozen comparable probabilities/ranking scores; hard labels and verbal confidence are insufficient.,specified_not_yet_validated_for_server
cache,coverage_error,C-CODING-v1,C-CODING-v1/coverage_error/dataset-metric-conditions-v1,not_applicable,not_applicable,none,,,N/A,All scheduled methods; each metric must satisfy its artifact prerequisites.,GoEmotions full-label-set definition only in this profile.,specified_not_yet_validated_for_server
parlamint_gb,coverage_error,P-CODING-v1,P-CODING-v1/coverage_error/dataset-metric-conditions-v1,not_applicable,not_applicable,none,,,N/A,All scheduled methods; each metric must satisfy its artifact prerequisites.,GoEmotions full-label-set definition only in this profile.,specified_not_yet_validated_for_server
dreaddit,risk_coverage,D-STRESS-v1,D-STRESS-v1/risk_coverage/dataset-metric-conditions-v1,conditional,binary_stress__risk_coverage,released_stress_labels,2,stress=1,Order items by predeclared confidence in exact answer correctness; plot full-panel exact-error rate among retained items. Confidence construction must be calibrated on development data.,All scheduled methods; each metric must satisfy its artifact prerequisites.,Requires frozen comparable probabilities/ranking scores; hard labels and verbal confidence are insufficient.,specified_not_yet_validated_for_server
goemotions,risk_coverage,G-EMOTION28-v1,G-EMOTION28-v1/risk_coverage/dataset-metric-conditions-v1,conditional,multilabel_emotion__risk_coverage,released_emotion_label_sets,28,,Order items by predeclared confidence in exact answer correctness; plot full-panel exact-error rate among retained items. Confidence construction must be calibrated on development data.,All scheduled methods; each metric must satisfy its artifact prerequisites.,Requires frozen comparable probabilities/ranking scores; hard labels and verbal confidence are insufficient.,specified_not_yet_validated_for_server
cache,risk_coverage,C-CODING-v1,C-CODING-v1/risk_coverage/dataset-metric-conditions-v1,not_applicable,not_applicable,none,,,N/A,All scheduled methods; each metric must satisfy its artifact prerequisites.,No independent task-reference labels; GT-free judging does not create GT.,specified_not_yet_validated_for_server
parlamint_gb,risk_coverage,P-CODING-v1,P-CODING-v1/risk_coverage/dataset-metric-conditions-v1,not_applicable,not_applicable,none,,,N/A,All scheduled methods; each metric must satisfy its artifact prerequisites.,No independent task-reference labels; GT-free judging does not create GT.,specified_not_yet_validated_for_server
dreaddit,reliability_bins,D-STRESS-v1,D-STRESS-v1/reliability_bins/dataset-metric-conditions-v1,conditional,binary_stress__reliability_bins,released_stress_labels,2,stress=1,"Per-bin counts, mean probabilities, observed frequencies; export machine-readable bin records.",All scheduled methods; each metric must satisfy its artifact prerequisites.,Requires frozen comparable probabilities/ranking scores; hard labels and verbal confidence are insufficient.,specified_not_yet_validated_for_server
goemotions,reliability_bins,G-EMOTION28-v1,G-EMOTION28-v1/reliability_bins/dataset-metric-conditions-v1,conditional,multilabel_emotion__reliability_bins,released_emotion_label_sets,28,,"Per-bin counts, mean probabilities, observed frequencies; export machine-readable bin records.",All scheduled methods; each metric must satisfy its artifact prerequisites.,Requires frozen comparable probabilities/ranking scores; hard labels and verbal confidence are insufficient.,specified_not_yet_validated_for_server
cache,reliability_bins,C-CODING-v1,C-CODING-v1/reliability_bins/dataset-metric-conditions-v1,not_applicable,not_applicable,none,,,N/A,All scheduled methods; each metric must satisfy its artifact prerequisites.,No independent task-reference labels; GT-free judging does not create GT.,specified_not_yet_validated_for_server
parlamint_gb,reliability_bins,P-CODING-v1,P-CODING-v1/reliability_bins/dataset-metric-conditions-v1,not_applicable,not_applicable,none,,,N/A,All scheduled methods; each metric must satisfy its artifact prerequisites.,No independent task-reference labels; GT-free judging does not create GT.,specified_not_yet_validated_for_server
dreaddit,conformability,D-STRESS-v1,D-STRESS-v1/conformability/dataset-metric-conditions-v1,applicable,v2_source_grounding__binary_stress,released_stress_labels,2,stress=1,passes/resolved with resolved/100; full-panel missing bounds required,All scheduled methods; each metric must satisfy its artifact prerequisites.,Requires completed validated artifacts described by the metric register.,specified_not_yet_validated_for_server
goemotions,conformability,G-EMOTION28-v1,G-EMOTION28-v1/conformability/dataset-metric-conditions-v1,applicable,v2_source_grounding__multilabel_emotion,released_emotion_label_sets,28,,passes/resolved with resolved/100; full-panel missing bounds required,All scheduled methods; each metric must satisfy its artifact prerequisites.,Requires completed validated artifacts described by the metric register.,specified_not_yet_validated_for_server
cache,conformability,C-CODING-v1,C-CODING-v1/conformability/dataset-metric-conditions-v1,applicable,v2_source_grounding__source_grounded_thematic_coding,none,,,passes/resolved with resolved/100; full-panel missing bounds required,All scheduled methods; each metric must satisfy its artifact prerequisites.,Requires completed validated artifacts described by the metric register.,specified_not_yet_validated_for_server
parlamint_gb,conformability,P-CODING-v1,P-CODING-v1/conformability/dataset-metric-conditions-v1,applicable,v2_source_grounding__source_grounded_thematic_coding,none,,,passes/resolved with resolved/100; full-panel missing bounds required,All scheduled methods; each metric must satisfy its artifact prerequisites.,Requires completed validated artifacts described by the metric register.,specified_not_yet_validated_for_server
dreaddit,factual_support,D-STRESS-v1,D-STRESS-v1/factual_support/dataset-metric-conditions-v1,applicable,binary_stress__factual_support,released_stress_labels,2,stress=1,"Mean dimension rating 0=fail, 1=partial/ambiguous, 2=pass over resolved ratings; show dimension-specific N and missing.",All scheduled methods; each metric must satisfy its artifact prerequisites.,Requires completed validated artifacts described by the metric register.,specified_not_yet_validated_for_server
goemotions,factual_support,G-EMOTION28-v1,G-EMOTION28-v1/factual_support/dataset-metric-conditions-v1,applicable,multilabel_emotion__factual_support,released_emotion_label_sets,28,,"Mean dimension rating 0=fail, 1=partial/ambiguous, 2=pass over resolved ratings; show dimension-specific N and missing.",All scheduled methods; each metric must satisfy its artifact prerequisites.,Requires completed validated artifacts described by the metric register.,specified_not_yet_validated_for_server
cache,factual_support,C-CODING-v1,C-CODING-v1/factual_support/dataset-metric-conditions-v1,applicable,source_grounded_thematic_coding__factual_support,none,,,"Mean dimension rating 0=fail, 1=partial/ambiguous, 2=pass over resolved ratings; show dimension-specific N and missing.",All scheduled methods; each metric must satisfy its artifact prerequisites.,Requires completed validated artifacts described by the metric register.,specified_not_yet_validated_for_server
parlamint_gb,factual_support,P-CODING-v1,P-CODING-v1/factual_support/dataset-metric-conditions-v1,applicable,source_grounded_thematic_coding__factual_support,none,,,"Mean dimension rating 0=fail, 1=partial/ambiguous, 2=pass over resolved ratings; show dimension-specific N and missing.",All scheduled methods; each metric must satisfy its artifact prerequisites.,Requires completed validated artifacts described by the metric register.,specified_not_yet_validated_for_server
dreaddit,evidence_relevance,D-STRESS-v1,D-STRESS-v1/evidence_relevance/dataset-metric-conditions-v1,applicable,binary_stress__evidence_relevance,released_stress_labels,2,stress=1,"Mean dimension rating 0=fail, 1=partial/ambiguous, 2=pass over resolved ratings; show dimension-specific N and missing.",All scheduled methods; each metric must satisfy its artifact prerequisites.,Requires completed validated artifacts described by the metric register.,specified_not_yet_validated_for_server
goemotions,evidence_relevance,G-EMOTION28-v1,G-EMOTION28-v1/evidence_relevance/dataset-metric-conditions-v1,applicable,multilabel_emotion__evidence_relevance,released_emotion_label_sets,28,,"Mean dimension rating 0=fail, 1=partial/ambiguous, 2=pass over resolved ratings; show dimension-specific N and missing.",All scheduled methods; each metric must satisfy its artifact prerequisites.,Requires completed validated artifacts described by the metric register.,specified_not_yet_validated_for_server
cache,evidence_relevance,C-CODING-v1,C-CODING-v1/evidence_relevance/dataset-metric-conditions-v1,applicable,source_grounded_thematic_coding__evidence_relevance,none,,,"Mean dimension rating 0=fail, 1=partial/ambiguous, 2=pass over resolved ratings; show dimension-specific N and missing.",All scheduled methods; each metric must satisfy its artifact prerequisites.,Requires completed validated artifacts described by the metric register.,specified_not_yet_validated_for_server
parlamint_gb,evidence_relevance,P-CODING-v1,P-CODING-v1/evidence_relevance/dataset-metric-conditions-v1,applicable,source_grounded_thematic_coding__evidence_relevance,none,,,"Mean dimension rating 0=fail, 1=partial/ambiguous, 2=pass over resolved ratings; show dimension-specific N and missing.",All scheduled methods; each metric must satisfy its artifact prerequisites.,Requires completed validated artifacts described by the metric register.,specified_not_yet_validated_for_server
dreaddit,attribution,D-STRESS-v1,D-STRESS-v1/attribution/dataset-metric-conditions-v1,applicable,binary_stress__attribution,released_stress_labels,2,stress=1,"Mean dimension rating 0=fail, 1=partial/ambiguous, 2=pass over resolved ratings; show dimension-specific N and missing.",All scheduled methods; each metric must satisfy its artifact prerequisites.,Requires completed validated artifacts described by the metric register.,specified_not_yet_validated_for_server
goemotions,attribution,G-EMOTION28-v1,G-EMOTION28-v1/attribution/dataset-metric-conditions-v1,applicable,multilabel_emotion__attribution,released_emotion_label_sets,28,,"Mean dimension rating 0=fail, 1=partial/ambiguous, 2=pass over resolved ratings; show dimension-specific N and missing.",All scheduled methods; each metric must satisfy its artifact prerequisites.,Requires completed validated artifacts described by the metric register.,specified_not_yet_validated_for_server
cache,attribution,C-CODING-v1,C-CODING-v1/attribution/dataset-metric-conditions-v1,applicable,source_grounded_thematic_coding__attribution,none,,,"Mean dimension rating 0=fail, 1=partial/ambiguous, 2=pass over resolved ratings; show dimension-specific N and missing.",All scheduled methods; each metric must satisfy its artifact prerequisites.,Requires completed validated artifacts described by the metric register.,specified_not_yet_validated_for_server
parlamint_gb,attribution,P-CODING-v1,P-CODING-v1/attribution/dataset-metric-conditions-v1,applicable,source_grounded_thematic_coding__attribution,none,,,"Mean dimension rating 0=fail, 1=partial/ambiguous, 2=pass over resolved ratings; show dimension-specific N and missing.",All scheduled methods; each metric must satisfy its artifact prerequisites.,Requires completed validated artifacts described by the metric register.,specified_not_yet_validated_for_server
dreaddit,unsupported_assertions,D-STRESS-v1,D-STRESS-v1/unsupported_assertions/dataset-metric-conditions-v1,applicable,binary_stress__unsupported_assertions,released_stress_labels,2,stress=1,"Mean dimension rating 0=fail, 1=partial/ambiguous, 2=pass over resolved ratings; show dimension-specific N and missing.",All scheduled methods; each metric must satisfy its artifact prerequisites.,Requires completed validated artifacts described by the metric register.,specified_not_yet_validated_for_server
goemotions,unsupported_assertions,G-EMOTION28-v1,G-EMOTION28-v1/unsupported_assertions/dataset-metric-conditions-v1,applicable,multilabel_emotion__unsupported_assertions,released_emotion_label_sets,28,,"Mean dimension rating 0=fail, 1=partial/ambiguous, 2=pass over resolved ratings; show dimension-specific N and missing.",All scheduled methods; each metric must satisfy its artifact prerequisites.,Requires completed validated artifacts described by the metric register.,specified_not_yet_validated_for_server
cache,unsupported_assertions,C-CODING-v1,C-CODING-v1/unsupported_assertions/dataset-metric-conditions-v1,applicable,source_grounded_thematic_coding__unsupported_assertions,none,,,"Mean dimension rating 0=fail, 1=partial/ambiguous, 2=pass over resolved ratings; show dimension-specific N and missing.",All scheduled methods; each metric must satisfy its artifact prerequisites.,Requires completed validated artifacts described by the metric register.,specified_not_yet_validated_for_server
parlamint_gb,unsupported_assertions,P-CODING-v1,P-CODING-v1/unsupported_assertions/dataset-metric-conditions-v1,applicable,source_grounded_thematic_coding__unsupported_assertions,none,,,"Mean dimension rating 0=fail, 1=partial/ambiguous, 2=pass over resolved ratings; show dimension-specific N and missing.",All scheduled methods; each metric must satisfy its artifact prerequisites.,Requires completed validated artifacts described by the metric register.,specified_not_yet_validated_for_server
dreaddit,claim_support,D-STRESS-v1,D-STRESS-v1/claim_support/dataset-metric-conditions-v1,conditional,binary_stress__claim_support,released_stress_labels,2,stress=1,Supported atomic claims / all adjudicated atomic claims; show number of claims and extraction version. Empty answers do not earn a perfect score.,All scheduled methods; each metric must satisfy its artifact prerequisites.,Additional frozen claim decomposition and claim-level annotations,specified_not_yet_validated_for_server
goemotions,claim_support,G-EMOTION28-v1,G-EMOTION28-v1/claim_support/dataset-metric-conditions-v1,conditional,multilabel_emotion__claim_support,released_emotion_label_sets,28,,Supported atomic claims / all adjudicated atomic claims; show number of claims and extraction version. Empty answers do not earn a perfect score.,All scheduled methods; each metric must satisfy its artifact prerequisites.,Additional frozen claim decomposition and claim-level annotations,specified_not_yet_validated_for_server
cache,claim_support,C-CODING-v1,C-CODING-v1/claim_support/dataset-metric-conditions-v1,conditional,source_grounded_thematic_coding__claim_support,none,,,Supported atomic claims / all adjudicated atomic claims; show number of claims and extraction version. Empty answers do not earn a perfect score.,All scheduled methods; each metric must satisfy its artifact prerequisites.,Additional frozen claim decomposition and claim-level annotations,specified_not_yet_validated_for_server
parlamint_gb,claim_support,P-CODING-v1,P-CODING-v1/claim_support/dataset-metric-conditions-v1,conditional,source_grounded_thematic_coding__claim_support,none,,,Supported atomic claims / all adjudicated atomic claims; show number of claims and extraction version. Empty answers do not earn a perfect score.,All scheduled methods; each metric must satisfy its artifact prerequisites.,Additional frozen claim decomposition and claim-level annotations,specified_not_yet_validated_for_server
dreaddit,contradiction,D-STRESS-v1,D-STRESS-v1/contradiction/dataset-metric-conditions-v1,conditional,binary_stress__contradiction,released_stress_labels,2,stress=1,Contradicted atomic claims / adjudicated claims; unclear claims separately reported.,All scheduled methods; each metric must satisfy its artifact prerequisites.,Claim-level source judgments,specified_not_yet_validated_for_server
goemotions,contradiction,G-EMOTION28-v1,G-EMOTION28-v1/contradiction/dataset-metric-conditions-v1,conditional,multilabel_emotion__contradiction,released_emotion_label_sets,28,,Contradicted atomic claims / adjudicated claims; unclear claims separately reported.,All scheduled methods; each metric must satisfy its artifact prerequisites.,Claim-level source judgments,specified_not_yet_validated_for_server
cache,contradiction,C-CODING-v1,C-CODING-v1/contradiction/dataset-metric-conditions-v1,conditional,source_grounded_thematic_coding__contradiction,none,,,Contradicted atomic claims / adjudicated claims; unclear claims separately reported.,All scheduled methods; each metric must satisfy its artifact prerequisites.,Claim-level source judgments,specified_not_yet_validated_for_server
parlamint_gb,contradiction,P-CODING-v1,P-CODING-v1/contradiction/dataset-metric-conditions-v1,conditional,source_grounded_thematic_coding__contradiction,none,,,Contradicted atomic claims / adjudicated claims; unclear claims separately reported.,All scheduled methods; each metric must satisfy its artifact prerequisites.,Claim-level source judgments,specified_not_yet_validated_for_server
dreaddit,quote_validity,D-STRESS-v1,D-STRESS-v1/quote_validity/dataset-metric-conditions-v1,applicable,binary_stress__quote_validity,released_stress_labels,2,stress=1,"Quotes whose stored [start,end) offsets reproduce the quote exactly / all submitted quotes. Missing all required quotes is an item failure.",All scheduled methods; each metric must satisfy its artifact prerequisites.,Requires completed validated artifacts described by the metric register.,specified_not_yet_validated_for_server
goemotions,quote_validity,G-EMOTION28-v1,G-EMOTION28-v1/quote_validity/dataset-metric-conditions-v1,applicable,multilabel_emotion__quote_validity,released_emotion_label_sets,28,,"Quotes whose stored [start,end) offsets reproduce the quote exactly / all submitted quotes. Missing all required quotes is an item failure.",All scheduled methods; each metric must satisfy its artifact prerequisites.,Requires completed validated artifacts described by the metric register.,specified_not_yet_validated_for_server
cache,quote_validity,C-CODING-v1,C-CODING-v1/quote_validity/dataset-metric-conditions-v1,applicable,source_grounded_thematic_coding__quote_validity,none,,,"Quotes whose stored [start,end) offsets reproduce the quote exactly / all submitted quotes. Missing all required quotes is an item failure.",All scheduled methods; each metric must satisfy its artifact prerequisites.,Requires completed validated artifacts described by the metric register.,specified_not_yet_validated_for_server
parlamint_gb,quote_validity,P-CODING-v1,P-CODING-v1/quote_validity/dataset-metric-conditions-v1,applicable,source_grounded_thematic_coding__quote_validity,none,,,"Quotes whose stored [start,end) offsets reproduce the quote exactly / all submitted quotes. Missing all required quotes is an item failure.",All scheduled methods; each metric must satisfy its artifact prerequisites.,Requires completed validated artifacts described by the metric register.,specified_not_yet_validated_for_server
dreaddit,label_evidence_coverage,D-STRESS-v1,D-STRESS-v1/label_evidence_coverage/dataset-metric-conditions-v1,applicable,binary_stress__label_evidence_coverage,released_stress_labels,2,stress=1,"Predicted labels/codes with at least one mechanically valid quote / predicted labels/codes; empty invalid output has coverage 0, never 100.",All scheduled methods; each metric must satisfy its artifact prerequisites.,Requires completed validated artifacts described by the metric register.,specified_not_yet_validated_for_server
goemotions,label_evidence_coverage,G-EMOTION28-v1,G-EMOTION28-v1/label_evidence_coverage/dataset-metric-conditions-v1,applicable,multilabel_emotion__label_evidence_coverage,released_emotion_label_sets,28,,"Predicted labels/codes with at least one mechanically valid quote / predicted labels/codes; empty invalid output has coverage 0, never 100.",All scheduled methods; each metric must satisfy its artifact prerequisites.,Requires completed validated artifacts described by the metric register.,specified_not_yet_validated_for_server
cache,label_evidence_coverage,C-CODING-v1,C-CODING-v1/label_evidence_coverage/dataset-metric-conditions-v1,applicable,source_grounded_thematic_coding__label_evidence_coverage,none,,,"Predicted labels/codes with at least one mechanically valid quote / predicted labels/codes; empty invalid output has coverage 0, never 100.",All scheduled methods; each metric must satisfy its artifact prerequisites.,Requires completed validated artifacts described by the metric register.,specified_not_yet_validated_for_server
parlamint_gb,label_evidence_coverage,P-CODING-v1,P-CODING-v1/label_evidence_coverage/dataset-metric-conditions-v1,applicable,source_grounded_thematic_coding__label_evidence_coverage,none,,,"Predicted labels/codes with at least one mechanically valid quote / predicted labels/codes; empty invalid output has coverage 0, never 100.",All scheduled methods; each metric must satisfy its artifact prerequisites.,Requires completed validated artifacts described by the metric register.,specified_not_yet_validated_for_server
dreaddit,evidence_entailment,D-STRESS-v1,D-STRESS-v1/evidence_entailment/dataset-metric-conditions-v1,applicable,binary_stress__evidence_entailment,released_stress_labels,2,stress=1,Label/code claims actually supported by cited spans / judged label/code claims. Report all predicted-label denominator and missing separately.,All scheduled methods; each metric must satisfy its artifact prerequisites.,Requires completed validated artifacts described by the metric register.,specified_not_yet_validated_for_server
goemotions,evidence_entailment,G-EMOTION28-v1,G-EMOTION28-v1/evidence_entailment/dataset-metric-conditions-v1,applicable,multilabel_emotion__evidence_entailment,released_emotion_label_sets,28,,Label/code claims actually supported by cited spans / judged label/code claims. Report all predicted-label denominator and missing separately.,All scheduled methods; each metric must satisfy its artifact prerequisites.,Requires completed validated artifacts described by the metric register.,specified_not_yet_validated_for_server
cache,evidence_entailment,C-CODING-v1,C-CODING-v1/evidence_entailment/dataset-metric-conditions-v1,applicable,source_grounded_thematic_coding__evidence_entailment,none,,,Label/code claims actually supported by cited spans / judged label/code claims. Report all predicted-label denominator and missing separately.,All scheduled methods; each metric must satisfy its artifact prerequisites.,Requires completed validated artifacts described by the metric register.,specified_not_yet_validated_for_server
parlamint_gb,evidence_entailment,P-CODING-v1,P-CODING-v1/evidence_entailment/dataset-metric-conditions-v1,applicable,source_grounded_thematic_coding__evidence_entailment,none,,,Label/code claims actually supported by cited spans / judged label/code claims. Report all predicted-label denominator and missing separately.,All scheduled methods; each metric must satisfy its artifact prerequisites.,Requires completed validated artifacts described by the metric register.,specified_not_yet_validated_for_server
dreaddit,evidence_token_f1,D-STRESS-v1,D-STRESS-v1/evidence_token_f1/dataset-metric-conditions-v1,conditional,binary_stress__evidence_token_f1,released_stress_labels,2,stress=1,Token overlap against independently annotated gold spans using a frozen tokenizer and multi-span matching rule.,All scheduled methods; each metric must satisfy its artifact prerequisites.,Human reference evidence; not available for the current panel by default,specified_not_yet_validated_for_server
goemotions,evidence_token_f1,G-EMOTION28-v1,G-EMOTION28-v1/evidence_token_f1/dataset-metric-conditions-v1,conditional,multilabel_emotion__evidence_token_f1,released_emotion_label_sets,28,,Token overlap against independently annotated gold spans using a frozen tokenizer and multi-span matching rule.,All scheduled methods; each metric must satisfy its artifact prerequisites.,Human reference evidence; not available for the current panel by default,specified_not_yet_validated_for_server
cache,evidence_token_f1,C-CODING-v1,C-CODING-v1/evidence_token_f1/dataset-metric-conditions-v1,conditional,source_grounded_thematic_coding__evidence_token_f1,none,,,Token overlap against independently annotated gold spans using a frozen tokenizer and multi-span matching rule.,All scheduled methods; each metric must satisfy its artifact prerequisites.,Human reference evidence; not available for the current panel by default,specified_not_yet_validated_for_server
parlamint_gb,evidence_token_f1,P-CODING-v1,P-CODING-v1/evidence_token_f1/dataset-metric-conditions-v1,conditional,source_grounded_thematic_coding__evidence_token_f1,none,,,Token overlap against independently annotated gold spans using a frozen tokenizer and multi-span matching rule.,All scheduled methods; each metric must satisfy its artifact prerequisites.,Human reference evidence; not available for the current panel by default,specified_not_yet_validated_for_server
dreaddit,correct_and_grounded,D-STRESS-v1,D-STRESS-v1/correct_and_grounded/dataset-metric-conditions-v1,applicable,binary_stress__correct_and_grounded,released_stress_labels,2,stress=1,"Match by record ID: exact label correctness AND Conformability pass. Use actual joint events, never multiply marginal rates. Show missing-grounding bounds.",All scheduled methods; each metric must satisfy its artifact prerequisites.,Requires completed validated artifacts described by the metric register.,specified_not_yet_validated_for_server
goemotions,correct_and_grounded,G-EMOTION28-v1,G-EMOTION28-v1/correct_and_grounded/dataset-metric-conditions-v1,applicable,multilabel_emotion__correct_and_grounded,released_emotion_label_sets,28,,"Match by record ID: exact label correctness AND Conformability pass. Use actual joint events, never multiply marginal rates. Show missing-grounding bounds.",All scheduled methods; each metric must satisfy its artifact prerequisites.,Requires completed validated artifacts described by the metric register.,specified_not_yet_validated_for_server
cache,correct_and_grounded,C-CODING-v1,C-CODING-v1/correct_and_grounded/dataset-metric-conditions-v1,not_applicable,not_applicable,none,,,N/A,All scheduled methods; each metric must satisfy its artifact prerequisites.,No independent task-reference labels; GT-free judging does not create GT.,specified_not_yet_validated_for_server
parlamint_gb,correct_and_grounded,P-CODING-v1,P-CODING-v1/correct_and_grounded/dataset-metric-conditions-v1,not_applicable,not_applicable,none,,,N/A,All scheduled methods; each metric must satisfy its artifact prerequisites.,No independent task-reference labels; GT-free judging does not create GT.,specified_not_yet_validated_for_server
dreaddit,grounding_on_errors,D-STRESS-v1,D-STRESS-v1/grounding_on_errors/dataset-metric-conditions-v1,applicable,binary_stress__grounding_on_errors,released_stress_labels,2,stress=1,Grounding passes among exact-label errors / resolved exact-label errors. Exposes plausible but incorrect explanations.,All scheduled methods; each metric must satisfy its artifact prerequisites.,Requires completed validated artifacts described by the metric register.,specified_not_yet_validated_for_server
goemotions,grounding_on_errors,G-EMOTION28-v1,G-EMOTION28-v1/grounding_on_errors/dataset-metric-conditions-v1,applicable,multilabel_emotion__grounding_on_errors,released_emotion_label_sets,28,,Grounding passes among exact-label errors / resolved exact-label errors. Exposes plausible but incorrect explanations.,All scheduled methods; each metric must satisfy its artifact prerequisites.,Requires completed validated artifacts described by the metric register.,specified_not_yet_validated_for_server
cache,grounding_on_errors,C-CODING-v1,C-CODING-v1/grounding_on_errors/dataset-metric-conditions-v1,not_applicable,not_applicable,none,,,N/A,All scheduled methods; each metric must satisfy its artifact prerequisites.,No independent task-reference labels; GT-free judging does not create GT.,specified_not_yet_validated_for_server
parlamint_gb,grounding_on_errors,P-CODING-v1,P-CODING-v1/grounding_on_errors/dataset-metric-conditions-v1,not_applicable,not_applicable,none,,,N/A,All scheduled methods; each metric must satisfy its artifact prerequisites.,No independent task-reference labels; GT-free judging does not create GT.,specified_not_yet_validated_for_server
dreaddit,human_grounding,D-STRESS-v1,D-STRESS-v1/human_grounding/dataset-metric-conditions-v1,conditional,binary_stress__human_grounding,released_stress_labels,2,stress=1,Adjudicated passes / reviewed outputs using the same v2 rubric; show exact audited N and never extrapolate as full-panel score.,All scheduled methods; each metric must satisfy its artifact prerequisites.,Two independent human reviews plus adjudication,specified_not_yet_validated_for_server
goemotions,human_grounding,G-EMOTION28-v1,G-EMOTION28-v1/human_grounding/dataset-metric-conditions-v1,conditional,multilabel_emotion__human_grounding,released_emotion_label_sets,28,,Adjudicated passes / reviewed outputs using the same v2 rubric; show exact audited N and never extrapolate as full-panel score.,All scheduled methods; each metric must satisfy its artifact prerequisites.,Two independent human reviews plus adjudication,specified_not_yet_validated_for_server
cache,human_grounding,C-CODING-v1,C-CODING-v1/human_grounding/dataset-metric-conditions-v1,conditional,source_grounded_thematic_coding__human_grounding,none,,,Adjudicated passes / reviewed outputs using the same v2 rubric; show exact audited N and never extrapolate as full-panel score.,All scheduled methods; each metric must satisfy its artifact prerequisites.,Two independent human reviews plus adjudication,specified_not_yet_validated_for_server
parlamint_gb,human_grounding,P-CODING-v1,P-CODING-v1/human_grounding/dataset-metric-conditions-v1,conditional,source_grounded_thematic_coding__human_grounding,none,,,Adjudicated passes / reviewed outputs using the same v2 rubric; show exact audited N and never extrapolate as full-panel score.,All scheduled methods; each metric must satisfy its artifact prerequisites.,Two independent human reviews plus adjudication,specified_not_yet_validated_for_server
dreaddit,human_agreement,D-STRESS-v1,D-STRESS-v1/human_agreement/dataset-metric-conditions-v1,conditional,binary_stress__human_agreement,released_stress_labels,2,stress=1,Pass/fail agreement and Cohen kappa before adjudication; dimension ordinal agreement separately.,All scheduled methods; each metric must satisfy its artifact prerequisites.,Independent reviewer labels,specified_not_yet_validated_for_server
goemotions,human_agreement,G-EMOTION28-v1,G-EMOTION28-v1/human_agreement/dataset-metric-conditions-v1,conditional,multilabel_emotion__human_agreement,released_emotion_label_sets,28,,Pass/fail agreement and Cohen kappa before adjudication; dimension ordinal agreement separately.,All scheduled methods; each metric must satisfy its artifact prerequisites.,Independent reviewer labels,specified_not_yet_validated_for_server
cache,human_agreement,C-CODING-v1,C-CODING-v1/human_agreement/dataset-metric-conditions-v1,conditional,source_grounded_thematic_coding__human_agreement,none,,,Pass/fail agreement and Cohen kappa before adjudication; dimension ordinal agreement separately.,All scheduled methods; each metric must satisfy its artifact prerequisites.,Independent reviewer labels,specified_not_yet_validated_for_server
parlamint_gb,human_agreement,P-CODING-v1,P-CODING-v1/human_agreement/dataset-metric-conditions-v1,conditional,source_grounded_thematic_coding__human_agreement,none,,,Pass/fail agreement and Cohen kappa before adjudication; dimension ordinal agreement separately.,All scheduled methods; each metric must satisfy its artifact prerequisites.,Independent reviewer labels,specified_not_yet_validated_for_server
dreaddit,judge_agreement,D-STRESS-v1,D-STRESS-v1/judge_agreement/dataset-metric-conditions-v1,conditional,binary_stress__judge_agreement,released_stress_labels,2,stress=1,Compare judge with adjudicated human grounding; treat human grounding failures as positive for failure-detection sensitivity. Show confusion matrix.,All scheduled methods; each metric must satisfy its artifact prerequisites.,Judge and human labels; both human outcome classes for sensitivity/specificity,specified_not_yet_validated_for_server
goemotions,judge_agreement,G-EMOTION28-v1,G-EMOTION28-v1/judge_agreement/dataset-metric-conditions-v1,conditional,multilabel_emotion__judge_agreement,released_emotion_label_sets,28,,Compare judge with adjudicated human grounding; treat human grounding failures as positive for failure-detection sensitivity. Show confusion matrix.,All scheduled methods; each metric must satisfy its artifact prerequisites.,Judge and human labels; both human outcome classes for sensitivity/specificity,specified_not_yet_validated_for_server
cache,judge_agreement,C-CODING-v1,C-CODING-v1/judge_agreement/dataset-metric-conditions-v1,conditional,source_grounded_thematic_coding__judge_agreement,none,,,Compare judge with adjudicated human grounding; treat human grounding failures as positive for failure-detection sensitivity. Show confusion matrix.,All scheduled methods; each metric must satisfy its artifact prerequisites.,Judge and human labels; both human outcome classes for sensitivity/specificity,specified_not_yet_validated_for_server
parlamint_gb,judge_agreement,P-CODING-v1,P-CODING-v1/judge_agreement/dataset-metric-conditions-v1,conditional,source_grounded_thematic_coding__judge_agreement,none,,,Compare judge with adjudicated human grounding; treat human grounding failures as positive for failure-detection sensitivity. Show confusion matrix.,All scheduled methods; each metric must satisfy its artifact prerequisites.,Judge and human labels; both human outcome classes for sensitivity/specificity,specified_not_yet_validated_for_server
dreaddit,second_judge_agreement,D-STRESS-v1,D-STRESS-v1/second_judge_agreement/dataset-metric-conditions-v1,conditional,binary_stress__second_judge_agreement,released_stress_labels,2,stress=1,"Raw agreement and kappa, same answer/source and frozen rubric; agreement is not proof of truth.",All scheduled methods; each metric must satisfy its artifact prerequisites.,Separately frozen secondary judge; not automatically scheduled,specified_not_yet_validated_for_server
goemotions,second_judge_agreement,G-EMOTION28-v1,G-EMOTION28-v1/second_judge_agreement/dataset-metric-conditions-v1,conditional,multilabel_emotion__second_judge_agreement,released_emotion_label_sets,28,,"Raw agreement and kappa, same answer/source and frozen rubric; agreement is not proof of truth.",All scheduled methods; each metric must satisfy its artifact prerequisites.,Separately frozen secondary judge; not automatically scheduled,specified_not_yet_validated_for_server
cache,second_judge_agreement,C-CODING-v1,C-CODING-v1/second_judge_agreement/dataset-metric-conditions-v1,conditional,source_grounded_thematic_coding__second_judge_agreement,none,,,"Raw agreement and kappa, same answer/source and frozen rubric; agreement is not proof of truth.",All scheduled methods; each metric must satisfy its artifact prerequisites.,Separately frozen secondary judge; not automatically scheduled,specified_not_yet_validated_for_server
parlamint_gb,second_judge_agreement,P-CODING-v1,P-CODING-v1/second_judge_agreement/dataset-metric-conditions-v1,conditional,source_grounded_thematic_coding__second_judge_agreement,none,,,"Raw agreement and kappa, same answer/source and frozen rubric; agreement is not proof of truth.",All scheduled methods; each metric must satisfy its artifact prerequisites.,Separately frozen secondary judge; not automatically scheduled,specified_not_yet_validated_for_server
dreaddit,prediction_coverage,D-STRESS-v1,D-STRESS-v1/prediction_coverage/dataset-metric-conditions-v1,applicable,binary_stress__prediction_coverage,released_stress_labels,2,stress=1,Valid committed predictions / 100 planned inputs.,All scheduled methods; each metric must satisfy its artifact prerequisites.,Requires completed validated artifacts described by the metric register.,specified_not_yet_validated_for_server
goemotions,prediction_coverage,G-EMOTION28-v1,G-EMOTION28-v1/prediction_coverage/dataset-metric-conditions-v1,applicable,multilabel_emotion__prediction_coverage,released_emotion_label_sets,28,,Valid committed predictions / 100 planned inputs.,All scheduled methods; each metric must satisfy its artifact prerequisites.,Requires completed validated artifacts described by the metric register.,specified_not_yet_validated_for_server
cache,prediction_coverage,C-CODING-v1,C-CODING-v1/prediction_coverage/dataset-metric-conditions-v1,applicable,source_grounded_thematic_coding__prediction_coverage,none,,,Valid committed predictions / 100 planned inputs.,All scheduled methods; each metric must satisfy its artifact prerequisites.,Requires completed validated artifacts described by the metric register.,specified_not_yet_validated_for_server
parlamint_gb,prediction_coverage,P-CODING-v1,P-CODING-v1/prediction_coverage/dataset-metric-conditions-v1,applicable,source_grounded_thematic_coding__prediction_coverage,none,,,Valid committed predictions / 100 planned inputs.,All scheduled methods; each metric must satisfy its artifact prerequisites.,Requires completed validated artifacts described by the metric register.,specified_not_yet_validated_for_server
dreaddit,schema_validity,D-STRESS-v1,D-STRESS-v1/schema_validity/dataset-metric-conditions-v1,applicable,binary_stress__schema_validity,released_stress_labels,2,stress=1,Report first-attempt validity and eventual validity separately over attempted items.,All scheduled methods; each metric must satisfy its artifact prerequisites.,Requires completed validated artifacts described by the metric register.,specified_not_yet_validated_for_server
goemotions,schema_validity,G-EMOTION28-v1,G-EMOTION28-v1/schema_validity/dataset-metric-conditions-v1,applicable,multilabel_emotion__schema_validity,released_emotion_label_sets,28,,Report first-attempt validity and eventual validity separately over attempted items.,All scheduled methods; each metric must satisfy its artifact prerequisites.,Requires completed validated artifacts described by the metric register.,specified_not_yet_validated_for_server
cache,schema_validity,C-CODING-v1,C-CODING-v1/schema_validity/dataset-metric-conditions-v1,applicable,source_grounded_thematic_coding__schema_validity,none,,,Report first-attempt validity and eventual validity separately over attempted items.,All scheduled methods; each metric must satisfy its artifact prerequisites.,Requires completed validated artifacts described by the metric register.,specified_not_yet_validated_for_server
parlamint_gb,schema_validity,P-CODING-v1,P-CODING-v1/schema_validity/dataset-metric-conditions-v1,applicable,source_grounded_thematic_coding__schema_validity,none,,,Report first-attempt validity and eventual validity separately over attempted items.,All scheduled methods; each metric must satisfy its artifact prerequisites.,Requires completed validated artifacts described by the metric register.,specified_not_yet_validated_for_server
dreaddit,invalid_label_rate,D-STRESS-v1,D-STRESS-v1/invalid_label_rate/dataset-metric-conditions-v1,applicable,binary_stress__invalid_label_rate,released_stress_labels,2,stress=1,"Items with out-of-codebook, duplicate or forbidden label combinations / attempted items.",All scheduled methods; each metric must satisfy its artifact prerequisites.,Requires completed validated artifacts described by the metric register.,specified_not_yet_validated_for_server
goemotions,invalid_label_rate,G-EMOTION28-v1,G-EMOTION28-v1/invalid_label_rate/dataset-metric-conditions-v1,applicable,multilabel_emotion__invalid_label_rate,released_emotion_label_sets,28,,"Items with out-of-codebook, duplicate or forbidden label combinations / attempted items.",All scheduled methods; each metric must satisfy its artifact prerequisites.,Requires completed validated artifacts described by the metric register.,specified_not_yet_validated_for_server
cache,invalid_label_rate,C-CODING-v1,C-CODING-v1/invalid_label_rate/dataset-metric-conditions-v1,applicable,source_grounded_thematic_coding__invalid_label_rate,none,,,"Items with out-of-codebook, duplicate or forbidden label combinations / attempted items.",All scheduled methods; each metric must satisfy its artifact prerequisites.,Requires completed validated artifacts described by the metric register.,specified_not_yet_validated_for_server
parlamint_gb,invalid_label_rate,P-CODING-v1,P-CODING-v1/invalid_label_rate/dataset-metric-conditions-v1,applicable,source_grounded_thematic_coding__invalid_label_rate,none,,,"Items with out-of-codebook, duplicate or forbidden label combinations / attempted items.",All scheduled methods; each metric must satisfy its artifact prerequisites.,Requires completed validated artifacts described by the metric register.,specified_not_yet_validated_for_server
dreaddit,abstention_rate,D-STRESS-v1,D-STRESS-v1/abstention_rate/dataset-metric-conditions-v1,applicable,binary_stress__abstention_rate,released_stress_labels,2,stress=1,Separate explicit uncertainty abstentions and refusals / attempted items; preserve task failures.,All scheduled methods; each metric must satisfy its artifact prerequisites.,Requires completed validated artifacts described by the metric register.,specified_not_yet_validated_for_server
goemotions,abstention_rate,G-EMOTION28-v1,G-EMOTION28-v1/abstention_rate/dataset-metric-conditions-v1,applicable,multilabel_emotion__abstention_rate,released_emotion_label_sets,28,,Separate explicit uncertainty abstentions and refusals / attempted items; preserve task failures.,All scheduled methods; each metric must satisfy its artifact prerequisites.,Requires completed validated artifacts described by the metric register.,specified_not_yet_validated_for_server
cache,abstention_rate,C-CODING-v1,C-CODING-v1/abstention_rate/dataset-metric-conditions-v1,applicable,source_grounded_thematic_coding__abstention_rate,none,,,Separate explicit uncertainty abstentions and refusals / attempted items; preserve task failures.,All scheduled methods; each metric must satisfy its artifact prerequisites.,Requires completed validated artifacts described by the metric register.,specified_not_yet_validated_for_server
parlamint_gb,abstention_rate,P-CODING-v1,P-CODING-v1/abstention_rate/dataset-metric-conditions-v1,applicable,source_grounded_thematic_coding__abstention_rate,none,,,Separate explicit uncertainty abstentions and refusals / attempted items; preserve task failures.,All scheduled methods; each metric must satisfy its artifact prerequisites.,Requires completed validated artifacts described by the metric register.,specified_not_yet_validated_for_server
dreaddit,unresolved_judge_rate,D-STRESS-v1,D-STRESS-v1/unresolved_judge_rate/dataset-metric-conditions-v1,applicable,binary_stress__unresolved_judge_rate,released_stress_labels,2,stress=1,Unresolved or unattempted planned primary judgments / 100; split error and not-yet-run counts.,All scheduled methods; each metric must satisfy its artifact prerequisites.,Requires completed validated artifacts described by the metric register.,specified_not_yet_validated_for_server
goemotions,unresolved_judge_rate,G-EMOTION28-v1,G-EMOTION28-v1/unresolved_judge_rate/dataset-metric-conditions-v1,applicable,multilabel_emotion__unresolved_judge_rate,released_emotion_label_sets,28,,Unresolved or unattempted planned primary judgments / 100; split error and not-yet-run counts.,All scheduled methods; each metric must satisfy its artifact prerequisites.,Requires completed validated artifacts described by the metric register.,specified_not_yet_validated_for_server
cache,unresolved_judge_rate,C-CODING-v1,C-CODING-v1/unresolved_judge_rate/dataset-metric-conditions-v1,applicable,source_grounded_thematic_coding__unresolved_judge_rate,none,,,Unresolved or unattempted planned primary judgments / 100; split error and not-yet-run counts.,All scheduled methods; each metric must satisfy its artifact prerequisites.,Requires completed validated artifacts described by the metric register.,specified_not_yet_validated_for_server
parlamint_gb,unresolved_judge_rate,P-CODING-v1,P-CODING-v1/unresolved_judge_rate/dataset-metric-conditions-v1,applicable,source_grounded_thematic_coding__unresolved_judge_rate,none,,,Unresolved or unattempted planned primary judgments / 100; split error and not-yet-run counts.,All scheduled methods; each metric must satisfy its artifact prerequisites.,Requires completed validated artifacts described by the metric register.,specified_not_yet_validated_for_server
dreaddit,truncation_rate,D-STRESS-v1,D-STRESS-v1/truncation_rate/dataset-metric-conditions-v1,applicable,binary_stress__truncation_rate,released_stress_labels,2,stress=1,Length-terminated model calls / all completed calls; also items affected / attempted items.,All scheduled methods; each metric must satisfy its artifact prerequisites.,Requires completed validated artifacts described by the metric register.,specified_not_yet_validated_for_server
goemotions,truncation_rate,G-EMOTION28-v1,G-EMOTION28-v1/truncation_rate/dataset-metric-conditions-v1,applicable,multilabel_emotion__truncation_rate,released_emotion_label_sets,28,,Length-terminated model calls / all completed calls; also items affected / attempted items.,All scheduled methods; each metric must satisfy its artifact prerequisites.,Requires completed validated artifacts described by the metric register.,specified_not_yet_validated_for_server
cache,truncation_rate,C-CODING-v1,C-CODING-v1/truncation_rate/dataset-metric-conditions-v1,applicable,source_grounded_thematic_coding__truncation_rate,none,,,Length-terminated model calls / all completed calls; also items affected / attempted items.,All scheduled methods; each metric must satisfy its artifact prerequisites.,Requires completed validated artifacts described by the metric register.,specified_not_yet_validated_for_server
parlamint_gb,truncation_rate,P-CODING-v1,P-CODING-v1/truncation_rate/dataset-metric-conditions-v1,applicable,source_grounded_thematic_coding__truncation_rate,none,,,Length-terminated model calls / all completed calls; also items affected / attempted items.,All scheduled methods; each metric must satisfy its artifact prerequisites.,Requires completed validated artifacts described by the metric register.,specified_not_yet_validated_for_server
dreaddit,retry_rate,D-STRESS-v1,D-STRESS-v1/retry_rate/dataset-metric-conditions-v1,applicable,binary_stress__retry_rate,released_stress_labels,2,stress=1,Items needing one or more retries / attempted items; report extra-call count separately.,All scheduled methods; each metric must satisfy its artifact prerequisites.,Requires completed validated artifacts described by the metric register.,specified_not_yet_validated_for_server
goemotions,retry_rate,G-EMOTION28-v1,G-EMOTION28-v1/retry_rate/dataset-metric-conditions-v1,applicable,multilabel_emotion__retry_rate,released_emotion_label_sets,28,,Items needing one or more retries / attempted items; report extra-call count separately.,All scheduled methods; each metric must satisfy its artifact prerequisites.,Requires completed validated artifacts described by the metric register.,specified_not_yet_validated_for_server
cache,retry_rate,C-CODING-v1,C-CODING-v1/retry_rate/dataset-metric-conditions-v1,applicable,source_grounded_thematic_coding__retry_rate,none,,,Items needing one or more retries / attempted items; report extra-call count separately.,All scheduled methods; each metric must satisfy its artifact prerequisites.,Requires completed validated artifacts described by the metric register.,specified_not_yet_validated_for_server
parlamint_gb,retry_rate,P-CODING-v1,P-CODING-v1/retry_rate/dataset-metric-conditions-v1,applicable,source_grounded_thematic_coding__retry_rate,none,,,Items needing one or more retries / attempted items; report extra-call count separately.,All scheduled methods; each metric must satisfy its artifact prerequisites.,Requires completed validated artifacts described by the metric register.,specified_not_yet_validated_for_server
dreaddit,format_failure_rate,D-STRESS-v1,D-STRESS-v1/format_failure_rate/dataset-metric-conditions-v1,applicable,binary_stress__format_failure_rate,released_stress_labels,2,stress=1,Items still unparsable after the fixed retry policy / attempted items.,All scheduled methods; each metric must satisfy its artifact prerequisites.,Requires completed validated artifacts described by the metric register.,specified_not_yet_validated_for_server
goemotions,format_failure_rate,G-EMOTION28-v1,G-EMOTION28-v1/format_failure_rate/dataset-metric-conditions-v1,applicable,multilabel_emotion__format_failure_rate,released_emotion_label_sets,28,,Items still unparsable after the fixed retry policy / attempted items.,All scheduled methods; each metric must satisfy its artifact prerequisites.,Requires completed validated artifacts described by the metric register.,specified_not_yet_validated_for_server
cache,format_failure_rate,C-CODING-v1,C-CODING-v1/format_failure_rate/dataset-metric-conditions-v1,applicable,source_grounded_thematic_coding__format_failure_rate,none,,,Items still unparsable after the fixed retry policy / attempted items.,All scheduled methods; each metric must satisfy its artifact prerequisites.,Requires completed validated artifacts described by the metric register.,specified_not_yet_validated_for_server
parlamint_gb,format_failure_rate,P-CODING-v1,P-CODING-v1/format_failure_rate/dataset-metric-conditions-v1,applicable,source_grounded_thematic_coding__format_failure_rate,none,,,Items still unparsable after the fixed retry policy / attempted items.,All scheduled methods; each metric must satisfy its artifact prerequisites.,Requires completed validated artifacts described by the metric register.,specified_not_yet_validated_for_server
dreaddit,active_time,D-STRESS-v1,D-STRESS-v1/active_time/dataset-metric-conditions-v1,applicable,binary_stress__active_time,released_stress_labels,2,stress=1,"Wall time spent on preparation, adaptation/search, prediction, judging and retries; sum nonoverlapping phase intervals. Separate cold-start setup.",All scheduled methods; each metric must satisfy its artifact prerequisites.,Requires completed validated artifacts described by the metric register.,specified_not_yet_validated_for_server
goemotions,active_time,G-EMOTION28-v1,G-EMOTION28-v1/active_time/dataset-metric-conditions-v1,applicable,multilabel_emotion__active_time,released_emotion_label_sets,28,,"Wall time spent on preparation, adaptation/search, prediction, judging and retries; sum nonoverlapping phase intervals. Separate cold-start setup.",All scheduled methods; each metric must satisfy its artifact prerequisites.,Requires completed validated artifacts described by the metric register.,specified_not_yet_validated_for_server
cache,active_time,C-CODING-v1,C-CODING-v1/active_time/dataset-metric-conditions-v1,applicable,source_grounded_thematic_coding__active_time,none,,,"Wall time spent on preparation, adaptation/search, prediction, judging and retries; sum nonoverlapping phase intervals. Separate cold-start setup.",All scheduled methods; each metric must satisfy its artifact prerequisites.,Requires completed validated artifacts described by the metric register.,specified_not_yet_validated_for_server
parlamint_gb,active_time,P-CODING-v1,P-CODING-v1/active_time/dataset-metric-conditions-v1,applicable,source_grounded_thematic_coding__active_time,none,,,"Wall time spent on preparation, adaptation/search, prediction, judging and retries; sum nonoverlapping phase intervals. Separate cold-start setup.",All scheduled methods; each metric must satisfy its artifact prerequisites.,Requires completed validated artifacts described by the metric register.,specified_not_yet_validated_for_server
dreaddit,elapsed_pause,D-STRESS-v1,D-STRESS-v1/elapsed_pause/dataset-metric-conditions-v1,applicable,binary_stress__elapsed_pause,released_stress_labels,2,stress=1,"End-start elapsed time plus separately measured user-pause, infrastructure-idle and active intervals.",All scheduled methods; each metric must satisfy its artifact prerequisites.,Requires completed validated artifacts described by the metric register.,specified_not_yet_validated_for_server
goemotions,elapsed_pause,G-EMOTION28-v1,G-EMOTION28-v1/elapsed_pause/dataset-metric-conditions-v1,applicable,multilabel_emotion__elapsed_pause,released_emotion_label_sets,28,,"End-start elapsed time plus separately measured user-pause, infrastructure-idle and active intervals.",All scheduled methods; each metric must satisfy its artifact prerequisites.,Requires completed validated artifacts described by the metric register.,specified_not_yet_validated_for_server
cache,elapsed_pause,C-CODING-v1,C-CODING-v1/elapsed_pause/dataset-metric-conditions-v1,applicable,source_grounded_thematic_coding__elapsed_pause,none,,,"End-start elapsed time plus separately measured user-pause, infrastructure-idle and active intervals.",All scheduled methods; each metric must satisfy its artifact prerequisites.,Requires completed validated artifacts described by the metric register.,specified_not_yet_validated_for_server
parlamint_gb,elapsed_pause,P-CODING-v1,P-CODING-v1/elapsed_pause/dataset-metric-conditions-v1,applicable,source_grounded_thematic_coding__elapsed_pause,none,,,"End-start elapsed time plus separately measured user-pause, infrastructure-idle and active intervals.",All scheduled methods; each metric must satisfy its artifact prerequisites.,Requires completed validated artifacts described by the metric register.,specified_not_yet_validated_for_server
dreaddit,stage_latency,D-STRESS-v1,D-STRESS-v1/stage_latency/dataset-metric-conditions-v1,applicable,binary_stress__stage_latency,released_stress_labels,2,stress=1,"Separate generator, reflector, curator, optimizer and judge latencies; completed versus failed attempts separately.",All scheduled methods; each metric must satisfy its artifact prerequisites.,Requires completed validated artifacts described by the metric register.,specified_not_yet_validated_for_server
goemotions,stage_latency,G-EMOTION28-v1,G-EMOTION28-v1/stage_latency/dataset-metric-conditions-v1,applicable,multilabel_emotion__stage_latency,released_emotion_label_sets,28,,"Separate generator, reflector, curator, optimizer and judge latencies; completed versus failed attempts separately.",All scheduled methods; each metric must satisfy its artifact prerequisites.,Requires completed validated artifacts described by the metric register.,specified_not_yet_validated_for_server
cache,stage_latency,C-CODING-v1,C-CODING-v1/stage_latency/dataset-metric-conditions-v1,applicable,source_grounded_thematic_coding__stage_latency,none,,,"Separate generator, reflector, curator, optimizer and judge latencies; completed versus failed attempts separately.",All scheduled methods; each metric must satisfy its artifact prerequisites.,Requires completed validated artifacts described by the metric register.,specified_not_yet_validated_for_server
parlamint_gb,stage_latency,P-CODING-v1,P-CODING-v1/stage_latency/dataset-metric-conditions-v1,applicable,source_grounded_thematic_coding__stage_latency,none,,,"Separate generator, reflector, curator, optimizer and judge latencies; completed versus failed attempts separately.",All scheduled methods; each metric must satisfy its artifact prerequisites.,Requires completed validated artifacts described by the metric register.,specified_not_yet_validated_for_server
dreaddit,online_step_latency,D-STRESS-v1,D-STRESS-v1/online_step_latency/dataset-metric-conditions-v1,applicable,binary_stress__online_step_latency,released_stress_labels,2,stress=1,Time from beginning prediction to committed memory update; include its retries; report mean/p50/p95.,Online DC/ACE only; pre-update predictions and saved order.,Requires completed validated artifacts described by the metric register.,specified_not_yet_validated_for_server
goemotions,online_step_latency,G-EMOTION28-v1,G-EMOTION28-v1/online_step_latency/dataset-metric-conditions-v1,applicable,multilabel_emotion__online_step_latency,released_emotion_label_sets,28,,Time from beginning prediction to committed memory update; include its retries; report mean/p50/p95.,Online DC/ACE only; pre-update predictions and saved order.,Requires completed validated artifacts described by the metric register.,specified_not_yet_validated_for_server
cache,online_step_latency,C-CODING-v1,C-CODING-v1/online_step_latency/dataset-metric-conditions-v1,applicable,source_grounded_thematic_coding__online_step_latency,none,,,Time from beginning prediction to committed memory update; include its retries; report mean/p50/p95.,Online DC/ACE only; pre-update predictions and saved order.,Requires completed validated artifacts described by the metric register.,specified_not_yet_validated_for_server
parlamint_gb,online_step_latency,P-CODING-v1,P-CODING-v1/online_step_latency/dataset-metric-conditions-v1,applicable,source_grounded_thematic_coding__online_step_latency,none,,,Time from beginning prediction to committed memory update; include its retries; report mean/p50/p95.,Online DC/ACE only; pre-update predictions and saved order.,Requires completed validated artifacts described by the metric register.,specified_not_yet_validated_for_server
dreaddit,throughput,D-STRESS-v1,D-STRESS-v1/throughput/dataset-metric-conditions-v1,applicable,binary_stress__throughput,released_stress_labels,2,stress=1,Completed valid evaluation items / active prediction wall time; separate token throughput and batch profile.,All scheduled methods; each metric must satisfy its artifact prerequisites.,Requires completed validated artifacts described by the metric register.,specified_not_yet_validated_for_server
goemotions,throughput,G-EMOTION28-v1,G-EMOTION28-v1/throughput/dataset-metric-conditions-v1,applicable,multilabel_emotion__throughput,released_emotion_label_sets,28,,Completed valid evaluation items / active prediction wall time; separate token throughput and batch profile.,All scheduled methods; each metric must satisfy its artifact prerequisites.,Requires completed validated artifacts described by the metric register.,specified_not_yet_validated_for_server
cache,throughput,C-CODING-v1,C-CODING-v1/throughput/dataset-metric-conditions-v1,applicable,source_grounded_thematic_coding__throughput,none,,,Completed valid evaluation items / active prediction wall time; separate token throughput and batch profile.,All scheduled methods; each metric must satisfy its artifact prerequisites.,Requires completed validated artifacts described by the metric register.,specified_not_yet_validated_for_server
parlamint_gb,throughput,P-CODING-v1,P-CODING-v1/throughput/dataset-metric-conditions-v1,applicable,source_grounded_thematic_coding__throughput,none,,,Completed valid evaluation items / active prediction wall time; separate token throughput and batch profile.,All scheduled methods; each metric must satisfy its artifact prerequisites.,Requires completed validated artifacts described by the metric register.,specified_not_yet_validated_for_server
dreaddit,tokens,D-STRESS-v1,D-STRESS-v1/tokens/dataset-metric-conditions-v1,applicable,binary_stress__tokens,released_stress_labels,2,stress=1,"Totals and per-item mean/p50/p95 by role, with native tokenizer and missing-usage counters.",All scheduled methods; each metric must satisfy its artifact prerequisites.,Requires completed validated artifacts described by the metric register.,specified_not_yet_validated_for_server
goemotions,tokens,G-EMOTION28-v1,G-EMOTION28-v1/tokens/dataset-metric-conditions-v1,applicable,multilabel_emotion__tokens,released_emotion_label_sets,28,,"Totals and per-item mean/p50/p95 by role, with native tokenizer and missing-usage counters.",All scheduled methods; each metric must satisfy its artifact prerequisites.,Requires completed validated artifacts described by the metric register.,specified_not_yet_validated_for_server
cache,tokens,C-CODING-v1,C-CODING-v1/tokens/dataset-metric-conditions-v1,applicable,source_grounded_thematic_coding__tokens,none,,,"Totals and per-item mean/p50/p95 by role, with native tokenizer and missing-usage counters.",All scheduled methods; each metric must satisfy its artifact prerequisites.,Requires completed validated artifacts described by the metric register.,specified_not_yet_validated_for_server
parlamint_gb,tokens,P-CODING-v1,P-CODING-v1/tokens/dataset-metric-conditions-v1,applicable,source_grounded_thematic_coding__tokens,none,,,"Totals and per-item mean/p50/p95 by role, with native tokenizer and missing-usage counters.",All scheduled methods; each metric must satisfy its artifact prerequisites.,Requires completed validated artifacts described by the metric register.,specified_not_yet_validated_for_server
dreaddit,calls,D-STRESS-v1,D-STRESS-v1/calls/dataset-metric-conditions-v1,applicable,binary_stress__calls,released_stress_labels,2,stress=1,"Separate inference calls, optimizer metric evaluations, retries, and cache hits; do not equate them.",All scheduled methods; each metric must satisfy its artifact prerequisites.,Requires completed validated artifacts described by the metric register.,specified_not_yet_validated_for_server
goemotions,calls,G-EMOTION28-v1,G-EMOTION28-v1/calls/dataset-metric-conditions-v1,applicable,multilabel_emotion__calls,released_emotion_label_sets,28,,"Separate inference calls, optimizer metric evaluations, retries, and cache hits; do not equate them.",All scheduled methods; each metric must satisfy its artifact prerequisites.,Requires completed validated artifacts described by the metric register.,specified_not_yet_validated_for_server
cache,calls,C-CODING-v1,C-CODING-v1/calls/dataset-metric-conditions-v1,applicable,source_grounded_thematic_coding__calls,none,,,"Separate inference calls, optimizer metric evaluations, retries, and cache hits; do not equate them.",All scheduled methods; each metric must satisfy its artifact prerequisites.,Requires completed validated artifacts described by the metric register.,specified_not_yet_validated_for_server
parlamint_gb,calls,P-CODING-v1,P-CODING-v1/calls/dataset-metric-conditions-v1,applicable,source_grounded_thematic_coding__calls,none,,,"Separate inference calls, optimizer metric evaluations, retries, and cache hits; do not equate them.",All scheduled methods; each metric must satisfy its artifact prerequisites.,Requires completed validated artifacts described by the metric register.,specified_not_yet_validated_for_server
dreaddit,discarded_time,D-STRESS-v1,D-STRESS-v1/discarded_time/dataset-metric-conditions-v1,applicable,binary_stress__discarded_time,released_stress_labels,2,stress=1,"Sum measured duration of canceled, truncated or otherwise unusable calls; distinguish successful fallback calls and unknown cancellation duration.",All scheduled methods; each metric must satisfy its artifact prerequisites.,Requires completed validated artifacts described by the metric register.,specified_not_yet_validated_for_server
goemotions,discarded_time,G-EMOTION28-v1,G-EMOTION28-v1/discarded_time/dataset-metric-conditions-v1,applicable,multilabel_emotion__discarded_time,released_emotion_label_sets,28,,"Sum measured duration of canceled, truncated or otherwise unusable calls; distinguish successful fallback calls and unknown cancellation duration.",All scheduled methods; each metric must satisfy its artifact prerequisites.,Requires completed validated artifacts described by the metric register.,specified_not_yet_validated_for_server
cache,discarded_time,C-CODING-v1,C-CODING-v1/discarded_time/dataset-metric-conditions-v1,applicable,source_grounded_thematic_coding__discarded_time,none,,,"Sum measured duration of canceled, truncated or otherwise unusable calls; distinguish successful fallback calls and unknown cancellation duration.",All scheduled methods; each metric must satisfy its artifact prerequisites.,Requires completed validated artifacts described by the metric register.,specified_not_yet_validated_for_server
parlamint_gb,discarded_time,P-CODING-v1,P-CODING-v1/discarded_time/dataset-metric-conditions-v1,applicable,source_grounded_thematic_coding__discarded_time,none,,,"Sum measured duration of canceled, truncated or otherwise unusable calls; distinguish successful fallback calls and unknown cancellation duration.",All scheduled methods; each metric must satisfy its artifact prerequisites.,Requires completed validated artifacts described by the metric register.,specified_not_yet_validated_for_server
dreaddit,peak_vram,D-STRESS-v1,D-STRESS-v1/peak_vram/dataset-metric-conditions-v1,conditional,binary_stress__peak_vram,released_stress_labels,2,stress=1,"Sample GPU memory at 1 second and store sampling interval; include model and KV cache, not only weight file size.",All scheduled methods; each metric must satisfy its artifact prerequisites.,Stage logs / backend token usage / GPU telemetry or billing as appropriate,specified_not_yet_validated_for_server
goemotions,peak_vram,G-EMOTION28-v1,G-EMOTION28-v1/peak_vram/dataset-metric-conditions-v1,conditional,multilabel_emotion__peak_vram,released_emotion_label_sets,28,,"Sample GPU memory at 1 second and store sampling interval; include model and KV cache, not only weight file size.",All scheduled methods; each metric must satisfy its artifact prerequisites.,Stage logs / backend token usage / GPU telemetry or billing as appropriate,specified_not_yet_validated_for_server
cache,peak_vram,C-CODING-v1,C-CODING-v1/peak_vram/dataset-metric-conditions-v1,conditional,source_grounded_thematic_coding__peak_vram,none,,,"Sample GPU memory at 1 second and store sampling interval; include model and KV cache, not only weight file size.",All scheduled methods; each metric must satisfy its artifact prerequisites.,Stage logs / backend token usage / GPU telemetry or billing as appropriate,specified_not_yet_validated_for_server
parlamint_gb,peak_vram,P-CODING-v1,P-CODING-v1/peak_vram/dataset-metric-conditions-v1,conditional,source_grounded_thematic_coding__peak_vram,none,,,"Sample GPU memory at 1 second and store sampling interval; include model and KV cache, not only weight file size.",All scheduled methods; each metric must satisfy its artifact prerequisites.,Stage logs / backend token usage / GPU telemetry or billing as appropriate,specified_not_yet_validated_for_server
dreaddit,energy,D-STRESS-v1,D-STRESS-v1/energy/dataset-metric-conditions-v1,conditional,binary_stress__energy,released_stress_labels,2,stress=1,"Integrate measured GPU power over active intervals; report sampling/missing data, excludes unmeasured host energy.",All scheduled methods; each metric must satisfy its artifact prerequisites.,Stage logs / backend token usage / GPU telemetry or billing as appropriate,specified_not_yet_validated_for_server
goemotions,energy,G-EMOTION28-v1,G-EMOTION28-v1/energy/dataset-metric-conditions-v1,conditional,multilabel_emotion__energy,released_emotion_label_sets,28,,"Integrate measured GPU power over active intervals; report sampling/missing data, excludes unmeasured host energy.",All scheduled methods; each metric must satisfy its artifact prerequisites.,Stage logs / backend token usage / GPU telemetry or billing as appropriate,specified_not_yet_validated_for_server
cache,energy,C-CODING-v1,C-CODING-v1/energy/dataset-metric-conditions-v1,conditional,source_grounded_thematic_coding__energy,none,,,"Integrate measured GPU power over active intervals; report sampling/missing data, excludes unmeasured host energy.",All scheduled methods; each metric must satisfy its artifact prerequisites.,Stage logs / backend token usage / GPU telemetry or billing as appropriate,specified_not_yet_validated_for_server
parlamint_gb,energy,P-CODING-v1,P-CODING-v1/energy/dataset-metric-conditions-v1,conditional,source_grounded_thematic_coding__energy,none,,,"Integrate measured GPU power over active intervals; report sampling/missing data, excludes unmeasured host energy.",All scheduled methods; each metric must satisfy its artifact prerequisites.,Stage logs / backend token usage / GPU telemetry or billing as appropriate,specified_not_yet_validated_for_server
dreaddit,monetary_cost,D-STRESS-v1,D-STRESS-v1/monetary_cost/dataset-metric-conditions-v1,conditional,binary_stress__monetary_cost,released_stress_labels,2,stress=1,"Actual billed/API cost or rate-card estimate with explicit tariff, date and active allocation; no invented local dollar costs.",All scheduled methods; each metric must satisfy its artifact prerequisites.,Stage logs / backend token usage / GPU telemetry or billing as appropriate,specified_not_yet_validated_for_server
goemotions,monetary_cost,G-EMOTION28-v1,G-EMOTION28-v1/monetary_cost/dataset-metric-conditions-v1,conditional,multilabel_emotion__monetary_cost,released_emotion_label_sets,28,,"Actual billed/API cost or rate-card estimate with explicit tariff, date and active allocation; no invented local dollar costs.",All scheduled methods; each metric must satisfy its artifact prerequisites.,Stage logs / backend token usage / GPU telemetry or billing as appropriate,specified_not_yet_validated_for_server
cache,monetary_cost,C-CODING-v1,C-CODING-v1/monetary_cost/dataset-metric-conditions-v1,conditional,source_grounded_thematic_coding__monetary_cost,none,,,"Actual billed/API cost or rate-card estimate with explicit tariff, date and active allocation; no invented local dollar costs.",All scheduled methods; each metric must satisfy its artifact prerequisites.,Stage logs / backend token usage / GPU telemetry or billing as appropriate,specified_not_yet_validated_for_server
parlamint_gb,monetary_cost,P-CODING-v1,P-CODING-v1/monetary_cost/dataset-metric-conditions-v1,conditional,source_grounded_thematic_coding__monetary_cost,none,,,"Actual billed/API cost or rate-card estimate with explicit tariff, date and active allocation; no invented local dollar costs.",All scheduled methods; each metric must satisfy its artifact prerequisites.,Stage logs / backend token usage / GPU telemetry or billing as appropriate,specified_not_yet_validated_for_server
dreaddit,memory_size,D-STRESS-v1,D-STRESS-v1/memory_size/dataset-metric-conditions-v1,applicable,binary_stress__memory_size,released_stress_labels,2,stress=1,"Before/after each update: tokens, bytes and stable bullet count where supported; p50/max/final plus growth.",All scheduled methods; each metric must satisfy its artifact prerequisites.,Requires completed validated artifacts described by the metric register.,specified_not_yet_validated_for_server
goemotions,memory_size,G-EMOTION28-v1,G-EMOTION28-v1/memory_size/dataset-metric-conditions-v1,applicable,multilabel_emotion__memory_size,released_emotion_label_sets,28,,"Before/after each update: tokens, bytes and stable bullet count where supported; p50/max/final plus growth.",All scheduled methods; each metric must satisfy its artifact prerequisites.,Requires completed validated artifacts described by the metric register.,specified_not_yet_validated_for_server
cache,memory_size,C-CODING-v1,C-CODING-v1/memory_size/dataset-metric-conditions-v1,applicable,source_grounded_thematic_coding__memory_size,none,,,"Before/after each update: tokens, bytes and stable bullet count where supported; p50/max/final plus growth.",All scheduled methods; each metric must satisfy its artifact prerequisites.,Requires completed validated artifacts described by the metric register.,specified_not_yet_validated_for_server
parlamint_gb,memory_size,P-CODING-v1,P-CODING-v1/memory_size/dataset-metric-conditions-v1,applicable,source_grounded_thematic_coding__memory_size,none,,,"Before/after each update: tokens, bytes and stable bullet count where supported; p50/max/final plus growth.",All scheduled methods; each metric must satisfy its artifact prerequisites.,Requires completed validated artifacts described by the metric register.,specified_not_yet_validated_for_server
dreaddit,memory_operations,D-STRESS-v1,D-STRESS-v1/memory_operations/dataset-metric-conditions-v1,applicable,binary_stress__memory_operations,released_stress_labels,2,stress=1,Count committed ACE delta operations by type; for DC report whole-cheatsheet revisions without inventing ACE bullet semantics.,Offline ACE or online DC/ACE only; operation semantics differ for ACE delta versus DC rewrite.,Requires completed validated artifacts described by the metric register.,specified_not_yet_validated_for_server
goemotions,memory_operations,G-EMOTION28-v1,G-EMOTION28-v1/memory_operations/dataset-metric-conditions-v1,applicable,multilabel_emotion__memory_operations,released_emotion_label_sets,28,,Count committed ACE delta operations by type; for DC report whole-cheatsheet revisions without inventing ACE bullet semantics.,Offline ACE or online DC/ACE only; operation semantics differ for ACE delta versus DC rewrite.,Requires completed validated artifacts described by the metric register.,specified_not_yet_validated_for_server
cache,memory_operations,C-CODING-v1,C-CODING-v1/memory_operations/dataset-metric-conditions-v1,applicable,source_grounded_thematic_coding__memory_operations,none,,,Count committed ACE delta operations by type; for DC report whole-cheatsheet revisions without inventing ACE bullet semantics.,Offline ACE or online DC/ACE only; operation semantics differ for ACE delta versus DC rewrite.,Requires completed validated artifacts described by the metric register.,specified_not_yet_validated_for_server
parlamint_gb,memory_operations,P-CODING-v1,P-CODING-v1/memory_operations/dataset-metric-conditions-v1,applicable,source_grounded_thematic_coding__memory_operations,none,,,Count committed ACE delta operations by type; for DC report whole-cheatsheet revisions without inventing ACE bullet semantics.,Offline ACE or online DC/ACE only; operation semantics differ for ACE delta versus DC rewrite.,Requires completed validated artifacts described by the metric register.,specified_not_yet_validated_for_server
dreaddit,memory_rejections,D-STRESS-v1,D-STRESS-v1/memory_rejections/dataset-metric-conditions-v1,applicable,binary_stress__memory_rejections,released_stress_labels,2,stress=1,Rejected over-budget or invalid updates / attempted updates; retained-old-memory events tracked separately.,Offline ACE or online DC/ACE only; operation semantics differ for ACE delta versus DC rewrite.,Requires completed validated artifacts described by the metric register.,specified_not_yet_validated_for_server
goemotions,memory_rejections,G-EMOTION28-v1,G-EMOTION28-v1/memory_rejections/dataset-metric-conditions-v1,applicable,multilabel_emotion__memory_rejections,released_emotion_label_sets,28,,Rejected over-budget or invalid updates / attempted updates; retained-old-memory events tracked separately.,Offline ACE or online DC/ACE only; operation semantics differ for ACE delta versus DC rewrite.,Requires completed validated artifacts described by the metric register.,specified_not_yet_validated_for_server
cache,memory_rejections,C-CODING-v1,C-CODING-v1/memory_rejections/dataset-metric-conditions-v1,applicable,source_grounded_thematic_coding__memory_rejections,none,,,Rejected over-budget or invalid updates / attempted updates; retained-old-memory events tracked separately.,Offline ACE or online DC/ACE only; operation semantics differ for ACE delta versus DC rewrite.,Requires completed validated artifacts described by the metric register.,specified_not_yet_validated_for_server
parlamint_gb,memory_rejections,P-CODING-v1,P-CODING-v1/memory_rejections/dataset-metric-conditions-v1,applicable,source_grounded_thematic_coding__memory_rejections,none,,,Rejected over-budget or invalid updates / attempted updates; retained-old-memory events tracked separately.,Offline ACE or online DC/ACE only; operation semantics differ for ACE delta versus DC rewrite.,Requires completed validated artifacts described by the metric register.,specified_not_yet_validated_for_server
dreaddit,bullet_use,D-STRESS-v1,D-STRESS-v1/bullet_use/dataset-metric-conditions-v1,applicable,binary_stress__bullet_use,released_stress_labels,2,stress=1,Valid bullet IDs cited by predictions / total cited IDs; also distinct cited bullets / existing bullets. Self-reported references are not causal utilization.,ACE with stable bullet IDs only; DC/static methods N/A.,Requires completed validated artifacts described by the metric register.,specified_not_yet_validated_for_server
goemotions,bullet_use,G-EMOTION28-v1,G-EMOTION28-v1/bullet_use/dataset-metric-conditions-v1,applicable,multilabel_emotion__bullet_use,released_emotion_label_sets,28,,Valid bullet IDs cited by predictions / total cited IDs; also distinct cited bullets / existing bullets. Self-reported references are not causal utilization.,ACE with stable bullet IDs only; DC/static methods N/A.,Requires completed validated artifacts described by the metric register.,specified_not_yet_validated_for_server
cache,bullet_use,C-CODING-v1,C-CODING-v1/bullet_use/dataset-metric-conditions-v1,applicable,source_grounded_thematic_coding__bullet_use,none,,,Valid bullet IDs cited by predictions / total cited IDs; also distinct cited bullets / existing bullets. Self-reported references are not causal utilization.,ACE with stable bullet IDs only; DC/static methods N/A.,Requires completed validated artifacts described by the metric register.,specified_not_yet_validated_for_server
parlamint_gb,bullet_use,P-CODING-v1,P-CODING-v1/bullet_use/dataset-metric-conditions-v1,applicable,source_grounded_thematic_coding__bullet_use,none,,,Valid bullet IDs cited by predictions / total cited IDs; also distinct cited bullets / existing bullets. Self-reported references are not causal utilization.,ACE with stable bullet IDs only; DC/static methods N/A.,Requires completed validated artifacts described by the metric register.,specified_not_yet_validated_for_server
dreaddit,update_completion,D-STRESS-v1,D-STRESS-v1/update_completion/dataset-metric-conditions-v1,applicable,binary_stress__update_completion,released_stress_labels,2,stress=1,"Committed required online updates / 100, or offline adaptation updates / 100. No-op valid updates count but are identified.",Offline ACE or online DC/ACE only; operation semantics differ for ACE delta versus DC rewrite.,Requires completed validated artifacts described by the metric register.,specified_not_yet_validated_for_server
goemotions,update_completion,G-EMOTION28-v1,G-EMOTION28-v1/update_completion/dataset-metric-conditions-v1,applicable,multilabel_emotion__update_completion,released_emotion_label_sets,28,,"Committed required online updates / 100, or offline adaptation updates / 100. No-op valid updates count but are identified.",Offline ACE or online DC/ACE only; operation semantics differ for ACE delta versus DC rewrite.,Requires completed validated artifacts described by the metric register.,specified_not_yet_validated_for_server
cache,update_completion,C-CODING-v1,C-CODING-v1/update_completion/dataset-metric-conditions-v1,applicable,source_grounded_thematic_coding__update_completion,none,,,"Committed required online updates / 100, or offline adaptation updates / 100. No-op valid updates count but are identified.",Offline ACE or online DC/ACE only; operation semantics differ for ACE delta versus DC rewrite.,Requires completed validated artifacts described by the metric register.,specified_not_yet_validated_for_server
parlamint_gb,update_completion,P-CODING-v1,P-CODING-v1/update_completion/dataset-metric-conditions-v1,applicable,source_grounded_thematic_coding__update_completion,none,,,"Committed required online updates / 100, or offline adaptation updates / 100. No-op valid updates count but are identified.",Offline ACE or online DC/ACE only; operation semantics differ for ACE delta versus DC rewrite.,Requires completed validated artifacts described by the metric register.,specified_not_yet_validated_for_server
dreaddit,learning_curve,D-STRESS-v1,D-STRESS-v1/learning_curve/dataset-metric-conditions-v1,applicable,binary_stress__learning_curve,released_stress_labels,2,stress=1,"Compute applicable task and grounding metrics at prefixes 20,40,60,80,100 and disjoint blocks; include block N and GT support.",Online DC/ACE only; pre-update predictions and saved order.,Requires completed validated artifacts described by the metric register.,specified_not_yet_validated_for_server
goemotions,learning_curve,G-EMOTION28-v1,G-EMOTION28-v1/learning_curve/dataset-metric-conditions-v1,applicable,multilabel_emotion__learning_curve,released_emotion_label_sets,28,,"Compute applicable task and grounding metrics at prefixes 20,40,60,80,100 and disjoint blocks; include block N and GT support.",Online DC/ACE only; pre-update predictions and saved order.,Requires completed validated artifacts described by the metric register.,specified_not_yet_validated_for_server
cache,learning_curve,C-CODING-v1,C-CODING-v1/learning_curve/dataset-metric-conditions-v1,applicable,source_grounded_thematic_coding__learning_curve,none,,,"Compute applicable task and grounding metrics at prefixes 20,40,60,80,100 and disjoint blocks; include block N and GT support.",Online DC/ACE only; pre-update predictions and saved order.,Requires completed validated artifacts described by the metric register.,specified_not_yet_validated_for_server
parlamint_gb,learning_curve,P-CODING-v1,P-CODING-v1/learning_curve/dataset-metric-conditions-v1,applicable,source_grounded_thematic_coding__learning_curve,none,,,"Compute applicable task and grounding metrics at prefixes 20,40,60,80,100 and disjoint blocks; include block N and GT support.",Online DC/ACE only; pre-update predictions and saved order.,Requires completed validated artifacts described by the metric register.,specified_not_yet_validated_for_server
dreaddit,matched_base_delta,D-STRESS-v1,D-STRESS-v1/matched_base_delta/dataset-metric-conditions-v1,applicable,binary_stress__matched_base_delta,released_stress_labels,2,stress=1,Same-backbone/seed/item matched difference for applicable metric; percentages expressed in percentage points.,All scheduled methods; each metric must satisfy its artifact prerequisites.,Requires completed validated artifacts described by the metric register.,specified_not_yet_validated_for_server
goemotions,matched_base_delta,G-EMOTION28-v1,G-EMOTION28-v1/matched_base_delta/dataset-metric-conditions-v1,applicable,multilabel_emotion__matched_base_delta,released_emotion_label_sets,28,,Same-backbone/seed/item matched difference for applicable metric; percentages expressed in percentage points.,All scheduled methods; each metric must satisfy its artifact prerequisites.,Requires completed validated artifacts described by the metric register.,specified_not_yet_validated_for_server
cache,matched_base_delta,C-CODING-v1,C-CODING-v1/matched_base_delta/dataset-metric-conditions-v1,applicable,source_grounded_thematic_coding__matched_base_delta,none,,,Same-backbone/seed/item matched difference for applicable metric; percentages expressed in percentage points.,All scheduled methods; each metric must satisfy its artifact prerequisites.,Requires completed validated artifacts described by the metric register.,specified_not_yet_validated_for_server
parlamint_gb,matched_base_delta,P-CODING-v1,P-CODING-v1/matched_base_delta/dataset-metric-conditions-v1,applicable,source_grounded_thematic_coding__matched_base_delta,none,,,Same-backbone/seed/item matched difference for applicable metric; percentages expressed in percentage points.,All scheduled methods; each metric must satisfy its artifact prerequisites.,Requires completed validated artifacts described by the metric register.,specified_not_yet_validated_for_server
dreaddit,seed_variation,D-STRESS-v1,D-STRESS-v1/seed_variation/dataset-metric-conditions-v1,applicable,binary_stress__seed_variation,released_stress_labels,2,stress=1,"Per-seed scores and mean/sample SD across seeds 42,43,44; never select the best seed or claim N=300 unique examples.",All scheduled methods; each metric must satisfy its artifact prerequisites.,Requires completed validated artifacts described by the metric register.,specified_not_yet_validated_for_server
goemotions,seed_variation,G-EMOTION28-v1,G-EMOTION28-v1/seed_variation/dataset-metric-conditions-v1,applicable,multilabel_emotion__seed_variation,released_emotion_label_sets,28,,"Per-seed scores and mean/sample SD across seeds 42,43,44; never select the best seed or claim N=300 unique examples.",All scheduled methods; each metric must satisfy its artifact prerequisites.,Requires completed validated artifacts described by the metric register.,specified_not_yet_validated_for_server
cache,seed_variation,C-CODING-v1,C-CODING-v1/seed_variation/dataset-metric-conditions-v1,applicable,source_grounded_thematic_coding__seed_variation,none,,,"Per-seed scores and mean/sample SD across seeds 42,43,44; never select the best seed or claim N=300 unique examples.",All scheduled methods; each metric must satisfy its artifact prerequisites.,Requires completed validated artifacts described by the metric register.,specified_not_yet_validated_for_server
parlamint_gb,seed_variation,P-CODING-v1,P-CODING-v1/seed_variation/dataset-metric-conditions-v1,applicable,source_grounded_thematic_coding__seed_variation,none,,,"Per-seed scores and mean/sample SD across seeds 42,43,44; never select the best seed or claim N=300 unique examples.",All scheduled methods; each metric must satisfy its artifact prerequisites.,Requires completed validated artifacts described by the metric register.,specified_not_yet_validated_for_server
dreaddit,paired_ci,D-STRESS-v1,D-STRESS-v1/paired_ci/dataset-metric-conditions-v1,applicable,binary_stress__paired_ci,released_stress_labels,2,stress=1,"10,000 offline paired group/item bootstrap replicates, seed 20260914; online dependency caveats follow guideline.",Eligible offline paired analysis only under fixed source grouping; online algorithm inference not IID.,Requires completed validated artifacts described by the metric register.,specified_not_yet_validated_for_server
goemotions,paired_ci,G-EMOTION28-v1,G-EMOTION28-v1/paired_ci/dataset-metric-conditions-v1,applicable,multilabel_emotion__paired_ci,released_emotion_label_sets,28,,"10,000 offline paired group/item bootstrap replicates, seed 20260914; online dependency caveats follow guideline.",Eligible offline paired analysis only under fixed source grouping; online algorithm inference not IID.,Requires completed validated artifacts described by the metric register.,specified_not_yet_validated_for_server
cache,paired_ci,C-CODING-v1,C-CODING-v1/paired_ci/dataset-metric-conditions-v1,applicable,source_grounded_thematic_coding__paired_ci,none,,,"10,000 offline paired group/item bootstrap replicates, seed 20260914; online dependency caveats follow guideline.",Eligible offline paired analysis only under fixed source grouping; online algorithm inference not IID.,Requires completed validated artifacts described by the metric register.,specified_not_yet_validated_for_server
parlamint_gb,paired_ci,P-CODING-v1,P-CODING-v1/paired_ci/dataset-metric-conditions-v1,applicable,source_grounded_thematic_coding__paired_ci,none,,,"10,000 offline paired group/item bootstrap replicates, seed 20260914; online dependency caveats follow guideline.",Eligible offline paired analysis only under fixed source grouping; online algorithm inference not IID.,Requires completed validated artifacts described by the metric register.,specified_not_yet_validated_for_server
dreaddit,normal_tgc,D-STRESS-v1,D-STRESS-v1/normal_tgc/dataset-metric-conditions-v1,not_applicable,not_applicable,released_stress_labels,2,stress=1,N/A,All scheduled methods; each metric must satisfy its artifact prerequisites.,"No AppWorld executable tasks, scenarios or official splits.",specified_not_yet_validated_for_server
goemotions,normal_tgc,G-EMOTION28-v1,G-EMOTION28-v1/normal_tgc/dataset-metric-conditions-v1,not_applicable,not_applicable,released_emotion_label_sets,28,,N/A,All scheduled methods; each metric must satisfy its artifact prerequisites.,"No AppWorld executable tasks, scenarios or official splits.",specified_not_yet_validated_for_server
cache,normal_tgc,C-CODING-v1,C-CODING-v1/normal_tgc/dataset-metric-conditions-v1,not_applicable,not_applicable,none,,,N/A,All scheduled methods; each metric must satisfy its artifact prerequisites.,"No AppWorld executable tasks, scenarios or official splits.",specified_not_yet_validated_for_server
parlamint_gb,normal_tgc,P-CODING-v1,P-CODING-v1/normal_tgc/dataset-metric-conditions-v1,not_applicable,not_applicable,none,,,N/A,All scheduled methods; each metric must satisfy its artifact prerequisites.,"No AppWorld executable tasks, scenarios or official splits.",specified_not_yet_validated_for_server
dreaddit,normal_sgc,D-STRESS-v1,D-STRESS-v1/normal_sgc/dataset-metric-conditions-v1,not_applicable,not_applicable,released_stress_labels,2,stress=1,N/A,All scheduled methods; each metric must satisfy its artifact prerequisites.,"No AppWorld executable tasks, scenarios or official splits.",specified_not_yet_validated_for_server
goemotions,normal_sgc,G-EMOTION28-v1,G-EMOTION28-v1/normal_sgc/dataset-metric-conditions-v1,not_applicable,not_applicable,released_emotion_label_sets,28,,N/A,All scheduled methods; each metric must satisfy its artifact prerequisites.,"No AppWorld executable tasks, scenarios or official splits.",specified_not_yet_validated_for_server
cache,normal_sgc,C-CODING-v1,C-CODING-v1/normal_sgc/dataset-metric-conditions-v1,not_applicable,not_applicable,none,,,N/A,All scheduled methods; each metric must satisfy its artifact prerequisites.,"No AppWorld executable tasks, scenarios or official splits.",specified_not_yet_validated_for_server
parlamint_gb,normal_sgc,P-CODING-v1,P-CODING-v1/normal_sgc/dataset-metric-conditions-v1,not_applicable,not_applicable,none,,,N/A,All scheduled methods; each metric must satisfy its artifact prerequisites.,"No AppWorld executable tasks, scenarios or official splits.",specified_not_yet_validated_for_server
dreaddit,challenge_tgc,D-STRESS-v1,D-STRESS-v1/challenge_tgc/dataset-metric-conditions-v1,not_applicable,not_applicable,released_stress_labels,2,stress=1,N/A,All scheduled methods; each metric must satisfy its artifact prerequisites.,"No AppWorld executable tasks, scenarios or official splits.",specified_not_yet_validated_for_server
goemotions,challenge_tgc,G-EMOTION28-v1,G-EMOTION28-v1/challenge_tgc/dataset-metric-conditions-v1,not_applicable,not_applicable,released_emotion_label_sets,28,,N/A,All scheduled methods; each metric must satisfy its artifact prerequisites.,"No AppWorld executable tasks, scenarios or official splits.",specified_not_yet_validated_for_server
cache,challenge_tgc,C-CODING-v1,C-CODING-v1/challenge_tgc/dataset-metric-conditions-v1,not_applicable,not_applicable,none,,,N/A,All scheduled methods; each metric must satisfy its artifact prerequisites.,"No AppWorld executable tasks, scenarios or official splits.",specified_not_yet_validated_for_server
parlamint_gb,challenge_tgc,P-CODING-v1,P-CODING-v1/challenge_tgc/dataset-metric-conditions-v1,not_applicable,not_applicable,none,,,N/A,All scheduled methods; each metric must satisfy its artifact prerequisites.,"No AppWorld executable tasks, scenarios or official splits.",specified_not_yet_validated_for_server
dreaddit,challenge_sgc,D-STRESS-v1,D-STRESS-v1/challenge_sgc/dataset-metric-conditions-v1,not_applicable,not_applicable,released_stress_labels,2,stress=1,N/A,All scheduled methods; each metric must satisfy its artifact prerequisites.,"No AppWorld executable tasks, scenarios or official splits.",specified_not_yet_validated_for_server
goemotions,challenge_sgc,G-EMOTION28-v1,G-EMOTION28-v1/challenge_sgc/dataset-metric-conditions-v1,not_applicable,not_applicable,released_emotion_label_sets,28,,N/A,All scheduled methods; each metric must satisfy its artifact prerequisites.,"No AppWorld executable tasks, scenarios or official splits.",specified_not_yet_validated_for_server
cache,challenge_sgc,C-CODING-v1,C-CODING-v1/challenge_sgc/dataset-metric-conditions-v1,not_applicable,not_applicable,none,,,N/A,All scheduled methods; each metric must satisfy its artifact prerequisites.,"No AppWorld executable tasks, scenarios or official splits.",specified_not_yet_validated_for_server
parlamint_gb,challenge_sgc,P-CODING-v1,P-CODING-v1/challenge_sgc/dataset-metric-conditions-v1,not_applicable,not_applicable,none,,,N/A,All scheduled methods; each metric must satisfy its artifact prerequisites.,"No AppWorld executable tasks, scenarios or official splits.",specified_not_yet_validated_for_server
